tree
version=v4
num_class=1
num_tree_per_iteration=1
label_index=0
max_feature_idx=4
objective=regression
feature_names=is_vip severity_level acceptance_rate time_difference time_consistency_std_dev
feature_infos=[0:1] [0:10] [0.1199339064638871:99.556407083159201] [0:5] [15.060900781800864:119.93583133924344]
tree_sizes=1927 2014 1856 2012 1937 2089 2016 2021 2101 2016 2088 2090 2091 1927 2187 1943 2018 2109 2113 2031 2107 2097 2180 2031 2107 2276 2360 2270 2275 2200 2017 2194 2024 2193 2198 2028 1947 2199 1870 2047 2200 2203 2127 2283 1967 2123 2125 2373 2291 2049 2051 2211 2295 2143 2305 2216 2153 2141 2154 2149 2222 2224 2223 2304 2298 2220 2136 2137 2230 2145 2210 2038 2041 2128 2129 2214 2301 2222 2305 2288 2219 2222 2218 2315 2294 2227 2218 2308 2320 2223 2228 2230 2060 2228 2237 2219 2217 2223 2144 2061 2301 2074 2222 2312 2063 2300 2234 2141 2299 2300 2150 2236 2224 2226 2146 2134 2306 2225 2148 2139 2227 2226 2137 2391 2308 2148 2225 2309 2397 2316 2393 2317 2243 2314 2138 2235 2064 2233 2235 2237 1990 1984 2064 2224 2143 2385 2299 2292 2386 2309 2146 2225 2235 2227 2224 2220 2059 2225 2066 2233 2152 2063 2147 2230 2146 2301 2298 2230 2143

Tree=0
num_leaves=23
num_cat=0
split_feature=0 1 2 2 3 2 1 4 2 4 1 1 1 3 3 1 3 4 4 2 1 4
split_gain=83039.7 21268.4 7822.57 5248.69 2623.32 1805.46 1795.99 1576.63 1324.58 1303.67 1085.05 928.972 755.398 634.451 615.854 572.436 422.439 354.809 274.755 232.237 214.442 139.141
threshold=1.0000000180025095e-35 5.5000000000000009 48.846209280253419 57.118920768949501 2.5000000000000004 87.906686626571044 6.5000000000000009 106.09999061207638 19.786111279129202 70.118697039837016 8.5000000000000018 3.5000000000000004 1.5000000000000002 3.5000000000000004 2.5000000000000004 1.5000000000000002 1.5000000000000002 59.257783666774237 44.289523338559484 17.817019194220727 2.5000000000000004 65.579884216422556
decision_type=2 2 2 2 2 2 2 2 2 2 2 2 2 2 2 2 2 2 2 2 2 2
left_child=1 2 4 7 11 9 -2 8 -3 18 14 20 -11 17 -5 -6 -12 -10 -4 -17 -1 -7
right_child=6 3 5 10 15 21 -8 -9 13 12 16 -13 -14 -15 -16 19 -18 -19 -20 -21 -22 -23
leaf_value=32.845313090801234 35.164969147229804 33.346449390038465 33.588770920261737 33.992475573610278 32.503154960019245 33.738227410465477 35.747743690013884 33.125234124660487 33.943598864078517 32.886681824207301 34.324236533641809 33.33315069229706 33.25105376154184 33.516447768030744 33.677142692506308 32.672947415388542 34.027574854407987 33.6947840612264 33.34426189996578 32.899574874639505 33.056862493908923 33.553953208128611
leaf_weight=25 39 39 20 32 35 20 20 21 23 25 21 23 33 33 30 26 28 38 27 20 23 21
leaf_count=25 39 39 20 32 35 20 20 21 23 25 21 23 33 33 30 26 28 38 27 20 23 21
internal_value=33.5779 33.3909 33.1011 33.7168 32.85 33.3625 35.3625 33.5278 33.5914 33.2526 33.9789 33.0719 33.094 33.6931 33.8399 32.6555 34.1547 33.7886 33.4483 32.7715 32.9467 33.6438
internal_weight=622 563 298 265 152 146 59 154 133 105 111 71 58 94 62 81 49 61 47 46 48 41
internal_count=622 563 298 265 152 146 59 154 133 105 111 71 58 94 62 81 49 61 47 46 48 41
is_linear=0
shrinkage=1


Tree=1
num_leaves=23
num_cat=0
split_feature=0 1 2 2 3 2 2 4 2 4 1 1 1 3 3 1 3 4 2 1 3 4
split_gain=74943.3 19194.8 7059.87 4736.94 2367.54 1661.42 1629.57 1422.9 1195.43 1154.24 1060.86 979.26 838.397 572.592 555.809 516.623 381.251 320.215 209.593 193.534 172.631 115.727
threshold=1.0000000180025095e-35 5.5000000000000009 48.846209280253419 57.118920768949501 2.5000000000000004 69.033229906292334 88.074774253848375 106.09999061207638 19.786111279129202 54.354324933799411 1.5000000000000002 8.5000000000000018 3.5000000000000004 3.5000000000000004 2.5000000000000004 1.5000000000000002 1.5000000000000002 59.257783666774237 17.817019194220727 2.5000000000000004 2.5000000000000004 65.579884216422556
decision_type=2 2 2 2 2 2 2 2 2 2 2 2 2 2 2 2 2 2 2 2 2 2
left_child=1 2 4 7 12 -2 9 8 -3 -4 -11 14 19 17 -5 -6 -13 -10 -17 -1 -12 -8
right_child=5 3 6 11 15 -7 21 -9 13 10 20 16 -14 -15 -16 18 -18 -19 -20 -21 -22 -23
leaf_value=-0.70883116149902348 1.4925093770027162 -0.23275168131177246 -0.051300578962626131 0.38097320450469851 -1.0338813863481795 2.0530265188217167 0.1394374506548047 -0.44290616625831247 0.33454033240028053 -0.64148864448070531 -0.17731089293956759 0.69614612602052239 -0.24538544001786608 -0.071253207912950797 0.08140696734189988 -0.87257854204911467 0.41431752358164103 0.098166266728290597 -0.65728247165679932 -0.50785923500990737 -0.37439463004469875 -0.030656190067529676
leaf_weight=25 39 39 29 32 35 20 20 21 23 32 25 21 23 33 30 26 28 38 20 23 20 20
leaf_count=25 39 39 29 32 35 20 20 21 23 32 25 21 23 33 30 26 28 38 20 23 20 20
internal_value=-0.0128739 -0.190543 -0.465853 0.11905 -0.704368 1.68252 -0.217537 -0.0604218 -2.95162e-05 -0.320151 -0.421407 0.368048 -0.493597 0.0965254 0.236022 -0.889118 0.535101 0.187291 -0.778972 -0.612532 -0.264904 0.0543906
internal_weight=622 563 298 265 152 59 146 154 133 106 77 111 71 94 62 81 49 61 46 48 45 40
internal_count=622 563 298 265 152 59 146 154 133 106 77 111 71 94 62 81 49 61 46 48 45 40
is_linear=0
shrinkage=0.05


Tree=2
num_leaves=21
num_cat=0
split_feature=0 1 2 2 2 3 1 1 4 2 1 3 4 1 3 1 4 4 4 1
split_gain=67636.3 17323.3 6379.34 4275.09 1867.51 1851.65 1648.93 1416.99 1284.17 1078.87 891.503 802.902 774.742 540.813 516.764 507.451 481.569 395.971 289.321 239.675
threshold=1.0000000180025095e-35 5.5000000000000009 41.335204950233511 57.118920768949501 80.073810937348512 2.5000000000000004 5.5000000000000009 1.0000000180025095e-35 106.09999061207638 19.786111279129202 7.5000000000000009 1.5000000000000002 67.413379462440972 2.5000000000000004 3.5000000000000004 2.5000000000000004 75.897526228912525 75.897526228912525 64.353449915299549 2.5000000000000004
decision_type=2 2 2 2 2 2 2 2 2 2 2 2 2 2 2 2 2 2 2 2
left_child=1 2 5 8 7 13 -2 -4 9 -3 17 -12 -9 -1 18 -7 -6 -5 -11 -14
right_child=6 3 4 10 16 15 -8 12 -10 14 11 -13 19 -15 -16 -17 -18 -19 -20 -21
leaf_value=-0.7124019002914429 1.3637642885699419 -0.22111409314406605 -0.71469134286693903 0.3091995888286167 0.10029706409999302 -1.019786908346064 1.8961829699002781 -0.0964157312280602 -0.42076086763824733 0.31313055140587193 0.68517610384867744 0.32458689648069838 -0.53545658349990843 -0.39260639128012537 -0.067690545573096839 -0.75043174359533527 -0.18074995356577417 0.015668769031763077 0.090226361653893389 -0.30883170447445346
leaf_weight=20 33 39 23 27 35 34 26 36 21 24 26 38 20 39 33 36 27 20 37 28
leaf_count=20 33 39 23 27 35 34 26 36 21 24 26 38 20 39 33 36 27 20 37 28
internal_value=-0.0122302 -0.181016 -0.442561 0.113098 -0.240445 -0.707349 1.59839 -0.366965 -0.0574007 -2.80378e-05 0.349645 0.471076 -0.271755 -0.501012 0.0916992 -0.881261 -0.0220944 0.184293 0.177926 -0.403259
internal_weight=622 563 298 265 169 129 59 107 154 133 111 64 84 59 94 70 62 47 61 48
internal_count=622 563 298 265 169 129 59 107 154 133 111 64 84 59 94 70 62 47 61 48
is_linear=0
shrinkage=0.05


Tree=3
num_leaves=23
num_cat=0
split_feature=0 1 2 2 3 2 2 4 4 3 3 1 1 4 2 2 2 3 1 4 4 4
split_gain=61041.8 15634.3 5787.1 3890.66 1942.29 1537.84 1351.15 1350.28 1017.87 870.341 754.256 721.988 685.774 508.898 439.863 428.448 378.342 354.415 345.843 285.564 151.45 99.0802
threshold=1.0000000180025095e-35 5.5000000000000009 48.846209280253419 41.335204950233511 2.5000000000000004 44.122796192832176 87.906686626571044 100.58943773434827 82.28541783272594 2.5000000000000004 1.5000000000000002 3.5000000000000004 1.5000000000000002 56.560459301997106 19.131485476827034 79.073513410515659 67.518540198665491 3.5000000000000004 2.5000000000000004 44.289523338559484 72.835507781346379 65.579884216422556
decision_type=2 2 2 2 2 2 2 2 2 2 2 2 2 2 2 2 2 2 2 2 2 2
left_child=1 2 4 10 11 -2 8 9 19 15 -3 20 -10 -12 18 -5 -11 -15 -6 -4 -1 -8
right_child=5 3 6 7 14 -7 21 -9 12 16 13 -13 -14 17 -16 -17 -18 -19 -20 -21 -22 -23
leaf_value=-0.47065576827526096 1.1620046389847996 0.073593798400286375 0.0044181603938341146 0.38499969413151613 -1.0653125655651092 1.7012727395082132 0.12745072663761678 -0.00098473388287756186 -0.66575741793283016 0.098326659866143029 -0.041568185242691208 -0.21513786737037743 -0.28645728304982188 -0.18744258009470427 -0.67977159148768385 0.6677626553035918 0.34548350612322493 -0.4636140372071948 -0.78102035937101943 -0.2300822689726546 -0.64843932027402129 -0.028049353332746597
leaf_weight=25 20 34 20 37 20 39 20 36 22 32 28 23 26 26 38 21 30 21 23 37 23 21
leaf_count=25 20 34 20 37 20 39 20 36 22 32 28 23 26 26 38 21 30 21 23 37 23 21
internal_value=-0.0116187 -0.171965 -0.420433 0.107443 -0.63638 1.51847 -0.195611 0.267587 -0.290659 0.348158 -0.121753 -0.445474 -0.460303 -0.210311 -0.803717 0.487379 0.217919 -0.310838 -0.913249 -0.147801 -0.555844 0.0478043
internal_weight=622 563 298 265 152 59 146 156 105 120 109 71 48 75 81 58 62 47 43 57 48 41
internal_count=622 563 298 265 152 59 146 156 105 120 109 71 48 75 81 58 62 47 43 57 48 41
is_linear=0
shrinkage=0.05


Tree=4
num_leaves=22
num_cat=0
split_feature=0 1 2 2 2 3 4 1 4 2 1 4 3 1 1 3 4 3 4 1 4
split_gain=55090.2 14109.9 5242.81 3534.16 1537.54 1501.01 1470.78 1213.36 1116.56 930.401 804.199 646.021 463.072 454.512 435.826 425.281 402.157 267.49 252.985 201.552 156.386
threshold=1.0000000180025095e-35 5.5000000000000009 41.335204950233511 57.118920768949501 80.073810937348512 2.5000000000000004 59.965509685479887 1.0000000180025095e-35 106.09999061207638 19.786111279129202 8.5000000000000018 67.413379462440972 2.5000000000000004 2.5000000000000004 1.5000000000000002 3.5000000000000004 75.897526228912525 1.5000000000000002 64.353449915299549 2.5000000000000004 74.440657287720128
decision_type=2 2 2 2 2 2 2 2 2 2 2 2 2 2 2 2 2 2 2 2 2
left_child=1 2 5 8 7 13 -2 -4 9 -3 12 -9 -5 -1 -7 18 -6 -12 -11 -13 -16
right_child=6 3 4 10 16 14 -8 11 -10 15 17 19 -14 -15 20 -17 -18 -19 -20 -21 -22
leaf_value=-0.64747103214263912 1.7143224362973815 -0.20476324229668352 -0.65275478000226228 0.32980850171297793 0.093788001164793966 -0.94009986082712826 1.2132355498149991 -0.082766238413751136 -0.39176872940290547 0.29038147659351432 0.60342712288811096 -0.4841908484697342 0.056373289451003075 -0.3542998634851896 -0.58912840127944954 -0.05886551010789294 -0.16304330273910805 0.36736120805144312 0.081944158617910504 -0.27636952676943372 -0.78685704946517943
leaf_weight=20 27 39 23 32 35 30 32 36 21 24 21 20 30 39 20 33 27 28 37 28 20
leaf_count=20 27 39 23 32 35 30 32 36 21 24 21 20 30 39 20 33 27 28 37 28 20
internal_value=-0.0110378 -0.163367 -0.399411 0.102071 -0.216182 -0.639456 1.44255 -0.330982 -0.0529505 0.000547075 0.317146 -0.242878 0.197501 -0.45368 -0.796039 0.085729 -0.0180579 0.468532 0.163952 -0.362962 -0.687993
internal_weight=622 563 298 265 169 129 59 107 154 133 111 84 62 59 70 94 62 49 61 48 40
internal_count=622 563 298 265 169 129 59 107 154 133 111 84 62 59 70 94 62 49 61 48 40
is_linear=0
shrinkage=0.05


Tree=5
num_leaves=24
num_cat=0
split_feature=0 1 2 2 2 3 1 4 3 4 3 3 2 4 4 1 1 4 1 2 3 2 4
split_gain=57304.8 14190.6 4691.22 3147.62 2406.38 2007.07 1275.74 1186.73 1075.76 814.393 768.641 606.02 568.714 465.355 435.069 431.683 326.61 285.369 231.378 213.071 207.071 82.4291 64.1531
threshold=1.0000000180025095e-35 5.5000000000000009 41.734779388672344 57.118920768949501 44.122796192832176 3.5000000000000004 2.5000000000000004 53.663131056139981 3.5000000000000004 42.713113300666897 2.5000000000000004 2.5000000000000004 79.073513410515659 86.913750580069703 70.37534102925234 2.5000000000000004 7.5000000000000009 64.682918988897953 7.5000000000000009 19.595475947031947 1.5000000000000002 20.292263876264691 54.765970400539324
decision_type=2 2 2 2 2 2 2 2 2 2 2 2 2 2 2 2 2 2 2 2 2 2 2
left_child=1 2 6 7 -2 9 13 16 19 -4 22 18 15 21 -7 -11 -3 -13 -5 -9 -21 -1 -8
right_child=4 3 5 11 -6 14 10 8 -10 12 -12 17 -14 -15 -16 -17 -18 -19 -20 20 -22 -23 -24
leaf_value=-0.73905209302902231 1.036387548239335 -0.019286756683140994 0.12444216886471059 0.32189796708524226 1.6843674408762082 -0.31502212694225218 -0.2614417783561207 -0.15539666265249252 -0.38699065391575138 -0.40790116369724272 -0.63909554647074807 0.32657728191787522 -0.019897218048572543 -0.94010431957244878 -0.60063629587491363 -0.12657955247163774 0.23150081815751822 0.09845443614597979 0.54627750802923136 0.14134551178325305 -0.073220286777485974 -0.59721898095948356 -0.38656736344099046
leaf_weight=20 23 20 29 20 38 24 21 23 31 30 36 26 34 25 30 25 37 29 27 22 23 21 20
leaf_count=20 23 20 29 20 38 24 21 23 31 30 36 26 34 25 30 25 37 29 27 22 23 21 20
internal_value=-0.0168646 -0.171963 -0.397153 0.102977 1.44005 -0.221214 -0.608771 -0.0382404 -0.142882 -0.105671 -0.470507 0.318957 -0.180652 -0.77008 -0.473697 -0.280028 0.143505 0.206294 0.450797 -0.0315969 0.0316785 -0.666406 -0.322479
internal_weight=634 573 315 258 61 172 143 156 99 118 77 102 89 66 54 55 57 55 47 68 45 41 41
internal_count=634 573 315 258 61 172 143 156 99 118 77 102 89 66 54 55 57 55 47 68 45 41 41
is_linear=0
shrinkage=0.05


Tree=6
num_leaves=23
num_cat=0
split_feature=0 1 2 2 2 3 4 1 3 4 3 2 3 4 1 4 4 1 2 2 1 2
split_gain=51717.6 12807 4233.83 2847.43 2171.76 1811.38 1209.18 1151.35 1056.99 747.427 706.168 569.463 434.553 419.983 403.685 395.269 343.857 460.684 341.115 200.265 110.254 74.3923
threshold=1.0000000180025095e-35 5.5000000000000009 41.734779388672344 64.369620395579531 44.122796192832176 3.5000000000000004 53.663131056139981 2.5000000000000004 1.0000000180025095e-35 35.881489737053279 1.5000000000000002 80.073810937348512 3.5000000000000004 86.913750580069703 2.5000000000000004 63.457343312560276 93.821421412777184 7.5000000000000009 41.335204950233511 19.595475947031947 8.5000000000000018 20.292263876264691
decision_type=2 2 2 2 2 2 2 2 2 2 2 2 2 2 2 2 2 2 2 2 2 2
left_child=1 2 7 6 -2 9 18 13 -8 -4 -9 14 20 21 -11 -7 17 -5 -3 -12 -10 -1
right_child=4 3 5 16 -6 15 8 10 12 11 19 -13 -14 -15 -16 -17 -18 -19 -20 -21 -22 -23
leaf_value=-0.70209948718547821 0.98456816900035615 0.063296215841546655 0.17006404555979229 0.26733133394656511 1.6001490806278431 -0.28686337714845483 0.20410309927094553 -0.2625328209491507 -0.15937369081657382 -0.37951386705521617 -0.6627847717358516 -0.0046654445698132386 -0.32440137813488645 -0.89309908866882326 -0.11998412567993691 -0.56217639446258549 0.17977948512720027 0.54916165306650366 0.29593139555878362 -0.45233448654413222 -0.013968941700560126 -0.56735802236057464
leaf_weight=20 23 40 21 29 38 22 21 31 32 31 26 37 36 25 29 32 23 29 26 20 22 21
leaf_count=20 23 40 21 29 38 22 21 31 32 31 26 37 36 25 29 32 23 29 26 20 22 21
internal_value=-0.0160213 -0.163365 -0.377295 0.0978284 1.36804 -0.210153 -0.0145395 -0.578333 -0.115311 -0.100388 -0.446982 -0.158939 -0.189841 -0.731576 -0.254074 -0.450012 0.343373 0.408246 0.15494 -0.571285 -0.100135 -0.633086
internal_weight=634 573 315 258 61 172 177 143 111 118 77 97 90 66 60 54 81 58 66 46 54 41
internal_count=634 573 315 258 61 172 177 143 111 118 77 97 90 66 60 54 81 58 66 46 54 41
is_linear=0
shrinkage=0.05


Tree=7
num_leaves=23
num_cat=0
split_feature=0 1 2 2 2 3 4 1 4 3 3 4 3 2 1 2 4 1 2 2 1 4
split_gain=46675.1 11558.4 3821.03 2586.85 1960.01 1634.77 1069.96 1042.61 674.553 631.087 551.79 538.113 530.056 514.585 382.171 381.697 356.978 243.168 216.254 202.529 194.684 184.648
threshold=1.0000000180025095e-35 5.5000000000000009 41.734779388672344 57.118920768949501 44.122796192832176 3.5000000000000004 105.34039835352999 1.5000000000000002 35.881489737053279 1.0000000180025095e-35 1.5000000000000002 53.663131056139981 2.5000000000000004 79.073513410515659 2.5000000000000004 17.259531184192323 70.37534102925234 8.5000000000000018 19.131485476827034 26.985689383203972 7.5000000000000009 73.458558032528458
decision_type=2 2 2 2 2 2 2 2 2 2 2 2 2 2 2 2 2 2 2 2 2 2
left_child=1 2 7 6 -2 8 9 15 -4 -3 -9 19 20 14 -10 -1 -7 -14 -13 -11 -5 -12
right_child=4 3 5 12 -6 16 -8 10 13 11 21 18 17 -15 -16 -17 -18 -19 -20 -21 -22 -23
leaf_value=-0.9096860015392304 0.93533977373786592 0.2445448779463768 0.16156084407120944 0.29379802387207749 1.5201416279140272 -0.28378072002281746 -0.35825570115015254 -0.31101390547477287 -0.36853041068961223 -0.033463846612721684 -0.45863899389902757 -0.26374834499188832 0.083821930505078412 -0.0074937206349874807 -0.11398492008447647 -0.61914537617793453 -0.54249566038449604 0.29440283408531775 -0.064733337802000537 0.17335835151888174 0.49961766203244529 -0.6374910281550501
leaf_weight=20 23 25 21 20 38 24 22 39 30 20 27 21 29 38 29 26 30 26 39 29 27 31
leaf_count=20 23 25 21 20 38 24 22 39 30 20 27 21 29 38 29 26 30 26 39 29 27 31
internal_value=-0.0152203 -0.155197 -0.35843 0.092937 1.29964 -0.199646 -0.0350846 -0.549416 -0.0953683 0.0179733 -0.456443 -0.0339927 0.288735 -0.150992 -0.243415 -0.745467 -0.427511 0.183369 -0.134389 0.0889411 0.412035 -0.554232
internal_weight=634 573 315 258 61 172 156 143 118 134 97 109 102 97 59 46 54 55 60 49 47 58
internal_count=634 573 315 258 61 172 156 143 118 134 97 109 102 97 59 46 54 55 60 49 47 58
is_linear=0
shrinkage=0.05


Tree=8
num_leaves=24
num_cat=0
split_feature=0 1 2 2 2 3 3 4 1 4 3 2 1 4 3 4 1 4 1 4 2 4 2
split_gain=42124.3 10431.4 3448.48 2362.52 1775.41 1475.38 1075.38 1099.42 961.923 611.194 592.498 442.471 421.811 374.663 372.227 361.713 324.458 324.416 254.983 170.615 59.4772 57.031 19.7966
threshold=1.0000000180025095e-35 5.5000000000000009 41.734779388672344 65.331960151077951 44.730705003889057 3.5000000000000004 1.0000000180025095e-35 68.685121800734052 2.5000000000000004 46.181474905244563 2.5000000000000004 79.073513410515659 7.5000000000000009 86.913750580069703 3.5000000000000004 93.821421412777184 7.5000000000000009 63.457343312560276 2.5000000000000004 41.982235553196908 20.292263876264691 54.765970400539324 23.971837230114474
decision_type=2 2 2 2 2 2 2 2 2 2 2 2 2 2 2 2 2 2 2 2 2 2 2
left_child=1 2 8 6 -2 9 -3 12 13 -4 21 18 -8 20 22 16 -5 -7 -11 -14 -1 -10 -9
right_child=4 3 5 15 -6 17 7 14 10 11 -12 -13 19 -15 -16 -17 -18 -19 -20 -21 -22 -23 -24
leaf_value=-0.63070010572671897 0.91096598243713389 0.25769175352348433 0.10003280227463092 0.26189736083701803 1.4594482514593337 -0.25833117121999916 -0.076195063346037373 -0.085141486981883646 -0.21437090280510129 -0.34860904293841333 -0.54990126689275109 -0.017743152927826435 0.26302642084303357 -0.81457543659210208 -0.36050239394490541 0.14329879979292554 0.50275611137521681 -0.50775127746164805 -0.12828639013071855 0.071410621689014644 -0.51022078281357175 -0.33234661966562273 -0.15249669216573239
leaf_weight=20 25 31 31 27 36 22 33 20 21 29 36 34 21 25 26 21 29 32 24 26 21 20 24
leaf_count=20 25 31 31 27 36 22 33 20 21 29 36 34 21 25 26 21 29 32 24 26 21 20 24
internal_value=-0.0144592 -0.147437 -0.340509 0.0882901 1.23466 -0.189663 -0.0103954 -0.0658001 -0.521945 -0.0905999 -0.401885 -0.158526 0.0608224 -0.662016 -0.210512 0.320265 0.386628 -0.406136 -0.24884 0.157026 -0.568991 -0.27192 -0.121881
internal_weight=634 573 315 258 61 172 181 150 143 118 77 87 80 66 70 77 56 54 53 47 41 41 44
internal_count=634 573 315 258 61 172 181 150 143 118 77 87 80 66 70 77 56 54 53 47 41 41 44
is_linear=0
shrinkage=0.05


Tree=9
num_leaves=23
num_cat=0
split_feature=0 1 2 2 1 3 1 1 4 4 3 3 2 2 3 1 4 4 2 1 1 1
split_gain=38017.2 9414.35 3112.25 2167.76 1640.82 1331.53 874.082 847.849 562.166 546.235 490.697 470.369 423.506 332.077 298.352 297.191 292.9 236.06 225.626 222.556 171.359 170.806
threshold=1.0000000180025095e-35 5.5000000000000009 41.734779388672344 46.862462576298498 6.5000000000000009 3.5000000000000004 1.5000000000000002 6.5000000000000009 35.881489737053279 94.307165335921738 2.5000000000000004 3.5000000000000004 80.073810937348512 17.259531184192323 2.5000000000000004 2.5000000000000004 70.37534102925234 69.774496367143371 19.595475947031947 3.5000000000000004 7.5000000000000009 8.5000000000000018
decision_type=2 2 2 2 2 2 2 2 2 2 2 2 2 2 2 2 2 2 2 2 2 2
left_child=1 2 6 7 -2 8 13 -3 -4 14 18 19 15 -1 20 -10 -7 -12 -9 -8 -5 -16
right_child=4 3 5 9 -6 16 11 10 12 -11 17 -13 -14 -15 21 -17 -18 -19 -20 -21 -22 -23
leaf_value=-0.82852951169013989 0.96407452080700851 -0.34374962584538893 0.14848115767041845 0.27132182186469439 1.4949089427789053 -0.25563586950302125 -0.41165655973630078 -0.0065942174089806422 -0.32652079155368191 0.045872944785702613 0.0021515066650780765 -0.57137553153499476 -0.0038069579045514803 -0.5575313125665371 0.11319878837810114 -0.10383962346240878 -0.48998330851395927 -0.21848950118378357 0.19075642513732116 -0.22491221477588019 0.46335513855402288 0.29624050557613374
leaf_weight=20 37 22 21 21 24 24 39 28 31 31 22 31 37 26 26 29 30 27 30 27 26 25
leaf_count=20 37 22 21 21 24 24 39 28 31 31 22 31 37 26 26 29 30 27 30 27 26 25
internal_value=-0.0137363 -0.140065 -0.323483 0.0838756 1.17293 -0.18018 -0.495848 -0.0610567 -0.0860699 0.228808 -0.00293298 -0.41072 -0.136849 -0.675357 0.286675 -0.218892 -0.385829 -0.119426 0.0954837 -0.335261 0.377553 0.202925
internal_weight=634 573 315 258 61 172 143 129 118 129 107 97 97 46 98 60 54 49 58 66 47 51
internal_count=634 573 315 258 61 172 143 129 118 129 107 97 97 46 98 60 54 49 58 66 47 51
is_linear=0
shrinkage=0.05


Tree=10
num_leaves=24
num_cat=0
split_feature=0 1 2 2 2 3 1 4 4 4 2 2 3 2 3 3 2 4 4 4 3 4 1
split_gain=28011.6 6827.09 3135.04 2342.66 1278.65 1225.62 1030.06 921.146 766.886 576.774 554.441 529.917 315.685 289.812 287.15 261.022 214.19 210.065 190.789 188.753 183.236 88.0373 86.4424
threshold=1.0000000180025095e-35 4.5000000000000009 38.854903527318207 78.001616482965645 48.701840648338283 2.5000000000000004 6.5000000000000009 87.278050829008478 68.05359673300056 82.28541783272594 79.073513410515659 23.49653186157267 2.5000000000000004 40.423354097979463 1.0000000180025095e-35 1.5000000000000002 43.476576154726231 75.897526228912525 69.774496367143371 57.926355046149283 3.5000000000000004 51.814593121707048 7.5000000000000009
decision_type=2 2 2 2 2 2 2 2 2 2 2 2 2 2 2 2 2 2 2 2 2 2 2
left_child=1 3 6 5 -2 11 8 10 -3 13 20 -1 -9 -7 -13 -8 -11 -5 -17 -16 22 -12 -4
right_child=4 2 7 17 -6 9 15 12 -10 16 21 14 -14 -15 19 18 -18 -19 -20 -21 -22 -23 -24
leaf_value=-0.48009332043266939 0.80100584305249733 -0.12014017989858986 0.172792876791209 0.042638607480024043 1.2764671802520753 -0.5325837004929781 0.097646338758724083 0.1523882749527693 -0.52417132206585104 -0.77772253513336187 0.49253272175788876 -0.084463155942578472 -0.088185256045932581 -0.29163715392351153 -0.17958057719198139 -0.009247931772843004 -0.54631930142641072 -0.15150314312089574 -0.18614723182248849 -0.38669999485666101 0.064491053318072644 0.34595413236390976 0.29399202965920973
leaf_weight=22 26 24 28 38 31 24 28 25 23 20 20 31 30 26 22 35 20 22 27 22 21 21 31
leaf_count=22 26 24 28 38 31 24 28 25 23 20 20 31 30 26 22 35 20 22 27 22 21 21 31
internal_value=0.00361602 -0.103867 0.051218 -0.300392 1.05959 -0.387615 -0.128138 0.19083 -0.317858 -0.520505 0.26795 -0.264315 0.0211663 -0.407291 -0.20102 -0.0290617 -0.662021 -0.0285467 -0.0862847 -0.28314 0.191328 0.417456 0.236474
internal_weight=617 560 313 247 57 187 137 176 47 90 121 97 55 50 75 90 40 60 62 44 80 41 59
internal_count=617 560 313 247 57 187 137 176 47 90 121 97 55 50 75 90 40 60 62 44 80 41 59
is_linear=0
shrinkage=0.05


Tree=11
num_leaves=24
num_cat=0
split_feature=0 1 2 2 1 3 1 4 4 4 2 2 3 2 3 3 2 4 4 3 4 4 1
split_gain=25280.5 6161.45 2829.37 2114.25 1235.04 1106.12 929.627 831.334 692.115 520.539 500.383 478.25 284.906 261.555 259.153 235.572 193.306 189.583 172.187 172.114 170.35 79.4536 31.9389
threshold=1.0000000180025095e-35 4.5000000000000009 38.854903527318207 78.001616482965645 6.5000000000000009 2.5000000000000004 6.5000000000000009 87.278050829008478 68.05359673300056 82.28541783272594 79.073513410515659 23.49653186157267 2.5000000000000004 40.423354097979463 1.0000000180025095e-35 1.5000000000000002 43.476576154726231 75.897526228912525 69.774496367143371 2.5000000000000004 57.926355046149283 51.814593121707048 7.5000000000000009
decision_type=2 2 2 2 2 2 2 2 2 2 2 2 2 2 2 2 2 2 2 2 2 2 2
left_child=1 3 6 5 -2 11 8 10 -3 13 19 -1 -9 -7 -13 -8 -11 -5 -17 22 -16 -12 -4
right_child=4 2 7 17 -6 9 15 12 -10 16 21 14 -14 -15 20 18 -18 -19 -20 -21 -22 -23 -24
leaf_value=-0.45608865225856959 0.8081284400188562 -0.11413316720475752 0.20994810475544498 0.040506680045080817 1.2795235435167949 -0.50595451109111311 0.092764020152390006 0.14476886025816202 -0.49796274931210543 -0.73883639812469493 0.46790608584880833 -0.0802399991260421 -0.08377599687625964 -0.27705529463978917 -0.17060154720463538 -0.0087855359379734304 -0.51900332868099219 -0.14392798542976379 -0.17683987010408331 0.10465988784440255 -0.36736499802632766 0.32865641947303503 0.29725091113243257
leaf_weight=22 33 24 22 38 24 24 28 25 23 20 20 31 30 26 22 35 20 22 27 38 22 21 20
leaf_count=22 33 24 22 38 24 24 28 25 23 20 20 31 30 26 22 35 20 22 27 38 22 21 20
internal_value=0.00343522 -0.0986737 0.0486571 -0.285372 1.00661 -0.368234 -0.121731 0.181289 -0.301965 -0.494479 0.254553 -0.2511 0.020108 -0.386927 -0.190969 -0.0276086 -0.62892 -0.0271194 -0.0819705 0.181762 -0.268983 0.396583 0.251521
internal_weight=617 560 313 247 57 187 137 176 47 90 121 97 55 50 75 90 40 60 62 80 44 41 42
internal_count=617 560 313 247 57 187 137 176 47 90 121 97 55 50 75 90 40 60 62 80 44 41 42
is_linear=0
shrinkage=0.05


Tree=12
num_leaves=24
num_cat=0
split_feature=0 1 2 4 2 2 3 1 3 3 4 2 1 2 3 2 1 2 4 4 1 4 3
split_gain=22815.7 5628.53 2878.51 1456.26 1325.81 1137.45 1013.04 799.039 599.529 451.454 429.337 383.791 324.152 290.397 260.408 161.479 153.272 135.815 105.61 97.9075 83.7519 55.7387 35.92
threshold=1.0000000180025095e-35 6.5000000000000009 38.854903527318207 71.647964778116645 42.079462039131833 48.701840648338283 2.5000000000000004 4.5000000000000009 2.5000000000000004 3.5000000000000004 86.913750580069703 74.952212857361573 4.5000000000000009 71.936959959001442 4.5000000000000009 23.49653186157267 2.5000000000000004 78.823363010840197 61.378265286286478 76.503004436418067 3.5000000000000004 44.635869546487136 1.5000000000000002
decision_type=2 2 2 2 2 2 2 2 2 2 2 2 2 2 2 2 2 2 2 2 2 2 2
left_child=1 2 6 7 14 -2 12 11 16 17 20 21 15 -10 18 -1 -5 19 -3 -6 -8 -4 -20
right_child=5 4 3 8 9 -7 10 -9 13 -11 -12 -13 -14 -15 -16 -17 -18 -19 22 -21 -22 -23 -24
leaf_value=-0.43328422456979754 0.71239036940611333 0.087624486262211587 -0.10810716092763913 -0.21882822973572691 0.30110558326045678 1.1608326758107832 -0.50403457922594885 0.22181821921292474 -0.48440491385184803 0.058594191138600482 -0.6919593455699774 0.049921423897735386 -0.10194299820471893 -0.23441718689032964 -0.18436244591721335 -0.24754870146512986 -0.04318144045494221 0.37503626829591297 0.015491133250973441 0.16561512270321449 -0.36282224108775463 -0.22077530637869369 -0.072959391291563716
leaf_weight=22 26 32 21 23 30 31 21 34 26 29 26 38 22 21 20 25 27 29 22 24 21 23 24
leaf_count=22 26 32 21 23 30 31 21 34 26 29 26 38 22 21 20 25 27 29 22 24 21 23 24
internal_value=0.00326346 -0.09374 -0.216526 -0.101528 0.110903 0.95628 -0.395319 0.0180237 -0.244497 0.228422 -0.532278 -0.0664764 -0.260344 -0.372708 -0.0234029 -0.334489 -0.123979 0.287759 0.0178688 0.240888 -0.433428 -0.167002 -0.030657
internal_weight=617 560 350 213 210 57 137 116 97 112 68 82 69 47 98 47 50 83 78 54 42 44 46
internal_count=617 560 350 213 210 57 137 116 97 112 68 82 69 47 98 47 50 83 78 54 42 44 46
is_linear=0
shrinkage=0.05


Tree=13
num_leaves=22
num_cat=0
split_feature=0 1 2 3 2 1 1 4 4 3 1 1 2 2 3 3 3 2 3 2 4
split_gain=20591.1 5079.75 2626.22 1591.68 1196.54 1099.03 837.851 742.322 634.953 407.437 277.156 273.925 269.9 254.162 235.019 199.934 177.838 122.573 100.386 110.062 88.3616
threshold=1.0000000180025095e-35 6.5000000000000009 70.580493622611016 1.5000000000000002 42.079462039131833 6.5000000000000009 3.5000000000000004 86.26432337282067 71.647964778116645 3.5000000000000004 2.5000000000000004 1.5000000000000002 28.163372335161363 22.403044631525468 4.5000000000000009 1.0000000180025095e-35 2.5000000000000004 78.823363010840197 1.5000000000000002 26.985689383203972 76.503004436418067
decision_type=2 2 2 2 2 2 2 2 2 2 2 2 2 2 2 2 2 2 2 2 2
left_child=1 2 3 6 14 -2 15 11 10 17 -4 -5 -9 -13 18 -1 -10 20 -3 -20 -6
right_child=5 4 8 7 9 -7 -8 12 16 -11 -12 13 -14 -15 -16 -17 -18 -19 19 -21 -22
leaf_value=-0.1624806790540998 0.7212311700395676 0.086819160825783212 -0.013794677117123053 -0.4360639203588168 0.28605030439794066 1.1659140129884085 0.057807276853256755 -0.66094553565979008 -0.05127750910047827 0.055664481087748352 0.20448557455030933 -0.3624229561413328 -0.44168346910737455 -0.16658290741411416 -0.17514432407915592 -0.36260788838068647 -0.23979715691371398 0.35628445657162833 -0.10086828936636448 0.052472195545719427 0.15733436731000741
leaf_weight=26 33 31 26 30 30 24 36 25 29 29 33 30 32 37 20 24 22 29 25 22 24
leaf_count=26 33 31 26 30 30 24 36 25 29 29 33 30 32 37 20 24 22 29 25 22 24
internal_value=0.00310028 -0.089053 -0.2057 -0.298424 0.105358 0.908466 -0.126117 -0.394647 -0.00339294 0.217 0.108294 -0.310497 -0.537851 -0.254272 -0.0222328 -0.258542 -0.1326 0.273371 0.0169753 -0.0290919 0.228843
internal_weight=617 560 350 240 210 57 86 154 110 112 59 97 57 67 98 50 51 83 78 47 54
internal_count=617 560 350 240 210 57 86 154 110 112 59 97 57 67 98 50 51 83 78 47 54
is_linear=0
shrinkage=0.05


Tree=14
num_leaves=25
num_cat=0
split_feature=0 1 2 2 2 3 4 3 1 2 4 2 3 1 3 2 4 4 4 4 2 4 4 2
split_gain=18583.5 4641.17 2098.98 1582.72 1011.85 847.364 676.935 673.415 729.032 473.633 397.062 380.686 273.51 239.075 211.192 196.981 155.434 147.686 142.457 140.616 139.363 124.031 115.366 76.5223
threshold=1.0000000180025095e-35 4.5000000000000009 38.854903527318207 78.001616482965645 48.701840648338283 2.5000000000000004 107.26472121154058 1.5000000000000002 6.5000000000000009 77.749328022722011 82.28541783272594 23.49653186157267 1.0000000180025095e-35 6.5000000000000009 1.0000000180025095e-35 40.423354097979463 64.682918988897953 57.926355046149283 69.774496367143371 48.055974890801885 43.476576154726231 66.694503227922141 74.018030522459512 88.94904111034613
decision_type=2 2 2 2 2 2 2 2 2 2 2 2 2 2 2 2 2 2 2 2 2 2 2 2
left_child=1 3 7 5 -2 11 9 22 -9 12 15 -1 -4 -14 -13 -7 -11 -16 -10 -5 -12 -15 -3 -21
right_child=4 2 6 19 -6 10 -8 8 18 16 20 14 13 21 17 -17 -18 -19 -20 23 -22 -23 -24 -25
leaf_value=-0.39869662089781333 0.63301286376439614 0.15405248820781708 0.286967402019284 0.085057131573557862 1.0559710164223948 -0.43818784989416604 -0.10193401737646623 -0.35711359730788644 -0.0051160476636141544 0.39964040606110185 -0.63957302927970883 -0.062201012779147392 -0.044045430018256115 0.20874260893506291 -0.14098267589103095 -0.23954391576922857 0.22835826254807989 -0.32419004724784334 -0.15797550912808489 -0.14647433675825597 -0.45291594155132775 0.056520536080326728 -0.015775660723447799 -0.0081609967816621068
leaf_weight=22 26 20 22 20 31 24 22 35 35 27 20 31 24 32 22 26 26 22 27 20 20 23 20 20
leaf_count=22 26 20 22 20 31 24 22 35 35 27 20 31 24 32 22 26 26 22 27 20 20 23 20 20
internal_value=0.00294527 -0.0846004 0.0432688 -0.246637 0.863043 -0.31833 0.157506 -0.103488 -0.174674 0.194568 -0.428827 -0.215808 0.131049 0.0876284 -0.16216 -0.334893 0.315615 -0.232586 -0.0716839 -0.0231927 -0.546244 0.145086 0.0691384 -0.0773177
internal_weight=617 560 313 247 57 187 176 137 97 154 90 97 101 79 75 50 53 44 62 60 40 55 40 40
internal_count=617 560 313 247 57 187 176 137 97 154 90 97 101 79 75 50 53 44 62 60 40 55 40 40
is_linear=0
shrinkage=0.05


Tree=15
num_leaves=22
num_cat=0
split_feature=0 1 2 2 4 1 1 3 1 2 4 2 3 3 4 4 1 4 1 3 3
split_gain=18407.6 4849.79 2438.69 2003.3 1096.07 768.777 731.711 496.837 507.59 472.838 465.151 378.425 275.636 258.512 254.759 243.858 217.288 150.535 142.782 142.195 79.7618
threshold=1.0000000180025095e-35 5.5000000000000009 37.746836629255441 65.331960151077951 63.86752382744546 1.5000000000000002 1.0000000180025095e-35 1.5000000000000002 6.5000000000000009 42.900801221386438 34.776710398481455 87.906686626571044 1.5000000000000002 1.5000000000000002 62.34569487135699 46.612720368224004 2.5000000000000004 73.458558032528458 8.5000000000000018 2.5000000000000004 3.5000000000000004
decision_type=2 2 2 2 2 2 2 2 2 2 2 2 2 2 2 2 2 2 2 2 2
left_child=1 2 5 7 -2 -1 -4 18 -9 15 -8 16 -5 -7 -14 -10 -12 -15 -3 -18 -17
right_child=4 3 6 12 -6 13 10 8 9 -11 11 -13 14 17 -16 20 19 -19 -20 -21 -22
leaf_value=-0.58363057971000676 1.0212099227038296 0.029710845037230423 -0.3125438819187028 0.38041386948350597 0.59588831492832728 -0.198012323341062 0.16610446855425837 -0.29526844800195912 0.042538756622456105 0.11969287625913111 -0.24034359215034382 0.057544527467220066 0.31634508475013406 -0.29871877144489972 0.087899685823000395 -0.098621524857091053 -0.020826023966073991 -0.46579679846763611 0.19590831361711025 -0.18304575017907404 -0.21906629577279091
leaf_weight=38 33 28 35 34 28 31 20 22 21 35 36 31 23 28 26 28 35 26 24 22 27
leaf_count=38 33 28 35 34 28 31 20 22 21 35 36 31 23 28 26 28 35 26 24 22 27
internal_value=0.000462489 -0.0878824 -0.225273 0.0669387 0.82598 -0.396676 -0.107494 -0.0246261 -0.0758612 -0.032375 -0.057655 -0.0937452 0.271029 -0.313097 0.195129 -0.102406 -0.144175 -0.379164 0.106417 -0.0834371 -0.157749
internal_weight=631 570 302 268 61 123 179 185 133 111 144 124 83 85 49 76 93 54 52 57 55
internal_count=631 570 302 268 61 123 179 185 133 111 144 124 83 85 49 76 93 54 52 57 55
is_linear=0
shrinkage=0.05


Tree=16
num_leaves=23
num_cat=0
split_feature=0 1 2 2 1 1 2 1 3 1 2 4 1 3 4 4 2 3 2 1 3 3
split_gain=16612.9 4376.94 2201.74 1807.98 1025.58 695.896 710.089 656.659 448.396 458.1 426.736 370.173 272.808 357.451 220.082 209.446 198.397 182.066 134.347 128.861 101.887 71.985
threshold=1.0000000180025095e-35 5.5000000000000009 35.104784519467067 65.331960151077951 5.5000000000000009 1.5000000000000002 81.578188175571071 1.5000000000000002 1.5000000000000002 6.5000000000000009 42.900801221386438 45.720545543866074 7.5000000000000009 1.5000000000000002 46.612720368224004 57.926355046149283 87.906686626571044 1.5000000000000002 19.131485476827034 8.5000000000000018 2.5000000000000004 3.5000000000000004
decision_type=2 2 2 2 2 2 2 2 2 2 2 2 2 2 2 2 2 2 2 2 2 2
left_child=1 2 7 8 -2 6 15 -1 19 -10 14 -7 -5 -14 -11 -4 20 -9 -19 -3 -13 -16
right_child=4 3 5 12 -6 11 -8 17 9 10 -12 16 13 -15 21 -17 -18 18 -20 -21 -22 -23
leaf_value=-0.56766850094710086 0.58951125722378495 0.028225304292781014 -0.20778623309663755 0.14589721578540224 1.0000413680898734 0.11285258299903944 0.017779371481654899 -0.20216660499572756 -0.28050502926449883 0.040411817768056482 0.1137082342138248 -0.080894131997698238 0.48194106796925723 0.21261852383613589 -0.093690444184799826 -0.40950778049807401 0.049273442924022678 -0.4366076505609921 -0.27539402536349372 0.18611289411783219 -0.21248535225167872 -0.20811297832815737
leaf_weight=35 32 28 22 33 29 32 21 27 22 21 35 38 22 28 28 31 20 28 24 24 24 27
leaf_count=35 32 28 22 33 29 32 21 27 22 21 35 38 22 28 28 31 20 28 24 24 24 27
internal_value=0.000439364 -0.0834883 -0.21401 0.0635918 0.784681 -0.108881 -0.228279 -0.38738 -0.0233948 -0.0720681 -0.0307563 -0.0313761 0.257477 0.33112 -0.097286 -0.325774 -0.0876604 -0.307506 -0.362201 0.101096 -0.131833 -0.149862
internal_weight=631 570 302 268 61 188 74 114 185 133 111 114 83 50 76 53 82 79 52 52 62 55
internal_count=631 570 302 268 61 188 74 114 185 133 111 114 83 50 76 53 82 79 52 52 62 55
is_linear=0
shrinkage=0.05


Tree=17
num_leaves=24
num_cat=0
split_feature=0 1 2 2 4 2 1 1 4 1 3 4 4 4 3 4 4 2 3 2 2 2 4
split_gain=14993.1 3958.23 2280.46 1828.46 973.923 714.648 594.956 549.88 509.036 465.683 434.809 380.553 314.274 302.619 189.554 181.305 176.891 136.898 133.424 126.935 84.0933 45.3584 10.5355
threshold=1.0000000180025095e-35 4.5000000000000009 46.862462576298498 23.49653186157267 63.86752382744546 78.823363010840197 1.0000000180025095e-35 7.5000000000000009 50.498929597734495 6.5000000000000009 1.5000000000000002 54.354324933799411 42.713113300666897 75.897526228912525 3.5000000000000004 89.178422713582236 59.561721949384754 72.96145656756191 3.5000000000000004 45.296783039095665 24.605974009264184 19.131485476827034 51.180770608278614
decision_type=2 2 2 2 2 2 2 2 2 2 2 2 2 2 2 2 2 2 2 2 2 2 2
left_child=1 3 8 11 -2 6 -5 13 20 -10 -9 -1 -8 17 21 22 -12 -4 19 -14 -3 -11 -7
right_child=4 2 7 5 -6 15 12 10 9 14 16 -13 18 -15 -16 -17 -18 -19 -20 -21 -22 -23 -24
leaf_value=-0.31017387187480927 0.92947758400078984 -0.023909041437285922 0.079511485113338998 -0.41420013863464877 0.52855434758322584 0.029486508299596609 -0.011353625191582575 0.41596336242172027 -0.30965817807750273 -0.084291055630892522 0.28639179610070731 -0.56269779398634634 -0.24828684699854683 -0.042340609716872375 -0.1933888849730675 -0.12627897830236526 0.094422402765069691 0.26025696903467183 -0.32055645287036899 -0.10141912576171659 0.10335344794392586 0.013586405780294847 0.080807735794223845
leaf_weight=25 33 27 22 29 28 20 27 31 33 20 21 37 28 30 26 21 28 20 20 31 25 29 20
leaf_count=25 33 27 22 29 28 20 27 31 33 20 21 37 28 30 26 21 28 20 20 31 25 29 20
internal_value=0.000417395 -0.0793139 0.0405024 -0.224208 0.745447 -0.149344 -0.213522 0.179191 -0.0912522 -0.153136 0.269411 -0.460874 -0.15862 0.0789469 -0.0842657 -0.00731104 0.176695 0.165581 -0.208951 -0.171119 0.0372748 -0.0263636 0.0551471
internal_weight=631 570 312 258 61 196 135 152 160 108 80 62 106 72 75 61 49 42 79 59 52 49 40
internal_count=631 570 312 258 61 196 135 152 160 108 80 62 106 72 75 61 49 42 79 59 52 49 40
is_linear=0
shrinkage=0.05


Tree=18
num_leaves=24
num_cat=0
split_feature=0 1 2 2 1 2 1 1 4 1 3 4 4 4 3 4 4 2 3 2 2 2 4
split_gain=13531.3 3572.3 2058.11 1650.23 911.182 656.488 593.776 496.266 459.405 420.279 392.415 295.684 289.922 273.114 171.072 163.627 159.644 123.551 120.415 114.559 75.8942 40.9359 9.50827
threshold=1.0000000180025095e-35 4.5000000000000009 46.862462576298498 22.403044631525468 5.5000000000000009 78.823363010840197 1.0000000180025095e-35 7.5000000000000009 50.498929597734495 6.5000000000000009 1.5000000000000002 42.713113300666897 54.354324933799411 75.897526228912525 3.5000000000000004 89.178422713582236 59.561721949384754 72.96145656756191 3.5000000000000004 45.296783039095665 24.605974009264184 19.131485476827034 51.180770608278614
decision_type=2 2 2 2 2 2 2 2 2 2 2 2 2 2 2 2 2 2 2 2 2 2 2
left_child=1 3 8 12 -2 6 -5 13 20 -10 -9 -8 -1 17 21 22 -12 -4 19 -13 -3 -11 -7
right_child=4 2 7 5 -6 15 11 10 9 14 16 18 -14 -15 -16 -17 -18 -19 -20 -21 -22 -23 -24
leaf_value=-0.30810167587672677 0.5242113479820546 -0.022713588920628858 0.075535909899256459 -0.40072411179542544 0.91116914173652386 0.028012180998921395 -0.0094074917691094537 0.39516519288862906 -0.29417527119318643 -0.080076499320566652 0.27207220367022922 -0.23587250569835305 -0.53245327141549859 -0.040223577407499156 -0.18371944143795049 -0.1199650295433544 0.089701282765184132 0.24724412009119989 -0.30452862605452541 -0.096348167403090393 0.098185774862766265 0.012907085477791983 0.076767348088324083
leaf_weight=24 32 27 22 30 29 20 28 31 33 20 21 28 36 30 26 21 28 20 20 31 25 29 20
leaf_count=24 32 27 22 30 29 20 28 31 33 20 21 28 36 30 26 21 28 20 20 31 25 29 20
internal_value=0.000396526 -0.0753482 0.0384772 -0.212998 0.708175 -0.143387 -0.204138 0.170232 -0.0866896 -0.145479 0.255941 -0.149021 -0.442713 0.0749995 -0.0800524 -0.00694549 0.16786 0.157302 -0.198504 -0.162563 0.0354111 -0.0250454 0.0523898
internal_weight=631 570 312 258 61 198 137 152 160 108 80 107 60 72 75 61 49 42 79 59 52 49 40
internal_count=631 570 312 258 61 198 137 152 160 108 80 107 60 72 75 61 49 42 79 59 52 49 40
is_linear=0
shrinkage=0.05


Tree=19
num_leaves=23
num_cat=0
split_feature=0 1 2 2 4 1 2 1 3 3 1 4 4 4 2 4 4 4 3 4 1 2
split_gain=12212 3232.24 1899.35 1510.26 867.611 659.002 593.108 470.462 383.397 354.154 311.22 292.337 258.951 223.661 175.718 144.079 137.977 113.462 112.187 80.0565 65.3312 38.2044
threshold=1.0000000180025095e-35 3.5000000000000004 46.862462576298498 78.823363010840197 64.353449915299549 7.5000000000000009 24.279553230470551 6.5000000000000009 1.5000000000000002 1.5000000000000002 1.0000000180025095e-35 41.513441828852066 54.354324933799411 48.055974890801885 67.518540198665491 59.561721949384754 87.934726686380444 46.904023506352765 3.5000000000000004 73.458558032528458 2.5000000000000004 19.131485476827034
decision_type=2 2 2 2 2 2 2 2 2 2 2 2 2 2 2 2 2 2 2 2 2 2
left_child=1 3 7 6 -2 13 12 8 -3 -7 -8 -9 -1 -4 -15 -11 -5 -12 21 -10 -19 -13
right_child=4 2 5 16 -6 9 10 11 19 15 17 18 -14 14 -16 -17 -18 20 -20 -21 -22 -23
leaf_value=-0.30075785162903013 0.84080510349834681 -0.034697539127470617 0.15676712775602938 0.06764677046149066 0.46116153161834794 0.37540693417672188 -0.37345392642350034 0.11671889320445748 -0.21693441534171934 0.25846859379893256 -0.085212629491632635 -0.076473740753359526 -0.52535744887409785 -0.096145862000512672 0.070285597188132154 0.085216220894030165 -0.098785890787839892 -0.26379279042735243 -0.15066871744009758 -0.35034777278249918 -0.15097937642463619 0.0063344962770740185
leaf_weight=21 34 24 32 33 27 31 29 26 23 21 22 26 33 29 35 28 20 33 31 22 21 30
leaf_count=21 34 24 32 33 27 31 29 26 23 21 22 26 33 29 35 28 20 33 31 22 21 30
internal_value=0.0003767 -0.0715808 0.0200436 -0.226305 0.672766 0.137158 -0.303354 -0.0932099 -0.196085 0.243144 -0.234101 -0.0303922 -0.438013 0.0488366 -0.00512866 0.159467 0.00484199 -0.180926 -0.0743565 -0.282159 -0.219921 -0.0321122
internal_weight=631 570 358 212 61 176 159 182 69 80 105 113 54 96 64 49 53 76 87 45 54 56
internal_count=631 570 358 212 61 176 159 182 69 80 105 113 54 96 64 49 53 76 87 45 54 56
is_linear=0
shrinkage=0.05


Tree=20
num_leaves=24
num_cat=0
split_feature=0 1 2 1 2 4 3 4 1 3 4 1 1 1 2 2 4 3 2 4 4 4 2
split_gain=11082.7 3161.22 1527.29 1049.03 990.385 896.639 541.345 495.627 455.908 390.108 324.478 272.453 259.571 239.933 179.941 136.002 130.385 190.401 129.158 126.593 87.457 47.7651 25.2046
threshold=1.0000000180025095e-35 6.5000000000000009 35.321258690858343 3.5000000000000004 41.335204950233511 80.95124775926152 1.0000000180025095e-35 70.37534102925234 1.5000000000000002 3.5000000000000004 100.58943773434827 4.5000000000000009 4.5000000000000009 9.5000000000000018 55.90663262587239 64.778549173587678 64.353449915299549 1.5000000000000002 18.719971302615907 106.44087970978559 44.635869546487136 41.223026384884378 19.131485476827034
decision_type=2 2 2 2 2 2 2 2 2 2 2 2 2 2 2 2 2 2 2 2 2 2 2
left_child=1 2 6 -2 16 9 -1 12 -7 11 13 14 22 15 -4 -6 -3 -18 -9 -10 -11 -16 -8
right_child=3 4 5 -5 10 8 7 18 19 20 -12 -13 -14 -15 21 -17 17 -19 -20 -21 -22 -23 -24
leaf_value=-0.078218829274177559 0.36798333153128626 0.023889010871211307 -0.098382656339555979 0.79022569123067354 0.076630776699770378 -0.35193739434083304 -0.35121496066451074 -0.50420333454103183 -0.050261107567817931 -0.052039028562250594 0.016216196750219052 0.21089042611420156 -0.098149276321584544 0.33538352533661087 0.12651566036045553 0.22339690821735481 0.025171699076890947 -0.17033886477125415 -0.35353675931692125 -0.19693100226244756 -0.19469191201708536 0.02284722012281418 -0.27278588428383782
leaf_weight=25 24 39 25 38 27 33 20 33 31 21 26 22 22 29 20 38 20 33 25 28 22 25 21
leaf_count=25 24 39 25 38 27 33 20 33 31 21 26 22 22 29 20 38 20 33 25 28 22 25 21
internal_value=-0.00887999 -0.0762488 -0.163875 0.626777 0.0779235 -0.082734 -0.290032 -0.333795 -0.20311 -0.000700185 0.172549 0.0574078 -0.2367 0.21579 0.00917039 0.162433 -0.0455008 -0.0965613 -0.439261 -0.119867 -0.125024 0.0689221 -0.311044
internal_weight=647 585 373 62 212 227 146 121 92 135 120 92 63 94 70 65 92 53 58 59 43 45 41
internal_count=647 585 373 62 212 227 146 121 92 135 120 92 63 94 70 65 92 53 58 59 43 45 41
is_linear=0
shrinkage=0.05


Tree=21
num_leaves=24
num_cat=0
split_feature=0 1 2 1 2 4 1 1 3 3 3 1 4 4 2 4 4 3 4 2 4 4 4
split_gain=10002.1 2853.01 1378.38 946.747 893.822 809.217 495.805 411.457 381.927 352.072 304.73 245.888 221.132 170.335 162.397 146.651 117.673 171.837 114.25 104.344 78.93 61.5682 43.108
threshold=1.0000000180025095e-35 6.5000000000000009 35.321258690858343 3.5000000000000004 41.335204950233511 80.95124775926152 2.5000000000000004 1.5000000000000002 1.5000000000000002 3.5000000000000004 1.5000000000000002 4.5000000000000009 59.561721949384754 73.458558032528458 55.90663262587239 86.913750580069703 64.353449915299549 1.5000000000000002 106.44087970978559 68.224466640700982 44.635869546487136 98.144419052191225 41.223026384884378
decision_type=2 2 2 2 2 2 2 2 2 2 2 2 2 2 2 2 2 2 2 2 2 2 2
left_child=1 2 6 -2 16 9 15 -7 -8 11 19 14 -12 -10 -4 -1 -3 -18 -9 -6 -11 -14 -16
right_child=3 4 5 -5 10 7 8 18 13 20 12 -13 21 -15 22 -17 17 -19 -20 -21 -22 -23 -24
leaf_value=-0.32751896335713326 0.34958416447043422 0.022694560165445396 -0.093463527798652649 0.75071440495942765 0.18984780490398409 -0.33434052515887852 -0.0724960216704537 -0.047748052833541749 -0.20748213890827066 -0.049437076899976957 0.22115881056697281 0.2003458946265958 0.088324558314296517 -0.37860336381082355 0.12018987730145454 -0.49631371172991667 0.023913113027811052 -0.16182191882169608 -0.18708444918904987 0.3476458178325133 -0.18495731733062051 -0.024197469130158425 0.021704860389232639
leaf_weight=31 24 39 25 38 20 33 34 31 33 21 27 22 31 26 20 22 20 33 28 22 22 20 25
leaf_count=31 24 39 25 38 20 33 34 31 33 21 27 22 31 26 20 22 20 33 28 22 22 20 25
internal_value=-0.00843599 -0.0724363 -0.155681 0.595438 0.0740273 -0.0785973 -0.27553 -0.192954 -0.205973 -0.000665178 0.163921 0.0545374 0.105454 -0.282891 0.00871187 -0.397585 -0.0432258 -0.0917332 -0.113874 0.272504 -0.118773 0.0441983 0.065476
internal_weight=647 585 373 62 212 227 146 92 93 135 120 92 78 59 70 53 92 53 59 42 43 51 45
internal_count=647 585 373 62 212 227 146 92 93 135 120 92 78 59 70 53 92 53 59 42 43 51 45
is_linear=0
shrinkage=0.05


Tree=22
num_leaves=25
num_cat=0
split_feature=0 1 2 2 2 4 3 3 2 4 4 1 3 4 2 4 2 3 4 2 4 4 4 2
split_gain=9026.93 2579.32 1301.55 950.416 932.925 518.314 513.47 510.72 364.898 324.765 267.858 264.987 233.565 210.566 177.026 156.001 122.043 104.727 93.1457 83.3679 61.5911 34.5389 18.2134 11.4279
threshold=1.0000000180025095e-35 4.5000000000000009 34.68321172039493 22.403044631525468 44.730705003889057 106.75117725329555 1.5000000000000002 3.5000000000000004 85.967752141091893 35.881489737053279 70.37534102925234 6.5000000000000009 2.5000000000000004 86.913750580069703 80.277391156711801 48.055974890801885 45.296783039095665 2.5000000000000004 64.353449915299549 63.582533916049464 69.446955239959607 58.623216636687125 82.601101732715662 12.053335014544595
decision_type=2 2 2 2 2 2 2 2 2 2 2 2 2 2 2 2 2 2 2 2 2 2 2 2
left_child=1 3 6 13 -2 8 20 9 12 -4 -9 -8 16 23 17 -14 -5 22 -13 -7 -3 -18 -11 -1
right_child=4 2 7 5 -6 19 11 10 -10 14 -12 18 15 -15 -16 -17 21 -19 -20 -21 -22 -23 -24 -25
leaf_value=-0.26491848613534658 0.35876868141108548 0.10492207802832128 0.3299400940537453 -0.14213097308363234 0.74748536962451362 -0.36042136195160096 -0.29197689056396486 0.10272887652670895 0.062343952462317491 0.155848867893219 -0.11111238910816611 -0.023690198681184226 -0.090856698453426366 -0.4885690823197365 0.22819276257388055 -0.26337704642822873 0.025199837160661171 -0.0026270707178375 -0.1629932698261525 -0.21778285205364228 -0.01631270863793113 -0.062430634586648506 0.098488979378054231 -0.31772903535515074
leaf_weight=21 29 20 24 35 33 21 30 27 31 25 32 21 20 20 31 38 23 23 28 20 22 22 31 20
leaf_count=21 29 20 24 35 33 21 30 27 31 25 32 21 20 20 31 38 23 23 28 20 22 22 31 20
internal_value=-0.00801419 -0.0688145 0.0287214 -0.181827 0.565666 -0.131361 -0.0998434 0.109324 -0.0926702 0.163295 -0.0132528 -0.174944 -0.127492 -0.355561 0.126936 -0.203887 -0.0721058 0.087202 -0.103292 -0.290842 0.0414181 -0.0176417 0.124096 -0.29068
internal_weight=647 585 314 271 62 210 121 193 169 134 59 79 138 61 110 58 80 79 49 41 42 45 56 41
internal_count=647 585 314 271 62 210 121 193 169 134 59 79 138 61 110 58 80 79 49 41 42 45 56 41
is_linear=0
shrinkage=0.05


Tree=23
num_leaves=23
num_cat=0
split_feature=0 1 2 1 2 4 3 4 1 3 4 4 1 1 2 2 2 2 4 3 4 2
split_gain=8146.81 2355.42 1118.21 843.959 746.25 674.418 441.285 387.278 352.322 297.683 261.871 218.787 218.511 208.063 181.261 111.771 111.519 106.172 93.6334 141.5 64.1104 21.0779
threshold=1.0000000180025095e-35 6.5000000000000009 35.321258690858343 3.5000000000000004 41.335204950233511 80.95124775926152 1.0000000180025095e-35 70.37534102925234 1.5000000000000002 3.5000000000000004 100.58943773434827 34.776710398481455 4.5000000000000009 9.5000000000000018 72.614489218616811 18.719971302615907 64.778549173587678 66.486075842052131 64.353449915299549 1.5000000000000002 44.635869546487136 19.131485476827034
decision_type=2 2 2 2 2 2 2 2 2 2 2 2 2 2 2 2 2 2 2 2 2 2
left_child=1 2 6 -2 18 9 -1 12 -7 11 13 -4 21 16 -13 -9 -6 -10 -3 -20 -11 -8
right_child=3 4 5 -5 10 8 7 15 17 20 -12 14 -14 -15 -16 -17 -18 -19 19 -21 -22 -23
leaf_value=-0.057720545053482057 0.30525842340042197 0.01937135965205156 0.16995878830138181 0.68398792814267306 0.061307627624935579 -0.3068135873499242 -0.30758962720632554 -0.44211266882943384 -0.17337897515722686 -0.046550796677668892 0.0094015073890869449 -0.076674321442842489 -0.075521838665008556 0.30005901160425158 0.090813697526852297 -0.30195338499546054 0.19420810620251455 -0.039058766441960491 0.022241675406694413 -0.14630293990626481 -0.16868786297061228 -0.23586787914945964
leaf_weight=25 24 39 27 38 27 33 20 33 28 21 26 35 22 29 30 25 38 31 20 33 22 21
leaf_count=25 24 39 27 38 27 33 20 33 28 21 26 35 22 29 30 25 38 31 20 33 22 21
internal_value=-0.00761348 -0.0653738 -0.141012 0.537383 0.0677061 -0.0715827 -0.248959 -0.288471 -0.175981 -0.000437057 0.149845 0.0503228 -0.202643 0.188691 0.000627841 -0.381699 0.139003 -0.102804 -0.0394313 -0.0827012 -0.10904 -0.270854
internal_weight=647 585 373 62 212 227 146 121 92 135 120 92 63 94 65 58 65 59 92 53 43 41
internal_count=647 585 373 62 212 227 146 121 92 135 120 92 63 94 65 58 65 59 92 53 43 41
is_linear=0
shrinkage=0.05


Tree=24
num_leaves=24
num_cat=0
split_feature=0 1 2 2 2 3 4 1 2 4 1 3 4 4 4 4 4 4 2 2 2 2 2
split_gain=7352.49 2143.88 1087.64 832.068 776.687 506.907 436.507 417.857 304.11 293.226 234.092 201.291 179.532 167.987 142.905 129.507 116.42 114.427 104.383 77.8448 70.7237 15.2891 10.1649
threshold=1.0000000180025095e-35 4.5000000000000009 53.705576504720575 44.730705003889057 22.403044631525468 1.5000000000000002 106.75117725329555 6.5000000000000009 85.967752141091893 35.881489737053279 8.5000000000000018 2.5000000000000004 86.913750580069703 74.440657287720128 69.774496367143371 48.055974890801885 78.094312841466149 75.897526228912525 52.394734781454112 71.659766121550462 63.582533916049464 35.321258690858343 12.053335014544595
decision_type=2 2 2 2 2 2 2 2 2 2 2 2 2 2 2 2 2 2 2 2 2 2 2
left_child=1 4 5 -2 12 16 8 13 11 -4 17 18 22 -7 -9 -13 -3 -11 21 -12 -8 -6 -1
right_child=3 2 9 -5 6 7 20 14 -10 10 19 15 -14 -15 -16 -17 -18 -19 -20 -21 -22 -23 -24
leaf_value=-0.23798653958808808 0.31511961872978461 0.11984434447118215 0.27528326066676528 0.68222386909253674 -0.14747120358727195 -0.14630333781242372 -0.32995761136213941 0.023199423754380812 0.05750442916347135 0.10456796670953433 0.11639477144926787 -0.083734310567379011 -0.44500814944505696 -0.35123449385166172 -0.11581734869825214 -0.24092361825077158 -0.021427304863929752 -0.028507170421736585 -0.0043376469886616661 0.24512018431787908 -0.19858048826456071 -0.087068005800247206 -0.28779344573616983
leaf_weight=21 29 35 28 33 22 20 21 36 31 30 24 20 20 20 38 38 25 35 38 23 20 20 20
leaf_count=21 29 35 28 33 22 20 21 36 31 30 24 20 20 20 38 38 25 35 38 23 20 20 20
internal_value=-0.00723281 -0.0621051 0.0268175 0.510514 -0.165137 -0.0566538 -0.119516 -0.118567 -0.0840101 0.13056 0.0943797 -0.1158 -0.322193 -0.248769 -0.0481876 -0.18672 0.0609812 0.0329121 -0.064382 0.179388 -0.265871 -0.118708 -0.262283
internal_weight=647 585 314 62 271 174 210 114 169 140 112 138 61 40 74 58 60 65 80 47 41 42 41
internal_count=647 585 314 62 271 174 210 114 169 140 112 138 61 40 74 58 60 65 80 47 41 42 41
is_linear=0
shrinkage=0.05


Tree=25
num_leaves=26
num_cat=0
split_feature=0 1 2 2 2 3 1 3 4 4 1 4 3 1 4 3 3 2 4 2 2 4 1 2 4
split_gain=7856.13 1903.9 776.383 688.818 604.282 557.119 506.242 328.586 258.202 232.89 221.402 215.901 149.255 129.935 119.944 116.026 111.521 108.374 86.2074 73.9401 72.1763 69.5583 55.9403 54.8274 27.0301
threshold=1.0000000180025095e-35 3.5000000000000004 70.580493622611016 57.118920768949501 68.224466640700982 1.5000000000000002 9.5000000000000018 1.0000000180025095e-35 103.73904898995445 71.930075268508816 6.5000000000000009 50.498929597734495 2.5000000000000004 7.5000000000000009 76.503004436418067 1.5000000000000002 1.0000000180025095e-35 26.796746325749208 54.354324933799411 19.595475947031947 32.619737960274342 51.025843074080676 1.5000000000000002 80.857895725743703 75.635323666045508
decision_type=2 2 2 2 2 2 2 2 2 2 2 2 2 2 2 2 2 2 2 2 2 2 2 2 2
left_child=1 2 7 5 9 11 10 -1 17 -2 19 -3 24 21 20 -15 -13 18 -9 -7 -12 -5 -19 -23 -4
right_child=4 3 12 13 -6 6 -8 8 -10 -11 14 16 -14 15 -16 -17 -18 22 -20 -21 -22 23 -24 -25 -26
leaf_value=-0.059764780640602116 0.55948012501001354 0.18528769499269027 0.074041506364232013 0.13111397544188161 0.77543827652931219 -0.25923873903574768 0.12732542843922326 -0.21248701959848404 -0.40210983872413641 0.31818677520379429 -0.079598652890750354 0.08260151732426424 -0.10726580337128218 0.24319335936948105 -0.15417328972835095 0.10245379808475263 -0.07035610188137402 -0.23088696637461262 -0.35753432084761916 -0.14688717459212058 0.051492304425863993 -0.021656235307455064 -0.13734973666794373 0.084145124316215514 -0.0071781202033162116
leaf_weight=25 20 29 21 28 20 27 23 20 25 20 21 26 34 27 24 32 22 31 21 32 21 24 33 25 20
leaf_count=25 20 29 21 28 20 27 23 20 25 20 21 26 34 27 24 32 22 31 21 32 21 24 33 25 20
internal_value=0.00590281 -0.0494406 -0.161872 0.0221917 0.551035 -0.0315049 -0.088255 -0.225773 -0.257698 0.438833 -0.127922 0.0775734 -0.0298097 0.111028 -0.0650059 0.16686 0.0124959 -0.223314 -0.28678 -0.198302 -0.0140532 0.0682477 -0.182657 0.0323241 0.0344222
internal_weight=651 591 230 361 60 225 148 155 130 40 125 77 75 136 66 59 48 105 41 59 42 77 64 49 41
internal_count=651 591 230 361 60 225 148 155 130 40 125 77 75 136 66 59 48 105 41 59 42 77 64 49 41
is_linear=0
shrinkage=0.05


Tree=26
num_leaves=27
num_cat=0
split_feature=0 1 2 2 2 3 1 3 4 4 4 4 2 3 4 2 3 2 3 4 2 1 1 2 2 4
split_gain=7090.15 1718.27 700.686 621.658 545.364 502.799 456.884 296.549 233.027 210.183 205.046 194.851 141.321 134.702 125.057 192.515 100.648 97.8076 91.7777 77.8022 67.7094 50.4861 47.087 37.0712 27.3544 24.3947
threshold=1.0000000180025095e-35 3.5000000000000004 70.580493622611016 57.118920768949501 68.224466640700982 1.5000000000000002 9.5000000000000018 1.0000000180025095e-35 103.73904898995445 71.930075268508816 70.37534102925234 50.498929597734495 32.619737960274342 2.5000000000000004 103.53779263925139 79.073513410515659 1.0000000180025095e-35 26.796746325749208 2.5000000000000004 54.354324933799411 19.595475947031947 1.5000000000000002 7.5000000000000009 16.770308635105398 43.879218583063611 75.635323666045508
decision_type=2 2 2 2 2 2 2 2 2 2 2 2 2 2 2 2 2 2 2 2 2 2 2 2 2 2
left_child=1 2 7 5 9 11 10 -1 17 -2 12 -3 23 25 15 22 -13 19 -17 -9 -12 -19 -5 -7 -22 -4
right_child=4 3 13 14 -6 6 -8 8 -10 -11 20 16 -14 -15 -16 18 -18 21 -20 -21 24 -23 -24 -25 -26 -27
leaf_value=-0.056776540994644166 0.53150612413883214 0.17602330867586466 0.070339432145868033 0.034438653054990269 0.73666636079549797 -0.16641921982169153 0.12095915655726973 -0.20186266727745533 -0.38200434517860415 0.30227743349969388 -0.26329535178840163 0.078471440993822542 0.033256373554468158 -0.10190251331146367 0.0044477512836456302 0.26100828338946619 -0.06683829406445678 -0.21934262105534152 0.12453953921794891 -0.33965760799390932 -0.1092730368929915 -0.13048225346614015 0.12508074022505597 -0.070149752907454968 -0.19196892406791449 -0.0068192141503095639
leaf_weight=25 20 29 21 38 20 20 23 20 25 20 20 26 25 34 25 28 22 31 22 21 20 33 23 20 20 20
leaf_count=25 20 29 21 38 20 20 23 20 25 20 20 26 25 34 25 28 22 31 22 21 20 33 23 20 20 20
internal_value=0.00560767 -0.0469685 -0.153779 0.0210822 0.523483 -0.0299296 -0.0838423 -0.214485 -0.244813 0.416892 -0.121526 0.0736947 -0.0599995 -0.0283192 0.105477 0.128231 0.0118711 -0.212149 0.200962 -0.272441 -0.188179 -0.173524 0.0686152 -0.118284 -0.150621 0.0327011
internal_weight=651 591 230 361 60 225 148 155 130 40 125 77 65 75 136 111 48 105 50 41 60 64 61 40 40 41
internal_count=651 591 230 361 60 225 148 155 130 40 125 77 65 75 136 111 48 105 50 41 60 64 61 40 40 41
is_linear=0
shrinkage=0.05


Tree=27
num_leaves=26
num_cat=0
split_feature=0 1 2 2 2 3 1 3 4 1 4 4 3 4 2 4 4 2 3 3 2 2 1 1 2
split_gain=6398.86 1550.74 632.369 561.047 492.191 453.777 412.337 267.635 210.307 190.436 189.69 175.853 121.569 112.864 173.745 96.8598 90.8504 91.3713 90.8346 82.8294 61.1961 58.6839 42.4961 27.353 23.0058
threshold=1.0000000180025095e-35 3.5000000000000004 70.580493622611016 57.118920768949501 68.224466640700982 1.5000000000000002 9.5000000000000018 1.0000000180025095e-35 103.73904898995445 6.5000000000000009 71.930075268508816 50.498929597734495 2.5000000000000004 103.53779263925139 79.073513410515659 76.503004436418067 34.776710398481455 26.796746325749208 1.0000000180025095e-35 2.5000000000000004 19.595475947031947 32.619737960274342 7.5000000000000009 1.5000000000000002 87.906686626571044
decision_type=2 2 2 2 2 2 2 2 2 2 2 2 2 2 2 2 2 2 2 2 2 2 2 2 2
left_child=1 2 7 5 10 11 9 -1 16 20 -2 -3 24 14 22 21 -9 -18 -13 -16 -7 -11 -5 -19 -4
right_child=4 3 12 13 -6 6 -8 8 -10 15 -12 18 -14 -15 19 -17 17 23 -20 -21 -22 -23 -24 -25 -26
leaf_value=-0.053937714517116542 0.50493081256747252 0.16722214543100061 -0.00548519648256756 0.032716719355238115 0.69983303844928746 -0.23615959602649564 0.11491120023571927 -0.11609828784906616 -0.36290412855148318 -0.070413590076246438 0.28716356411576272 0.074547868393934694 -0.096807388194343633 0.0042253601551055916 0.24795786706464634 -0.13722795160332074 -0.29796824439846237 -0.22346321034889957 -0.063496379672803666 0.11831256286664443 -0.13394777814392 0.047791123053147679 0.11882670868350112 -0.15093604363680174 0.069444790668785575
leaf_weight=25 20 29 21 38 20 27 23 24 25 21 20 26 34 25 28 24 29 26 22 22 32 21 23 26 20
leaf_count=25 20 29 21 38 20 27 23 24 25 21 20 26 34 25 28 24 29 26 22 22 32 21 23 26 20
internal_value=0.00532729 -0.0446201 -0.14609 0.020028 0.497309 -0.0284331 -0.0796502 -0.20376 -0.232572 -0.115449 0.396047 0.07001 -0.0269033 0.100203 0.121819 -0.0570991 -0.201541 -0.226858 0.0112776 0.190914 -0.180723 -0.0113112 0.0651844 -0.1872 0.031066
internal_weight=651 591 230 361 60 225 148 155 130 125 40 77 75 136 111 66 105 81 48 50 59 42 61 52 41
internal_count=651 591 230 361 60 225 148 155 130 125 40 77 75 136 111 66 105 81 48 50 59 42 61 52 41
is_linear=0
shrinkage=0.05


Tree=28
num_leaves=26
num_cat=0
split_feature=0 1 2 3 1 2 4 3 1 4 4 3 2 2 2 1 2 4 2 4 4 2 4 2 4
split_gain=5774.98 1399.54 574.634 507.975 475.165 314.115 271.534 246.397 228.077 227.447 196.365 119.581 185.753 90.8355 89.543 88.1238 82.8341 77.268 59.9141 58.442 45.6516 37.1379 33.8597 18.2846 9.48858
threshold=1.0000000180025095e-35 3.5000000000000004 80.857895725743703 3.5000000000000004 6.5000000000000009 41.335204950233511 102.75380812128141 1.0000000180025095e-35 5.5000000000000009 57.926355046149283 42.127309092208996 1.0000000180025095e-35 75.18798329894544 11.789816386179437 48.080008712675145 1.0000000180025095e-35 44.122796192832176 80.95124775926152 26.796746325749208 78.094312841466149 97.486208209961475 25.47055693714643 87.934726686380444 87.027262753816288 42.127309092208996
decision_type=2 2 2 2 2 2 2 2 2 2 2 2 2 2 2 2 2 2 2 2 2 2 2 2 2
left_child=1 2 7 5 -2 10 8 -1 -5 14 -3 19 17 -12 24 -11 -10 -13 -17 -7 -20 -15 -4 -14 -9
right_child=4 3 22 6 -6 11 -8 9 16 15 13 12 23 21 -16 18 -18 -19 20 -21 -22 -23 -24 -25 -26
leaf_value=-0.049629907856384915 0.36150579661936377 0.10376202183101198 0.044762604013085371 -0.16187903375923635 0.6509089738616477 0.22710313436885676 -0.23721223516389728 -0.15003238626755777 -0.034831961622047762 -0.3286278869057524 -0.14057293231599033 0.061143589523193001 0.19033657908439638 0.020236848174564302 -0.044811180122196675 -0.29370668490417301 0.078716468477043611 -0.05893717890694028 -0.13665969999773162 0.11288802254767645 -0.2422114396095276 -0.060793619932463544 -0.039226107969880103 0.1242807074026628 -0.19873706325888635
leaf_weight=30 37 29 30 25 23 24 20 20 36 29 20 37 20 31 20 20 29 21 21 21 20 26 20 22 20
leaf_count=30 37 29 30 25 23 24 20 20 36 29 20 37 20 31 20 20 29 21 21 21 20 26 20 22 20
internal_value=0.00506092 -0.0423891 -0.138785 0.0190266 0.472444 0.0582909 -0.0705672 -0.180439 -0.033535 -0.2066 -0.00712879 0.106115 0.0756554 -0.0488929 -0.131194 -0.256871 0.0158281 0.0176661 -0.222758 0.173803 -0.188148 -0.0167244 0.0111671 0.155736 -0.174385
internal_weight=651 591 230 361 60 251 110 180 90 150 106 145 100 77 60 90 65 58 61 45 41 57 50 42 40
internal_count=651 591 230 361 60 251 110 180 90 150 106 145 100 77 60 90 65 58 61 45 41 57 50 42 40
is_linear=0
shrinkage=0.05


Tree=29
num_leaves=25
num_cat=0
split_feature=0 1 2 2 3 2 1 3 4 4 4 2 4 2 3 3 1 2 2 4 2 1 1 2
split_gain=5211.92 1263.09 524.32 460.979 498.318 446.551 239.814 219.233 218.959 179.222 120.747 113.178 108.527 98.5903 96.9049 90.4207 79.4499 78.5571 75.6898 58.0742 45.3905 38.2872 34.9731 15.8478
threshold=1.0000000180025095e-35 3.5000000000000004 70.580493622611016 67.518540198665491 1.0000000180025095e-35 48.701840648338283 9.5000000000000018 1.0000000180025095e-35 70.118697039837016 103.73904898995445 103.53779263925139 13.302143898959175 105.34039835352999 41.335204950233511 2.5000000000000004 3.5000000000000004 8.5000000000000018 79.073513410515659 26.796746325749208 54.354324933799411 39.102697286328386 1.5000000000000002 6.5000000000000009 25.47055693714643
decision_type=2 2 2 2 2 2 2 2 2 2 2 2 2 2 2 2 2 2 2 2 2 2 2 2
left_child=1 2 7 4 13 -2 8 -1 11 18 16 -6 14 -3 -4 22 17 -5 19 -9 23 -20 -10 -13
right_child=5 3 12 10 6 -7 -8 9 15 -11 -12 20 -14 -15 -16 -17 -18 -19 21 -21 -22 -23 -24 -25
leaf_value=-0.048759332299232488 0.29283649726555899 0.058059207129257696 0.076378890820618328 0.024667950570583345 -0.12677854083478451 0.56810415325795904 0.075514286197721964 -0.1738515073619783 -0.13337648698890753 -0.33075073617696765 0.0035699106398082918 0.0035184943675994878 -0.11976711317187264 0.19733789426585038 -0.057950439065694817 -0.19180594626814129 0.20799705971170357 0.15176984513959579 -0.18771274719507464 -0.29290137432870411 0.049801027654286699 -0.11032913961645328 -0.047720087692141533 -0.058671733936561013
leaf_weight=25 26 27 29 20 20 34 32 20 22 25 21 20 21 24 25 36 27 31 31 21 34 33 26 21
leaf_count=25 26 27 29 20 20 34 32 20 22 25 21 20 21 24 25 36 27 31 31 21 34 33 26 21
internal_value=0.00480788 -0.0402697 -0.131846 0.0180753 -0.0166562 0.448822 -0.0505575 -0.184359 -0.0730955 -0.210436 0.109991 -0.0210955 -0.0233184 0.123602 0.0141894 -0.131905 0.138643 0.101926 -0.18179 -0.234828 0.00708665 -0.147812 -0.0869793 -0.028335
internal_weight=651 591 230 361 262 60 211 155 179 130 99 95 75 51 54 84 78 51 105 41 75 64 48 41
internal_count=651 591 230 361 262 60 211 155 179 130 99 95 75 51 54 84 78 51 105 41 75 64 48 41
is_linear=0
shrinkage=0.05


Tree=30
num_leaves=23
num_cat=0
split_feature=0 1 3 4 2 2 4 4 1 4 1 1 3 4 3 2 4 3 2 4 4 4
split_gain=4568.68 1489.83 624.537 617.9 460.022 331.553 223.327 186.922 185.83 173.475 166.443 127.102 117.647 97.8172 79.3887 77.4445 76.4027 70.7257 57.7795 71.0658 47.542 25.524
threshold=1.0000000180025095e-35 4.5000000000000009 1.5000000000000002 63.86752382744546 35.508412870294862 51.090419883160017 80.95124775926152 64.918370485553154 1.5000000000000002 35.881489737053279 6.5000000000000009 1.5000000000000002 3.5000000000000004 86.26432337282067 2.5000000000000004 67.518540198665491 40.312710883019399 2.5000000000000004 64.369620395579531 78.094312841466149 62.059687133568595 69.774496367143371
decision_type=2 2 2 2 2 2 2 2 2 2 2 2 2 2 2 2 2 2 2 2 2 2
left_child=1 5 9 -2 10 8 16 15 20 -3 -4 -8 -9 14 -10 -6 -7 -18 19 -11 -1 -12
right_child=3 2 4 -5 7 6 11 12 13 18 21 -13 -14 -15 -16 -17 17 -19 -20 -21 -22 -23
leaf_value=-0.19952706115320326 0.54833861964089536 0.25231075972939532 -0.2005519476036231 0.23321109049554384 0.05458282849618367 0.051738197853167855 -0.22855072285120306 0.04740028467142221 -0.050587405377265186 0.12021452329153647 -0.023048345565330239 -0.077510138253370928 -0.09063833376456952 -0.21663121705731522 -0.17683270971290768 0.16507263342882028 0.0037375709116458894 -0.11918350017883561 0.15944784902609313 0.0025246911722680799 -0.29840468245167889 -0.091454465687274944
leaf_weight=20 35 24 30 28 35 27 26 33 33 29 30 30 29 26 20 29 25 22 26 23 31 25
leaf_count=20 35 24 30 28 35 27 26 33 33 29 30 30 29 26 20 29 25 22 26 23 31 25
internal_value=0.00413076 -0.0403047 0.0331764 0.408282 -0.0159297 -0.128765 -0.0723022 0.044708 -0.185227 0.134759 -0.105816 -0.147636 -0.0171662 -0.137196 -0.0982271 0.104649 -0.0152928 -0.0538 0.0985889 0.0681594 -0.259629 -0.054142
internal_weight=636 573 313 63 211 260 130 126 130 102 85 56 62 79 53 64 74 47 78 52 51 55
internal_count=636 573 313 63 211 260 130 126 130 102 85 56 62 79 53 64 74 47 78 52 51 55
is_linear=0
shrinkage=0.05


Tree=31
num_leaves=25
num_cat=0
split_feature=0 1 3 4 2 3 4 2 1 4 4 4 2 1 2 4 4 4 2 4 2 4 4 4
split_gain=4123.23 1344.57 563.645 557.655 418.268 311.564 247.618 224.767 217.299 184.317 177.625 156.561 131.768 131.762 127.746 118.469 92.8556 70.7406 52.2594 68.0981 50.6399 27.8951 22.1417 29.6199
threshold=1.0000000180025095e-35 4.5000000000000009 1.5000000000000002 63.86752382744546 19.131485476827034 1.0000000180025095e-35 107.97898822907503 87.027262753816288 1.0000000180025095e-35 30.626621042796064 76.275483566703699 35.881489737053279 66.346844384847927 9.5000000000000018 23.49653186157267 70.118697039837016 83.389187439940727 62.34569487135699 62.720964277466315 78.094312841466149 39.102697286328386 102.35035222783536 76.952205787060493 48.055974890801885
decision_type=2 2 2 2 2 2 2 2 2 2 2 2 2 2 2 2 2 2 2 2 2 2 2 2
left_child=1 5 11 -2 15 10 12 8 -7 -10 -1 -3 13 16 -11 -4 20 -14 19 -13 -6 22 23 -16
right_child=3 2 4 -5 6 7 -8 -9 9 14 -12 18 17 -15 21 -17 -18 -19 -20 -21 -22 -23 -24 -25
leaf_value=0.072696587762662343 0.5209216867174421 0.23969522211700678 -0.075292136763723996 0.22155053974794492 -0.042346448900744967 -0.27499100496180551 -0.14230305589735509 -0.020561940659736766 -0.0010094119235873223 -0.25050910556456074 -0.11267303513983887 0.11420379523830167 0.1637470003483551 0.11765852319923314 -0.09605064343499102 -0.23496269934943748 -0.11371341735124588 0.04393535202199763 0.14990759800981593 -0.0024535819549452178 0.057000684995075761 -0.18575782775878907 -0.074382726383628334 -0.17467342132329944
leaf_weight=28 35 24 26 28 23 39 20 29 20 32 24 29 28 22 23 21 20 22 27 22 29 20 20 25
leaf_count=28 35 24 26 28 23 39 20 29 20 32 24 29 28 22 23 21 20 22 27 22 29 20 20 25
internal_value=0.00392422 -0.0382895 0.0315176 0.387868 -0.0151332 -0.122326 0.0225531 -0.149693 -0.170614 -0.141538 -0.0128586 0.128021 0.0454498 0.0105667 -0.164959 -0.146634 -0.0221558 0.11103 0.0936594 0.063881 0.0130587 -0.13385 -0.118583 -0.137
internal_weight=636 573 313 63 211 260 164 208 179 140 52 102 144 94 120 47 72 50 78 51 52 88 68 48
internal_count=636 573 313 63 211 260 164 208 179 140 52 102 144 94 120 47 72 50 78 51 52 88 68 48
is_linear=0
shrinkage=0.05


Tree=32
num_leaves=23
num_cat=0
split_feature=0 1 3 4 2 2 4 1 4 1 4 1 3 4 3 4 2 3 2 4 4 4
split_gain=3721.22 1213.48 508.689 503.283 378.903 283.104 187.765 156.286 150.023 142.173 141.296 107.037 102.159 83.9635 67.4946 65.5421 63.4425 58.405 49.072 40.0631 39.6796 21.7563
threshold=1.0000000180025095e-35 4.5000000000000009 1.5000000000000002 63.86752382744546 35.508412870294862 51.090419883160017 80.95124775926152 1.5000000000000002 64.918370485553154 6.5000000000000009 35.881489737053279 1.5000000000000002 3.5000000000000004 86.26432337282067 2.5000000000000004 40.312710883019399 67.518540198665491 2.5000000000000004 41.335204950233511 62.059687133568595 84.588627357921737 69.774496367143371
decision_type=2 2 2 2 2 2 2 2 2 2 2 2 2 2 2 2 2 2 2 2 2 2
left_child=1 5 10 -2 9 7 15 19 16 -4 -3 -8 -10 14 -9 -7 -6 -17 -12 -1 -20 -11
right_child=3 2 4 -5 8 6 11 13 12 21 18 -13 -14 -15 -16 17 -18 -19 20 -21 -22 -23
leaf_value=-0.18144367098808289 0.49487560272216796 0.22771045826375486 -0.18351040864984194 0.21047300818775383 0.049040856882929806 0.05032210946083069 -0.20736540942811052 -0.044306111821171008 0.045390442465290885 -0.019488312193813424 0.041427229158580305 -0.068758977403243382 -0.08324144338739331 -0.19793179326045973 -0.1607108372449875 0.0048586983084678657 0.14904479667030532 -0.10684375341304325 0.16651530388432245 -0.27221141130693499 0.073551187054677447 -0.082644149601459507
leaf_weight=20 35 24 30 28 35 27 26 33 33 30 32 30 29 26 20 25 29 22 24 31 22 25
leaf_count=20 35 24 30 28 35 27 26 33 33 30 32 30 29 26 20 25 29 22 24 31 22 25
internal_value=0.00372801 -0.036375 0.0299417 0.368474 -0.0143766 -0.11621 -0.0640359 -0.168384 0.0406556 -0.0959537 0.12162 -0.133112 -0.0147761 -0.124336 -0.0882324 -0.0117621 0.0943551 -0.0474276 0.0889765 -0.236616 0.122054 -0.0481955
internal_weight=636 573 313 63 211 260 130 130 126 85 102 56 62 79 53 74 64 47 78 51 46 55
internal_count=636 573 313 63 211 260 130 130 126 85 102 56 62 79 53 74 64 47 78 51 46 55
is_linear=0
shrinkage=0.05


Tree=33
num_leaves=25
num_cat=0
split_feature=0 1 3 4 2 3 4 2 1 4 4 4 1 2 2 4 4 2 4 2 4 4 2 4
split_gain=3358.4 1095.16 459.092 454.213 349.232 273.465 213.74 190.411 183.248 158.096 145.016 127.52 112.752 128.616 109.45 103.659 95.0356 44.6105 60.5872 43.9619 23.5427 22.0446 28.9309 21.829
threshold=1.0000000180025095e-35 4.5000000000000009 1.5000000000000002 63.86752382744546 19.131485476827034 1.0000000180025095e-35 107.97898822907503 87.027262753816288 1.0000000180025095e-35 30.626621042796064 76.275483566703699 35.881489737053279 8.5000000000000018 69.873990924829698 23.49653186157267 70.118697039837016 83.389187439940727 62.720964277466315 78.094312841466149 42.079462039131833 102.35035222783536 76.952205787060493 59.844547564602131 51.814593121707048
decision_type=2 2 2 2 2 2 2 2 2 2 2 2 2 2 2 2 2 2 2 2 2 2 2 2
left_child=1 5 11 -2 15 10 12 8 -7 -10 -1 -3 13 16 -11 -4 19 18 -13 -6 21 22 -16 -14
right_child=3 2 4 -5 6 7 -8 -9 9 14 -12 17 23 -15 20 -17 -18 -19 -20 -21 -22 -23 -24 -25
leaf_value=0.069461156800389293 0.47013182946613857 0.21632493506185713 -0.067083416191431197 0.19994936000023569 -0.0435207554907538 -0.25114498035265853 -0.13238604687154296 -0.017185395108214742 0.0015563804842531682 -0.22947169324615971 -0.098031092807650572 0.10448122531946363 0.14219118172214146 0.091906260669929907 -0.09303347522925054 -0.21644062133772032 -0.12123247623443603 0.13649663538844498 -0.0055549151687459518 0.057838508357172427 -0.16917611956596376 -0.063360604951158167 -0.17177027193247341 0.074754495033994325
leaf_weight=28 35 24 26 28 20 39 20 29 20 32 24 29 21 32 28 21 20 27 22 23 20 20 20 28
leaf_count=28 35 24 26 28 20 39 20 29 20 32 24 29 21 32 28 21 20 27 22 23 20 20 20 28
internal_value=0.00354161 -0.0345563 0.0284446 0.350051 -0.0136577 -0.1104 0.0207783 -0.136039 -0.155294 -0.128593 -0.00784296 0.115539 0.0420511 0.010276 -0.150285 -0.133817 -0.031187 0.0845276 0.0570147 0.0106947 -0.12149 -0.107464 -0.12584 0.103656
internal_weight=636 573 313 63 211 260 164 208 179 140 52 102 144 95 120 47 63 78 51 43 88 68 48 49
internal_count=636 573 313 63 211 260 164 208 179 140 52 102 144 95 120 47 63 78 51 43 88 68 48 49
is_linear=0
shrinkage=0.05


Tree=34
num_leaves=25
num_cat=0
split_feature=0 1 3 2 1 3 2 2 4 2 1 4 4 4 4 1 3 1 2 4 4 2 4 2
split_gain=3030.96 988.385 422.078 414.588 357.554 246.802 245.666 203.224 175.762 173.14 157.832 146.898 130.877 130.412 129.862 126.77 75.5071 51.2129 40.9588 38.854 34.7336 26.4827 23.1845 20.1539
threshold=1.0000000180025095e-35 4.5000000000000009 2.5000000000000004 69.033229906292334 5.5000000000000009 1.0000000180025095e-35 17.97206200560856 34.68321172039493 24.492850020957547 87.027262753816288 8.5000000000000018 42.127309092208996 76.275483566703699 75.897526228912525 76.275483566703699 1.0000000180025095e-35 4.5000000000000009 3.5000000000000004 63.582533916049464 35.881489737053279 76.952205787060493 65.737761809125075 83.389187439940727 63.206649586084403
decision_type=2 2 2 2 2 2 2 2 2 2 2 2 2 2 2 2 2 2 2 2 2 2 2 2
left_child=1 5 7 4 -2 12 -4 11 -7 15 13 -3 -1 23 19 -10 17 18 22 -9 -12 -16 -17 -8
right_child=3 2 6 -5 -6 8 10 14 9 -11 20 -13 -14 -15 21 16 -18 -19 -20 -21 -22 -23 -24 -25
leaf_value=0.065988096448459807 0.090455705821514132 0.11236764430068434 -0.15926898822188379 0.52062161028385157 0.37952129840850835 0.011680505480617285 -0.016456081112846733 0.23656526867832459 -0.24770457308207239 -0.024454535773167245 0.033865155486596958 -0.045639342295103955 -0.09312953849633536 -0.11388575376735793 0.023695644736289979 -0.13716294706011048 -0.21442745757047779 -0.050797953775950845 -0.076810917770490053 0.14903845342341812 0.11960328341949554 0.10506318584084512 -0.20337655685842038 0.051504175737500192
leaf_weight=28 20 24 30 20 23 20 24 21 35 26 27 38 24 36 20 39 27 21 20 32 21 20 20 20
leaf_count=28 20 24 30 20 23 20 24 21 35 26 27 38 24 36 20 39 27 21 20 32 21 20 20 20
internal_value=0.00336453 -0.0328284 0.0270224 0.332548 0.245072 -0.10488 -0.030486 0.0856439 -0.129237 -0.144228 -0.000302511 0.0155247 -0.00745081 -0.0433094 0.13239 -0.163451 -0.140232 -0.120199 -0.138647 0.183719 0.0713756 0.0643794 -0.159608 0.0144349
internal_weight=636 573 313 63 43 260 158 155 208 188 128 62 52 80 93 162 127 100 79 53 48 40 59 44
internal_count=636 573 313 63 43 260 158 155 208 188 128 62 52 80 93 162 127 100 79 53 48 40 59 44
is_linear=0
shrinkage=0.05


Tree=35
num_leaves=23
num_cat=0
split_feature=0 1 1 3 2 2 4 4 2 4 4 4 4 4 4 2 4 3 4 2 1 2
split_gain=2102.14 856.542 809.84 546.633 275.54 274.079 266.631 263.302 215.436 214.117 169.042 119.431 77.5513 66.128 62.6739 113.189 38.4911 37.601 52.8535 30.8135 29.1168 15.0815
threshold=1.0000000180025095e-35 6.5000000000000009 3.5000000000000004 3.5000000000000004 19.131485476827034 70.580493622611016 34.776710398481455 83.389187439940727 41.335204950233511 63.092506070434204 100.58943773434827 74.018030522459512 28.967390611155654 47.908133437825292 102.35035222783536 90.485854190374511 51.814593121707048 3.5000000000000004 72.305263687084462 38.854903527318207 1.5000000000000002 57.456815201508498
decision_type=2 2 2 2 2 2 2 2 2 2 2 2 2 2 2 2 2 2 2 2 2 2
left_child=1 3 -2 5 -5 7 -3 12 17 -6 11 16 -1 -14 15 -7 -10 18 -8 -15 -9 -11
right_child=2 6 -4 4 9 14 8 20 10 21 -12 -13 13 19 -16 -17 -18 -19 -20 -21 -22 -23
leaf_value=0.05203681777985323 0.040399770762609401 0.18147083949918549 0.41821581987110346 -0.30880450791326064 -0.038011331582028011 0.005492499407709522 -0.077087536528706549 -0.21217828915369782 0.10063641406595708 -0.23024856542999095 -0.04314879035949707 0.17988510681316258 -0.10847379947347301 -0.05298357161227614 -0.036925780366767538 0.15104351666840643 0.0037155066927274071 -0.087879641138916387 0.030153006591178755 0.021963412353458504 -0.13835645655498785 -0.17348623561859133
leaf_weight=21 23 30 37 29 36 34 20 22 20 22 25 32 35 32 22 22 21 29 27 24 34 25
leaf_count=21 23 30 37 29 36 34 20 22 20 22 25 32 35 32 22 22 21 29 27 24 34 25
internal_value=-0.00793199 -0.037966 0.273386 -0.0845621 -0.176128 -0.0428735 0.0438057 -0.0788345 0.0200703 -0.129771 0.0690649 0.107494 -0.0345729 -0.0545597 0.0345812 0.0626733 0.050994 -0.043107 -0.0154813 -0.0208634 -0.167358 -0.200056
internal_weight=622 562 60 358 112 246 204 168 174 83 98 73 112 91 78 56 41 76 47 56 56 47
internal_count=622 562 60 358 112 246 204 168 174 83 98 73 112 91 78 56 41 76 47 56 56 47
is_linear=0
shrinkage=0.05


Tree=36
num_leaves=22
num_cat=0
split_feature=0 1 1 3 2 2 4 4 2 4 4 4 1 4 4 4 2 2 1 3 2
split_gain=1897.18 773.029 730.88 493.336 248.675 247.356 240.634 237.63 196.224 193.24 81.6236 148.224 76.3347 69.99 59.6806 57.9252 56.9941 27.8092 26.2779 24.2928 13.6111
threshold=1.0000000180025095e-35 6.5000000000000009 3.5000000000000004 3.5000000000000004 19.131485476827034 70.580493622611016 34.776710398481455 83.389187439940727 49.586843411163876 63.092506070434204 102.35035222783536 74.018030522459512 9.5000000000000018 28.967390611155654 47.908133437825292 51.180770608278614 90.485854190374511 38.854903527318207 1.5000000000000002 3.5000000000000004 57.456815201508498
decision_type=2 2 2 2 2 2 2 2 2 2 2 2 2 2 2 2 2 2 2 2 2
left_child=1 3 -2 5 -5 7 -3 13 12 -6 11 -10 19 -1 -15 -7 -17 -16 -9 -8 -11
right_child=2 6 -4 4 9 15 8 18 10 20 -12 -13 -14 14 17 16 -18 -19 -20 -21 -22
leaf_value=0.049434980107027862 0.038379783863606659 0.17239729745623966 0.39730502882519286 -0.29336428251759761 -0.03611076610783736 0.095589247010648248 -0.04102805705839082 -0.20156937573443759 0.038396105376121245 -0.21873613587495955 -0.01030426939780062 0.19332813288156803 0.034745353779622484 -0.10305010974407197 -0.050334391742944719 -0.037105819695826735 0.069861459434032436 0.020865242105598251 -0.13143863546497681 -0.10704891138117423 -0.1648119239807129
leaf_weight=21 23 30 37 29 36 25 38 22 38 22 22 26 28 35 32 33 20 24 34 22 25
leaf_count=21 23 30 37 29 36 25 38 22 38 22 22 26 28 35 32 33 20 24 34 22 25
internal_value=-0.00753539 -0.0360677 0.259717 -0.080334 -0.167322 -0.0407298 0.0416154 -0.0748928 0.0190668 -0.123283 0.0727778 0.101337 -0.0334235 -0.0328442 -0.0518317 0.0328522 0.00325919 -0.0198203 -0.15899 -0.0652357 -0.190053
internal_weight=622 562 60 358 112 246 204 168 174 83 86 64 88 112 91 78 53 56 56 60 47
internal_count=622 562 60 358 112 246 204 168 174 83 86 64 88 112 91 78 53 56 56 60 47
is_linear=0
shrinkage=0.05


Tree=37
num_leaves=25
num_cat=0
split_feature=0 1 1 3 2 2 4 4 2 4 4 4 1 2 4 2 1 2 4 3 4 2 2 4
split_gain=1712.21 697.659 659.62 445.236 224.429 223.239 217.172 215.416 177.473 175.202 141.71 97.5279 88.755 70.3998 54.4028 97.3936 47.1736 40.9737 34.4911 31.6938 47.5821 11.2239 7.81632 3.00256
threshold=1.0000000180025095e-35 6.5000000000000009 3.5000000000000004 3.5000000000000004 19.131485476827034 70.580493622611016 34.776710398481455 75.635323666045508 41.335204950233511 71.647964778116645 100.58943773434827 74.018030522459512 3.5000000000000004 57.456815201508498 102.35035222783536 90.485854190374511 1.5000000000000002 42.672408488226516 51.814593121707048 3.5000000000000004 72.305263687084462 31.834308673614835 38.854903527318207 105.34039835352999
decision_type=2 2 2 2 2 2 2 2 2 2 2 2 2 2 2 2 2 2 2 2 2 2 2 2
left_child=1 3 -2 5 -5 7 -3 12 19 13 11 18 17 -6 15 -7 -9 -1 -10 20 -8 -18 -14 -11
right_child=2 6 -4 4 9 14 8 16 10 23 -12 -13 22 -15 -16 -17 21 -19 -20 -21 -22 -23 -24 -25
leaf_value=-0.096204796755636063 0.036460796776025192 0.16377743102610112 0.37743978178178944 -0.2786960698407272 -0.11253673207192194 0.0043412092915626572 -0.072318357490003107 -0.19619545650978884 0.093703043013811119 -0.17873888004571201 -0.040159754455089569 0.16318474444560707 0.010329055599868298 0.015451187301765791 -0.035412163490598857 0.13935507237911224 -0.081387176923453819 -0.0087615807917678645 0.0019562258983829191 -0.080333468356523025 0.029433870260362274 -0.1321034095560511 0.053517683893442164 -0.20613668731413784
leaf_weight=37 23 30 37 29 21 34 20 24 20 20 25 32 22 22 22 22 20 21 21 29 27 24 20 20
leaf_count=37 23 30 37 29 21 34 20 24 20 20 25 32 22 22 22 22 20 21 21 29 27 24 20 20
internal_value=-0.00715862 -0.0342643 0.246731 -0.0763173 -0.158956 -0.0386933 0.0395346 -0.0711482 0.0181134 -0.117119 0.0625822 0.0977679 -0.0244598 -0.0470545 0.0312096 0.0573824 -0.139808 -0.0645443 0.0467108 -0.0392279 -0.013865 -0.109051 0.0308951 -0.192438
internal_weight=622 562 60 358 112 246 204 168 174 83 98 73 100 43 78 56 68 58 41 76 47 44 42 40
internal_count=622 562 60 358 112 246 204 168 174 83 98 73 100 43 78 56 68 58 41 76 47 44 42 40
is_linear=0
shrinkage=0.05


Tree=38
num_leaves=21
num_cat=0
split_feature=0 1 3 2 4 3 4 2 2 1 1 3 2 3 4 1 4 1 4 2
split_gain=1545.27 629.637 600.159 403.066 256.028 244.676 195.998 192.568 163.143 152.24 86.5297 79.8086 78.52 76.4853 73.6576 67.9949 56.3373 39.483 25.7662 17.4561
threshold=1.0000000180025095e-35 6.5000000000000009 3.5000000000000004 23.49653186157267 30.021423801676985 2.5000000000000004 34.776710398481455 78.001616482965645 49.586843411163876 1.5000000000000002 4.5000000000000009 3.5000000000000004 69.294368333715354 3.5000000000000004 71.647964778116645 9.5000000000000018 74.018030522459512 3.5000000000000004 80.595597755206413 60.177957561396774
decision_type=2 2 2 2 2 2 2 2 2 2 2 2 2 2 2 2 2 2 2 2
left_child=1 3 -2 9 -5 10 -3 17 15 -1 12 -11 14 16 -6 18 -10 19 -8 -7
right_child=2 6 -4 4 5 7 8 -9 13 11 -12 -13 -14 -15 -16 -17 -18 -19 -20 -21
leaf_value=-0.2728248512993256 0.35471719785740508 0.15558855858941875 0.026564689725637438 0.088268536654879548 -0.023324166299425998 -0.11179844461105488 -0.032985943778018868 -0.019494136877577097 0.04347691680987141 -0.080455604720956253 0.061222253380150631 -0.1948968305643648 0.019372704047232105 -0.011857334427211597 -0.13145222042554192 0.033683501556515692 0.13834057943347622 -0.21806497820045637 -0.099446880370378507 -0.17258017318589347
leaf_weight=24 38 30 22 33 36 27 35 34 29 39 29 25 39 23 28 28 34 23 25 21
leaf_count=24 38 30 22 33 36 27 35 34 29 39 29 25 39 23 28 28 34 23 25 21
internal_value=-0.00680069 -0.0325511 0.234395 -0.0725014 -0.0422131 -0.0603814 0.0375579 -0.117343 0.0172078 -0.165432 -0.0150708 -0.125159 -0.0365514 0.0661825 -0.0706302 -0.0306539 0.0946732 -0.164201 -0.060678 -0.13839
internal_weight=622 562 60 358 270 237 204 105 174 88 132 64 103 86 64 88 63 71 60 48
internal_count=622 562 60 358 270 237 204 105 174 88 132 64 103 86 64 88 63 71 60 48
is_linear=0
shrinkage=0.05


Tree=39
num_leaves=23
num_cat=0
split_feature=0 1 1 2 4 2 4 1 3 3 2 4 4 2 3 2 1 4 4 2 2 3
split_gain=1394.6 588.664 574.735 427.059 329.51 261.062 244.414 160.67 131.713 103.743 80.1279 85.7533 80.4811 62.0967 55.6484 54.2571 65.5885 46.5143 63.4253 31.2643 29.925 13.9266
threshold=1.0000000180025095e-35 3.5000000000000004 7.5000000000000009 8.1658582949169247 112.47502783242631 69.294368333715354 34.776710398481455 1.5000000000000002 3.5000000000000004 1.0000000180025095e-35 49.586843411163876 74.018030522459512 80.595597755206413 93.178418583777116 3.5000000000000004 50.337242211244487 3.5000000000000004 44.635869546487136 87.655267353665138 36.994294263742198 38.854903527318207 2.5000000000000004
decision_type=2 2 2 2 2 2 2 2 2 2 2 2 2 2 2 2 2 2 2 2 2 2
left_child=2 -2 3 -1 5 7 -4 14 10 -9 12 -12 -8 17 -5 16 -11 -7 -19 -10 21 -18
right_child=1 -3 6 4 -6 13 8 9 19 15 11 -13 -14 -15 -16 -17 20 18 -20 -21 -22 -23
leaf_value=-0.25831115750166089 0.024035643624222797 0.34615332343288374 0.21384946644306183 -0.093196231677361283 -0.19061420398789486 0.06761573779032283 0.075744358774112619 0.034935695526970401 -0.089354357513643456 -0.098179807382471423 0.036576242644029359 0.16889392906427383 -0.059640349376769299 0.092709758839216727 -0.19146444022655487 -0.11418545009458768 -0.012435772971474324 -0.055803896295460502 0.052990053168364942 -0.004062521144409071 0.034795839949087665 -0.0674840847402811
leaf_weight=26 23 37 20 34 37 23 23 37 21 34 24 25 21 29 25 34 27 37 21 22 22 20
leaf_count=26 23 37 20 34 37 23 23 37 21 34 24 25 21 29 25 34 27 37 21 22 22 20
internal_value=-0.00646066 0.222675 -0.0309235 -0.0622661 -0.0488525 -0.0335604 0.0506476 -0.0635323 0.0266473 -0.0393548 0.0601059 0.104085 0.0111289 0.0299254 -0.134835 -0.0594187 -0.0413403 0.00744702 -0.016413 -0.0457167 -0.0133325 -0.0358606
internal_weight=622 60 562 406 380 343 156 233 136 174 93 49 44 110 59 137 103 81 58 43 69 47
internal_count=622 60 562 406 380 343 156 233 136 174 93 49 44 110 59 137 103 81 58 43 69 47
is_linear=0
shrinkage=0.05


Tree=40
num_leaves=25
num_cat=0
split_feature=2 0 3 1 4 4 3 3 2 2 4 1 2 1 1 1 4 4 4 2 2 2 4 2
split_gain=703.076 801.368 413.963 385.343 292.421 241.166 204.814 184.038 148.183 143.663 112.064 116.752 87.2936 94.6938 86.417 84.3671 76.5731 62.3094 59.6935 41.3277 32.8386 28.2296 12.9232 7.61435
threshold=24.849901475591537 1.0000000180025095e-35 3.5000000000000004 1.5000000000000002 108.16608686411148 22.072600602720666 3.5000000000000004 4.5000000000000009 70.330877905019619 78.823363010840197 39.166651993359821 4.5000000000000009 92.045700897217941 4.5000000000000009 5.5000000000000009 7.5000000000000009 44.289523338559484 60.770748083073265 76.275483566703699 47.885269953662608 45.296783039095665 9.2285953859775525 75.635323666045508 66.951760903569067
decision_type=2 2 2 2 2 2 2 2 2 2 2 2 2 2 2 2 2 2 2 2 2 2 2 2
left_child=3 4 -3 -1 5 -2 9 15 -6 10 -7 20 13 -11 23 16 -5 -16 19 -13 -12 -18 -17 -8
right_child=1 2 -4 7 8 6 14 -9 -10 12 11 18 -14 -15 17 22 21 -19 -20 -21 -22 -23 -24 -25
leaf_value=-0.25610862083733082 0.17765898309298792 0.39109403164613821 0.077147297348294952 0.010704565867358311 -0.19661937480171521 -0.068960096148980993 -0.11515134360109057 -0.1984267096221447 -0.028660596855755512 0.058254912140017205 -0.063178883216999202 0.16288662057369949 0.021100763976573945 0.20048724898695947 -0.05273221818109354 0.045124291100849707 -0.14721073478460311 0.063706869129091501 0.023766880865032609 0.063577538579490708 0.010680490272010075 -0.071018394767757384 -0.009295937474817037 -0.075322679039977858
leaf_weight=30 23 21 21 22 24 36 28 20 29 22 27 20 27 25 27 24 20 20 37 22 34 31 20 21
leaf_count=30 23 21 21 22 24 36 28 20 29 22 27 20 27 25 27 24 20 20 37 22 34 31 20 21
internal_value=-0.00582788 0.0258354 0.234121 -0.0938025 0.00510558 0.0208796 0.0104579 -0.058261 -0.104717 0.0342963 0.00971907 0.0299509 0.0927501 0.13391 -0.0516213 -0.034301 -0.0672642 -0.00318367 0.0700736 0.110868 -0.0220114 -0.100898 0.0203878 -0.0980819
internal_weight=631 464 42 167 422 369 346 137 53 250 176 140 74 47 96 117 73 47 79 42 61 51 44 49
internal_count=631 464 42 167 422 369 346 137 53 250 176 140 74 47 96 117 73 47 79 42 61 51 44 49
is_linear=0
shrinkage=0.05


Tree=41
num_leaves=25
num_cat=0
split_feature=2 0 3 1 4 4 3 3 2 2 4 1 2 1 1 1 4 4 4 2 2 2 4 2
split_gain=634.526 723.234 373.601 347.772 263.91 218.474 174.958 166.095 133.735 129.656 101.138 105.369 78.7825 85.4612 76.1413 73.9081 69.1072 53.8734 53.4766 37.2983 29.6368 25.4772 11.6632 10.8123
threshold=24.849901475591537 1.0000000180025095e-35 3.5000000000000004 1.5000000000000002 108.16608686411148 21.294763267712899 3.5000000000000004 4.5000000000000009 70.330877905019619 78.823363010840197 39.166651993359821 4.5000000000000009 92.045700897217941 4.5000000000000009 7.5000000000000009 5.5000000000000009 44.289523338559484 76.275483566703699 60.770748083073265 47.885269953662608 45.296783039095665 9.2285953859775525 75.635323666045508 66.951760903569067
decision_type=2 2 2 2 2 2 2 2 2 2 2 2 2 2 2 2 2 2 2 2 2 2 2 2
left_child=3 4 -3 -1 5 -2 9 14 -6 10 -7 20 13 -11 16 23 -5 19 -17 -13 -12 -18 -16 -8
right_child=1 2 -4 7 8 6 15 -9 -10 12 11 17 -14 -15 22 18 21 -19 -20 -21 -22 -23 -24 -25
leaf_value=-0.24330319239447518 0.17645179505149525 0.37153932991481964 0.073289930536633449 0.010169336501911114 -0.18678840336700281 -0.065512092080381182 -0.10939377546310425 -0.18850537469610573 -0.027227567701504148 0.055342168259349733 -0.060019940772542246 0.15474229015409946 0.02004572622202061 0.19046288792788985 0.042868073501934612 -0.046526455253894844 -0.13985019847750665 0.022578537021134354 0.060521527188830082 0.060398662539029674 0.010146464889540394 -0.067467477509090976 -0.008831139267422258 -0.062553049149838363
leaf_weight=30 21 21 21 22 24 36 28 20 29 22 27 20 27 25 24 28 20 37 20 22 34 31 20 22
leaf_count=30 21 21 21 22 24 36 28 20 29 22 27 20 27 25 24 28 20 37 20 22 34 31 20 22
internal_value=-0.00553648 0.0245436 0.222415 -0.0891124 0.0048503 0.0198356 0.0103847 -0.0553479 -0.0994815 0.0325815 0.00923312 0.0284533 0.0881126 0.127215 -0.032586 -0.0462398 -0.063901 0.0665699 -0.00192313 0.105324 -0.0209108 -0.0958529 0.0193684 -0.0887839
internal_weight=631 464 42 167 422 369 348 137 53 250 176 140 74 47 117 98 73 79 48 42 61 51 44 50
internal_count=631 464 42 167 422 369 348 137 53 250 176 140 74 47 117 98 73 79 48 42 61 51 44 50
is_linear=0
shrinkage=0.05


Tree=42
num_leaves=24
num_cat=0
split_feature=2 0 3 3 4 1 4 1 2 2 3 2 1 4 1 4 4 4 1 4 2 4 4
split_gain=572.66 652.719 337.175 324.15 238.179 201.58 181.485 155.572 153.062 128.478 136.054 120.696 111.361 69.2129 68.7176 62.3693 53.9553 53.6032 54.4049 48.5514 22.9932 10.526 7.84553
threshold=24.849901475591537 1.0000000180025095e-35 3.5000000000000004 4.5000000000000009 108.16608686411148 1.0000000180025095e-35 22.355326372538716 1.5000000000000002 65.331960151077951 59.514956246481326 4.5000000000000009 70.330877905019619 7.5000000000000009 47.908133437825292 7.5000000000000009 44.289523338559484 67.413379462440972 90.848714782119686 3.5000000000000004 94.478628721586404 9.2285953859775525 75.635323666045508 78.094312841466149
decision_type=2 2 2 2 2 2 2 2 2 2 2 2 2 2 2 2 2 2 2 2 2 2 2
left_child=3 4 -3 7 5 -2 -7 -1 9 10 13 -6 17 -8 15 -9 -15 18 -10 22 -17 -16 -18
right_child=1 2 -4 -5 11 6 8 14 12 -11 -12 -13 -14 16 21 20 19 -19 -20 -21 -22 -23 -24
leaf_value=-0.17070486727170647 -0.095317700292382929 0.35296235999890735 0.069625435769557958 -0.24687792971157113 -0.17744898355255526 0.1663361255241477 -0.030411807526099056 0.0096608706601810732 0.059259871207177642 -0.12219210436398334 -0.10035409960150719 -0.025866188365837622 0.13554127490198292 0.10110431496392598 0.040724671538919212 -0.13285768553614616 0.011042615957558156 0.099206977564355606 -0.029225415363907815 0.080067888290985767 -0.064094101337175219 -0.0083895806176587946 -0.033244889229536057
leaf_weight=24 35 21 21 26 24 23 38 22 32 22 25 29 37 33 24 20 20 23 38 23 31 20 20
leaf_count=24 35 21 21 26 24 23 38 22 32 22 25 29 37 33 24 20 20 23 38 23 31 20 20
internal_value=-0.00525966 0.0233164 0.211294 -0.0846567 0.00460778 0.0188438 0.0308069 -0.0547436 0.0207838 -0.00894348 0.00672615 -0.0945075 0.0621734 0.0267038 -0.0309567 -0.0607059 0.0493121 0.032984 0.011225 0.0221828 -0.0910602 0.0184 -0.0111011
internal_weight=631 464 42 167 422 369 334 141 311 181 159 53 130 134 117 73 96 93 70 63 51 44 40
internal_count=631 464 42 167 422 369 334 141 311 181 159 53 130 134 117 73 96 93 70 63 51 44 40
is_linear=0
shrinkage=0.05


Tree=43
num_leaves=26
num_cat=0
split_feature=3 0 2 2 1 2 4 2 4 4 4 1 4 2 1 3 4 4 4 3 2 4 2 4 2
split_gain=524.812 520.795 389.32 311.877 275.044 168.278 141.487 117.073 95.9711 78.4726 116.176 91.1945 72.9221 68.5821 42.9998 40.2359 69.8088 88.5193 48.6516 39.8012 53.4765 26.2344 21.5791 13.1022 9.03981
threshold=4.5000000000000009 1.0000000180025095e-35 46.862462576298498 19.131485476827034 3.5000000000000004 65.331960151077951 22.072600602720666 8.8258383922702865 72.835507781346379 111.57236621888126 97.405748601613269 9.5000000000000018 101.5244439448801 52.700574438877716 1.5000000000000002 2.5000000000000004 41.513441828852066 76.275483566703699 62.059687133568595 2.5000000000000004 85.967752141091893 59.561721949384754 29.938722125023769 66.694503227922141 26.796746325749208
decision_type=2 2 2 2 2 2 2 2 2 2 2 2 2 2 2 2 2 2 2 2 2 2 2 2 2
left_child=1 4 -3 -2 5 12 -6 -8 13 10 11 15 14 -5 24 16 -9 18 -18 20 -7 -17 -16 -13 -1
right_child=3 2 -4 8 6 19 7 9 -10 -11 -12 23 -14 -15 22 21 17 -19 -20 -21 -22 -23 -24 -25 -26
leaf_value=-0.12592672514063971 -0.2755643541162664 0.046186684012413028 0.342154757976532 -0.079908794052898885 0.15766865804791452 0.10238248307257891 -0.08324736893177033 -0.049515282322207227 -0.12203035202078723 -0.060206139629537414 0.12552545919562832 0.063281975076957195 -0.16391789000481369 0.046690335351487866 -0.066115524687726676 0.0085144466906785978 0.048508565707339184 -0.018791809234896612 0.15139792177826167 -0.032668624124650297 -0.011857698254642033 -0.057074235456304689 0.00165887079809023 0.1191984622180462 -0.078957107644528152
leaf_weight=21 22 25 20 20 20 20 25 23 37 22 33 22 24 23 24 30 27 29 20 29 21 31 23 20 20
leaf_count=21 22 25 20 20 20 20 25 23 37 22 33 22 24 23 24 30 27 29 20 29 21 31 23 20 20
internal_value=-0.00499668 0.0150263 0.177728 -0.108842 -0.000100886 -0.0486539 0.0291595 0.0200454 -0.0629928 0.0300933 0.0385469 0.0243375 -0.086663 -0.012193 -0.0655934 0.00712505 0.0268068 0.0499043 0.0922913 0.0121607 0.0438692 -0.0248175 -0.0329493 0.0899089 -0.103015
internal_weight=631 529 45 102 484 182 302 282 80 257 235 202 112 43 88 160 99 76 47 70 41 61 47 42 41
internal_count=631 529 45 102 484 182 302 282 80 257 235 202 112 43 88 160 99 76 47 70 41 61 47 42 41
is_linear=0
shrinkage=0.05


Tree=44
num_leaves=22
num_cat=0
split_feature=2 0 3 1 4 3 1 4 2 3 2 3 2 2 4 2 2 1 2 4 4
split_gain=477.643 539.952 290.611 275.244 209.059 210.783 124.868 132.398 130.483 108.22 73.7285 63.6641 75.9305 94.3331 61.7755 86.5416 98.67 59.2914 57.6157 38.4122 32.6879
threshold=24.849901475591537 1.0000000180025095e-35 3.5000000000000004 1.5000000000000002 22.072600602720666 3.5000000000000004 7.5000000000000009 106.44087970978559 64.369620395579531 4.5000000000000009 34.68321172039493 1.0000000180025095e-35 7.3599798889470609 17.259531184192323 64.353449915299549 61.800379505435046 78.823363010840197 8.5000000000000018 72.614489218616811 63.092506070434204 93.05176624238409
decision_type=2 2 2 2 2 2 2 2 2 2 2 2 2 2 2 2 2 2 2 2 2
left_child=3 4 -3 -1 -2 6 7 10 -8 11 -6 -5 -13 -14 15 -12 -17 19 -16 -7 -21
right_child=1 2 -4 9 5 17 8 -9 -10 -11 14 12 13 -15 18 16 -18 -19 -20 20 -22
leaf_value=-0.21443209782242778 0.15091375238869503 0.32384399172096029 0.060798324396212904 0.052378863915801044 -0.055199115276336676 -0.040524563124137269 0.0056065979103247328 -0.092854051043589916 0.13761292707461578 -0.15470393948256969 0.065175352885477975 -0.11014291569590569 0.036035006865859032 -0.084914243780076504 0.024006998499757366 -0.12305673101828213 0.022661934047937395 0.0047637636773288257 0.11585981533412011 -0.14957601684331895 -0.07091632847275052
leaf_weight=30 23 21 21 20 30 35 36 33 39 20 31 31 38 28 38 21 26 26 31 25 28
leaf_count=30 23 21 21 20 30 35 36 33 39 20 31 31 38 28 38 21 26 26 31 25 28
internal_value=-0.00474684 0.0213511 0.192321 -0.0772585 0.00433511 -0.00411429 0.01887 -0.000908486 0.0742499 -0.0472204 0.0162339 -0.0288472 -0.0455948 -0.0152768 0.0308121 0.000326345 -0.0424464 -0.0615751 0.0652742 -0.0811752 -0.10802
internal_weight=631 464 42 167 422 399 285 210 75 137 177 117 97 66 147 78 47 114 69 88 53
internal_count=631 464 42 167 422 399 285 210 75 137 177 117 97 66 147 78 47 114 69 88 53
is_linear=0
shrinkage=0.05


Tree=45
num_leaves=24
num_cat=0
split_feature=0 3 3 2 4 1 1 1 3 4 1 2 4 4 4 2 2 4 2 3 2 4 2
split_gain=999.368 413.98 304.357 296.523 308.85 146.023 138.853 135.423 103.959 102.959 83.9777 80.6634 80.0462 75.6156 94.9241 59.4765 40.9514 39.6207 38.4208 32.9908 30.015 22.8453 29.2171
threshold=1.0000000180025095e-35 2.5000000000000004 1.0000000180025095e-35 70.580493622611016 86.26432337282067 7.5000000000000009 4.5000000000000009 3.5000000000000004 4.5000000000000009 105.94197782680023 9.5000000000000018 19.131485476827034 78.094312841466149 80.269785847446443 51.180770608278614 61.177774893426431 44.496162866028278 108.16608686411148 60.60889892584936 2.5000000000000004 27.330703878507588 34.776710398481455 39.102697286328386
decision_type=2 2 2 2 2 2 2 2 2 2 2 2 2 2 2 2 2 2 2 2 2 2 2
left_child=2 -2 6 4 7 9 18 21 17 13 11 -9 -8 14 -5 16 19 20 -1 -13 -6 -4 -23
right_child=1 -3 3 5 8 -7 12 10 -10 -11 -12 15 -14 -15 -16 -17 -18 -19 -20 -21 -22 22 -24
leaf_value=-0.023136093215922499 0.35402035824954514 0.079622894073171288 -0.032266465777700599 0.057157394593776834 -0.11340800337299395 0.13189348827206321 0.1648096437752247 -0.072029844074776125 -0.21942249062386426 -0.093860095441341398 0.098421313410455541 0.054775019276600626 0.047667851269245151 0.10934970055367677 -0.078643947026946326 -0.052735836949685345 0.10040899131447077 -0.14339693147689103 0.060302511704238983 -0.026519151590764525 -0.038389286547899248 -0.12488782840470475 -0.047991889803892095
leaf_weight=37 27 28 22 31 24 31 35 35 22 20 22 26 25 23 22 23 20 30 22 24 30 30 21
leaf_count=37 27 28 22 31 24 31 35 35 22 20 22 26 25 23 22 23 20 30 22 24 30 30 21
internal_value=0.0107096 0.214327 -0.00876682 -0.02735 -0.0524007 0.0375453 0.0624425 -0.0190007 -0.122667 0.00707868 0.00818114 -0.00732889 0.116001 0.0336415 0.000787026 0.0170209 0.039941 -0.0973259 0.00797661 0.0157538 -0.0717309 -0.0748538 -0.0932248
internal_weight=630 55 575 456 329 127 119 223 106 96 150 128 60 76 53 93 70 84 59 50 54 73 51
internal_count=630 55 575 456 329 127 119 223 106 96 150 128 60 76 53 93 70 84 59 50 54 73 51
is_linear=0
shrinkage=0.05


Tree=46
num_leaves=24
num_cat=0
split_feature=0 3 1 2 4 3 4 3 3 2 2 3 2 1 2 1 3 2 3 4 4 2 4
split_gain=901.93 373.617 279.852 191.941 188.586 184.686 121.313 90.0395 84.3495 77.2062 75.7579 71.0412 64.8325 85.5217 88.2177 41.0078 41.8435 32.4727 62.7023 26.4833 68.9518 16.5306 11.0479
threshold=1.0000000180025095e-35 2.5000000000000004 6.5000000000000009 71.373695203672426 86.26432337282067 1.5000000000000002 97.774354398360401 1.0000000180025095e-35 3.5000000000000004 64.369620395579531 19.131485476827034 1.0000000180025095e-35 62.120566351114419 3.5000000000000004 22.403044631525468 8.5000000000000018 3.5000000000000004 28.163372335161363 3.5000000000000004 48.5398534776646 80.269785847446443 35.104784519467067 58.623216636687125
decision_type=2 2 2 2 2 2 2 2 2 2 2 2 2 2 2 2 2 2 2 2 2 2 2
left_child=2 -2 3 4 7 9 10 -1 19 -4 -7 -6 13 21 -15 22 -17 -13 -19 -5 -21 -9 -12
right_child=1 -3 5 8 11 6 -8 12 -10 -11 15 17 -14 14 -16 16 -18 18 -20 20 -22 -23 -24
leaf_value=0.046862666915650622 0.33631934523582463 0.07564174902758429 0.059465564356038447 0.089708653092384349 -0.034576311111450202 -0.057873782422393563 -0.081835208929354142 -0.09023212151148835 -0.05512752591597813 0.16779405587063781 0.039213166042016107 -0.18435480459420772 -0.11976577515985508 -0.064438385106623183 0.069424329418689021 0.13547860811508836 0.03680587546391921 -0.17408051714301109 -0.050377840399742128 -0.046619722023606307 0.069170177469236982 -0.037601365759968759 -0.0095467251415054018
leaf_weight=33 27 28 38 25 20 20 31 37 27 29 26 27 24 20 32 21 22 21 20 20 36 25 21
leaf_count=33 27 28 38 25 20 20 31 37 27 29 26 27 24 20 32 21 22 21 20 20 36 25 21
internal_value=0.0101741 0.203611 -0.00832848 -0.0345887 -0.0579385 0.0380057 0.00552818 -0.0273317 0.0214075 0.106354 0.0301488 -0.117413 -0.0450738 -0.0293492 0.0179387 0.0497093 0.0849949 -0.141777 -0.113738 0.0469191 0.0278166 -0.06901 0.0174268
internal_weight=630 55 575 367 259 208 141 171 108 67 110 88 138 114 52 90 43 68 41 81 56 62 47
internal_count=630 55 575 367 259 208 141 171 108 67 110 88 138 114 52 90 43 68 41 81 56 62 47
is_linear=0
shrinkage=0.05


Tree=47
num_leaves=27
num_cat=0
split_feature=0 4 3 1 2 4 4 4 4 2 4 3 1 1 3 2 3 3 4 4 4 4 2 2 2 4
split_gain=813.992 360.728 258.606 237.756 141.997 134.366 131.774 128.954 94.0535 92.3495 68.4838 82.067 60.1114 59.0365 47.8514 43.6909 41.4372 39.9402 31.1271 66.757 34.3906 29.6244 26.4651 21.6844 10.1149 8.66921
threshold=1.0000000180025095e-35 59.965509685479887 3.5000000000000004 7.5000000000000009 71.373695203672426 38.015461787583661 56.930287477101864 86.913750580069703 55.224570756319338 59.514956246481326 23.768373617430772 1.0000000180025095e-35 4.5000000000000009 8.5000000000000018 1.5000000000000002 59.844547564602131 4.5000000000000009 1.0000000180025095e-35 105.94197782680023 65.791666490450737 41.223026384884378 35.881489737053279 34.280140148901872 59.844547564602131 42.672408488226516 103.73904898995445
decision_type=2 2 2 2 2 2 2 2 2 2 2 2 2 2 2 2 2 2 2 2 2 2 2 2 2 2
left_child=2 -2 3 4 7 -5 15 8 10 14 -1 -12 -10 16 -7 21 24 -9 19 20 -6 -4 -13 -18 -8 -19
right_child=1 -3 6 5 18 9 13 17 12 -11 11 22 -14 -15 -16 -17 23 25 -20 -21 -22 -23 -24 -25 -26 -27
leaf_value=0.044265429569142208 0.33370158008486034 0.076537401899695406 -0.075119903832674029 0.19526136606931688 0.061626695947987697 0.05441085203335836 -0.10114805776139964 -0.036297072824977697 -0.003470444333894799 0.11244270083391004 0.02442993848096757 -0.13276775893957721 0.10964656754032426 -0.016503723994607016 -0.043495331138061984 0.059150154980598016 -0.1817225219238372 -0.097532648257911206 -0.010884066422780355 0.11508849650621414 -0.029986365418881181 0.00582179596217779 -0.059780682788954848 -0.10986879638263158 -0.054746810699968285 -0.14352939143067314
leaf_weight=21 25 30 20 20 21 26 23 21 24 36 21 23 23 21 24 20 21 20 21 30 20 26 27 21 24 21
leaf_count=21 25 30 20 20 21 26 23 21 24 36 21 23 23 21 24 20 21 20 21 30 20 26 27 21 24 21
internal_value=0.00966544 0.19343 -0.00791206 0.0143582 -0.00885679 0.0785279 -0.0583997 -0.0324058 -0.00565866 0.0513806 -0.0350558 -0.058517 0.0518847 -0.091912 0.00741588 -0.00254588 -0.109705 -0.0923711 0.0425926 0.0584097 0.0169374 -0.0293702 -0.0933547 -0.145796 -0.0774538 -0.121092
internal_weight=630 55 575 399 293 106 176 201 139 86 92 71 47 110 50 66 89 62 92 71 41 46 50 42 47 41
internal_count=630 55 575 399 293 106 176 201 139 86 92 71 47 110 50 66 89 62 92 71 41 46 50 42 47 41
is_linear=0
shrinkage=0.05


Tree=48
num_leaves=26
num_cat=0
split_feature=0 3 3 1 2 2 4 4 4 4 4 3 1 4 4 2 3 4 4 4 4 4 2 4 4
split_gain=734.627 330.278 233.392 214.575 128.153 123.19 118.926 116.381 84.8833 61.92 61.8066 74.0655 57.5431 61.8311 57.4158 39.431 36.0461 30.9079 28.0922 60.2482 31.0375 26.7361 23.8848 19.9259 7.82396
threshold=1.0000000180025095e-35 2.5000000000000004 3.5000000000000004 7.5000000000000009 71.373695203672426 19.595475947031947 56.930287477101864 86.913750580069703 55.224570756319338 93.821421412777184 23.768373617430772 1.0000000180025095e-35 2.5000000000000004 107.97898822907503 68.685121800734052 59.844547564602131 1.0000000180025095e-35 71.647964778116645 105.94197782680023 65.791666490450737 41.223026384884378 35.881489737053279 34.280140148901872 79.925771667704566 103.73904898995445
decision_type=2 2 2 2 2 2 2 2 2 2 2 2 2 2 2 2 2 2 2 2 2 2 2 2 2
left_child=2 -2 3 4 7 -5 15 8 10 17 -1 -12 -8 23 -10 21 -9 -7 19 20 -6 -4 -13 -14 -18
right_child=1 -3 6 5 18 9 12 16 14 -11 11 22 13 -15 -16 -17 24 -19 -20 -21 -22 -23 -24 -25 -26
leaf_value=0.042052156620082409 0.30853306182004792 0.063440574705600744 -0.071363906562328341 -0.027793954718736524 0.058545360394886559 0.10460447873442601 -0.13916478017345071 -0.034482216551190333 0.10820132430050185 0.035263977615007512 0.023208444033350265 -0.12612936862784882 -0.072704269965179272 -0.134701140721639 -0.0025511152045801285 0.056192648597061634 -0.092656015604734424 0.18105558365583421 -0.010339863491909844 0.10933407096813122 -0.02848704690113664 0.0055307063632286518 -0.056791644598598839 -0.0094565736073436157 -0.13635292259000598
leaf_weight=21 27 28 20 23 21 39 36 21 22 24 21 23 20 21 25 20 20 20 21 30 20 26 27 33 21
leaf_count=21 27 28 20 23 21 39 36 21 22 24 21 23 20 21 25 20 20 20 21 30 20 26 27 33 21
internal_value=0.00918217 0.183759 -0.00751646 0.0136403 -0.00841395 0.0746015 -0.0554797 -0.0307855 -0.00537573 0.102976 -0.033303 -0.0555912 -0.0873164 -0.0620929 0.0492905 -0.00241859 -0.0877526 0.13052 0.040463 0.0554892 0.0160905 -0.0279017 -0.088687 -0.0333236 -0.115037
internal_weight=630 55 575 399 293 106 176 201 139 83 92 71 110 74 47 66 62 59 92 71 41 46 50 53 41
internal_count=630 55 575 399 293 106 176 201 139 83 92 71 110 74 47 66 62 59 92 71 41 46 50 53 41
is_linear=0
shrinkage=0.05


Tree=49
num_leaves=23
num_cat=0
split_feature=0 4 3 2 4 1 1 3 2 4 1 2 4 1 4 2 2 2 2 3 2 4
split_gain=663.001 319.057 215.068 236.824 216.015 114.368 107.223 100.937 76.8652 67.3984 62.4937 72.5686 36.7115 35.8438 30.5646 30.2375 24.7111 35.1408 34.8121 26.0473 22.3781 17.6178
threshold=1.0000000180025095e-35 59.965509685479887 1.0000000180025095e-35 84.669516255596704 86.26432337282067 9.5000000000000018 4.5000000000000009 4.5000000000000009 94.508251766134592 78.094312841466149 3.5000000000000004 19.131485476827034 34.776710398481455 6.5000000000000009 108.16608686411148 60.60889892584936 61.177774893426431 69.873990924829698 44.496162866028278 2.5000000000000004 40.423354097979463 82.601101732715662
decision_type=2 2 2 2 2 2 2 2 2 2 2 2 2 2 2 2 2 2 2 2 2 2
left_child=2 -2 6 4 5 10 15 13 21 -8 12 -12 -4 14 -6 -1 18 -18 19 -13 -14 -5
right_child=1 -3 3 8 7 -7 9 -9 -10 -11 11 16 20 -15 -16 -17 17 -19 -20 -21 -22 -23
leaf_value=-0.022744260688085813 0.30649170345067978 0.064636658032735189 -0.0049141505589851975 0.072863836437463761 -0.061327440252429567 0.092318748620649191 0.14457051094089235 -0.17689347546202716 -0.0021973592263680917 0.037080931156873706 -0.064820148902279995 0.048177326649713977 -0.1049356432602508 -0.028037100823389161 -0.13090384834342533 0.05127699623540552 -0.058249297851164429 0.034357599969953301 0.091556890197098256 -0.024057071966429554 -0.045803831168450417 0.13843511112389112
leaf_weight=37 25 30 26 20 38 24 35 27 27 25 35 26 32 36 27 22 21 20 20 24 32 21
leaf_count=37 25 30 26 20 38 24 35 27 27 25 35 26 32 36 27 22 21 20 20 24 32 21
internal_value=0.00872306 0.174571 -0.00714063 -0.0227619 -0.0378466 -0.01167 0.0527189 -0.091018 0.0633101 0.0997832 -0.0222451 -0.0020439 -0.0550159 -0.0680612 -0.0902284 0.00485689 0.0177504 -0.0130752 0.0358054 0.0135048 -0.0753697 0.106449
internal_weight=630 55 575 456 388 260 119 128 68 60 236 146 90 101 65 59 111 41 70 50 64 41
internal_count=630 55 575 456 388 260 119 128 68 60 236 146 90 101 65 59 111 41 70 50 64 41
is_linear=0
shrinkage=0.05


Tree=50
num_leaves=23
num_cat=0
split_feature=0 1 1 3 2 2 4 2 2 2 4 1 3 3 2 4 4 2 2 4 4 4
split_gain=487.75 282.533 212.801 130.13 173.97 70.5228 68.4011 67.0595 95.9365 66.352 70.7826 62.9104 48.475 35.981 32.1433 28.9454 85.5964 40.9312 47.0853 26.2847 24.652 18.6264
threshold=1.0000000180025095e-35 5.5000000000000009 1.5000000000000002 1.0000000180025095e-35 85.144291736090551 81.578188175571071 62.34569487135699 41.335204950233511 74.068381497851263 7.3599798889470609 108.16608686411148 3.5000000000000004 3.5000000000000004 4.5000000000000009 31.834308673614835 76.275483566703699 94.478628721586404 52.700574438877716 34.280140148901872 48.055974890801885 47.908133437825292 75.635323666045508
decision_type=2 2 2 2 2 2 2 2 2 2 2 2 2 2 2 2 2 2 2 2 2 2
left_child=2 -2 5 7 9 12 -6 -4 -9 -5 11 14 21 15 -11 17 -17 18 20 -19 -13 -1
right_child=1 -3 3 4 6 -7 -8 8 -10 10 -12 13 -14 -15 -16 16 -18 19 -20 -21 -22 -23
leaf_value=-0.041841721973781082 0.029656160769589018 0.23986785652176029 0.001202868629951735 -0.095728776844278468 0.14369473084807396 0.0044983295812493279 0.027781298416001455 0.14059124342987644 0.0065911129794337543 -0.012633318295279009 -0.085747017054153343 -0.011547252665395323 -0.15033382606403581 -0.043546574438611672 -0.091657688973411436 -0.069563111509470379 0.048489398189953403 0.024959502446240393 0.11661690846085548 -0.046615302530319799 0.064354475289583199 -0.099015082418918612
leaf_weight=28 33 31 37 31 20 21 35 34 22 22 35 23 29 36 31 34 28 29 20 23 20 29
leaf_count=28 33 31 37 31 20 21 35 34 22 22 35 23 29 36 31 34 28 29 20 23 20 29
internal_value=0.000406335 0.131477 -0.0138842 0.000329561 -0.0124326 -0.0776469 0.0699316 0.0534367 0.0879483 -0.0260773 -0.0189039 -0.0101087 -0.0977057 0.00202063 -0.0588551 0.0112885 -0.0162491 0.0261349 0.0532356 -0.00669858 0.0237559 -0.0709299
internal_weight=651 64 587 480 387 107 55 93 56 332 301 266 86 213 53 177 62 115 63 52 43 57
internal_count=651 64 587 480 387 107 55 93 56 332 301 266 86 213 53 177 62 115 63 52 43 57
is_linear=0
shrinkage=0.05


Tree=51
num_leaves=25
num_cat=0
split_feature=0 1 1 3 2 4 2 1 4 4 4 2 1 2 4 1 4 4 2 4 1 2 4 3
split_gain=440.194 254.986 192.053 117.443 157.007 64.3556 63.6468 63.0307 62.3681 61.732 57.6609 61.0632 88.9557 73.5508 58.2193 44.2699 44.241 79.7512 32.2059 31.591 27.4518 44.3242 17.8517 15.4469
threshold=1.0000000180025095e-35 5.5000000000000009 1.5000000000000002 1.0000000180025095e-35 85.144291736090551 42.713113300666897 81.578188175571071 6.5000000000000009 64.353449915299549 62.34569487135699 108.16608686411148 11.789816386179437 3.5000000000000004 62.120566351114419 56.930287477101864 1.0000000180025095e-35 70.118697039837016 83.389187439940727 42.570817823469646 52.15581332272739 7.5000000000000009 55.180475262931587 75.635323666045508 2.5000000000000004
decision_type=2 2 2 2 2 2 2 2 2 2 2 2 2 2 2 2 2 2 2 2 2 2 2 2
left_child=2 -2 6 5 7 -4 15 10 -7 -6 11 -5 19 14 -14 -1 20 -18 -10 -13 -9 -22 -17 -19
right_child=1 -3 3 4 9 8 -8 16 18 -11 -12 12 13 -15 -16 22 17 23 -20 -21 21 -23 -24 -25
leaf_value=-0.13313883172446175 0.02817335460673679 0.22787446475798087 0.12128947591409088 -0.10463912401061792 0.13650999203324318 -0.048171763457357887 0.0042734140796320775 -0.01757886647074311 0.0077928509563207626 0.026392234989574978 -0.12294212310087115 -0.11438385789127399 0.10560593903064729 -0.065845130045305608 0.0023643206235849194 -0.030409351363778116 -0.11487872768193484 0.033127865972726239 0.090267692660463278 -0.034833061351225929 0.080630337695280718 -0.010992421209812165 -0.091393836960196498 -0.021335499466707309
leaf_weight=38 33 31 24 26 20 20 21 27 20 35 21 24 22 22 36 24 20 23 29 26 33 22 24 30
leaf_count=38 33 31 24 26 20 20 21 27 20 35 21 24 22 22 36 24 20 23 29 26 33 22 24 30
internal_value=0.000386019 0.124904 -0.01319 0.000313082 -0.011811 0.0507649 -0.0737646 -0.0247734 0.0262346 0.0664351 -0.0451606 -0.03469 -0.0207001 0.0119982 0.0415249 -0.0928204 -0.00149265 -0.0298041 0.0566045 -0.0730174 0.0237114 0.0439812 -0.0609016 0.00229955
internal_weight=651 64 587 480 387 93 107 332 69 55 177 156 130 80 58 86 155 73 49 50 82 55 48 53
internal_count=651 64 587 480 387 93 107 332 69 55 177 156 130 80 58 86 155 73 49 50 82 55 48 53
is_linear=0
shrinkage=0.05


Tree=52
num_leaves=26
num_cat=0
split_feature=0 1 1 2 3 2 4 2 1 4 4 4 2 1 2 4 3 4 4 2 4 1 3 4 2
split_gain=397.275 232.583 173.328 152.019 105.992 141.699 58.081 57.4413 56.8852 56.2872 55.7131 52.0389 55.1095 80.2826 66.3796 52.5429 43.2735 39.9275 71.9754 29.0658 28.5109 24.7753 40.1675 15.6578 13.9543
threshold=1.0000000180025095e-35 3.5000000000000004 1.5000000000000002 45.989287760552045 1.0000000180025095e-35 85.144291736090551 42.713113300666897 81.578188175571071 6.5000000000000009 64.353449915299549 62.34569487135699 108.16608686411148 11.789816386179437 3.5000000000000004 62.120566351114419 56.930287477101864 3.5000000000000004 70.118697039837016 83.389187439940727 42.570817823469646 52.15581332272739 7.5000000000000009 3.5000000000000004 75.635323666045508 39.676926520330476
decision_type=2 2 2 2 2 2 2 2 2 2 2 2 2 2 2 2 2 2 2 2 2 2 2 2 2
left_child=2 -2 7 -3 6 8 -4 16 11 -8 -7 12 -6 20 15 -15 23 21 -19 -11 -14 -10 -23 -1 -20
right_child=1 3 4 -5 5 10 9 -9 17 19 -12 -13 13 14 -16 -17 -18 18 24 -21 -22 22 -24 -25 -26
leaf_value=-0.036211264000407292 -0.0043948124783734482 0.095016255080699927 0.11522500291466714 0.28996439874172214 -0.099407167997784346 0.1296844934951514 -0.045763177871704107 0.0040597433490412579 -0.016699923023029608 0.007403207663446665 0.025072621532848907 -0.11679501286042589 -0.10866466398195673 0.10032564225521955 -0.062552874806252393 0.0022461059296296701 -0.13790384993470947 -0.10913478947244584 0.02832908280766927 0.085754305740882608 -0.033091408644731229 0.074082506128719874 -0.014743411578238011 -0.088630944644582696 -0.022991627316783975
leaf_weight=28 24 20 24 20 26 20 20 21 27 20 35 21 24 22 22 36 29 20 26 29 26 35 20 29 27
leaf_count=28 24 20 24 20 26 20 20 21 27 20 35 21 24 22 22 36 29 20 26 29 26 35 20 29 27
internal_value=0.000366718 0.118658 -0.0125305 0.19249 0.000297428 -0.0112204 0.0482266 -0.0700764 -0.0235348 0.0249228 0.0631133 -0.0429025 -0.0329555 -0.0196651 0.0113983 0.0394487 -0.0881794 -0.00141801 -0.0283139 0.0537743 -0.0693666 0.0225259 0.0417822 -0.0628809 0.00218457
internal_weight=651 64 587 40 480 387 93 107 332 69 55 177 156 130 80 58 86 155 73 49 50 82 55 57 53
internal_count=651 64 587 40 480 387 93 107 332 69 55 177 156 130 80 58 86 155 73 49 50 82 55 57 53
is_linear=0
shrinkage=0.05


Tree=53
num_leaves=24
num_cat=0
split_feature=0 2 1 4 2 3 4 2 2 4 2 1 2 3 4 2 3 2 4 4 4 4 1
split_gain=358.541 219.8 157.52 87.6489 126.496 99.5675 66.1776 59.398 56.5958 51.6825 51.6696 50.2111 55.9513 50.2616 40.7193 44.4615 36.2506 27.3165 39.1994 65.7676 49.0315 26.0227 14.6258
threshold=1.0000000180025095e-35 48.701840648338283 1.0000000180025095e-35 115.92804458803582 70.580493622611016 1.0000000180025095e-35 26.921296536389889 61.177774893426431 7.3599798889470609 106.96554130718035 41.335204950233511 3.5000000000000004 31.834308673614835 4.5000000000000009 57.165343949856847 89.877082425509244 3.5000000000000004 17.259531184192323 94.478628721586404 76.275483566703699 49.807991123070728 68.146337857824321 5.5000000000000009
decision_type=2 2 2 2 2 2 2 2 2 2 2 2 2 2 2 2 2 2 2 2 2 2 2
left_child=2 -2 16 4 5 10 -7 8 -8 14 21 12 -10 17 22 -16 -1 -13 19 20 -19 -4 -6
right_child=1 -3 3 -5 9 6 7 -9 11 -11 -12 13 -14 -15 15 -17 -18 18 -20 -21 -22 -23 -24
leaf_value=-0.061975059126104626 0.02291690759135015 0.20832815915346148 -0.039736230075359348 -0.099676009623900719 0.087497937134825274 0.035992700707268073 -0.091162206720689254 -0.092393744068268016 -0.0126832208246924 0.11407328068855263 0.085833717463538059 0.054993544107881091 -0.11251466858386994 -0.061658307111689029 -0.033405202979574333 0.055121225442575375 -0.15011127412319183 -0.037656080132971212 0.051341059918587034 -0.096838566213846219 0.065684193194928506 0.04092154942452908 0.034463542385492478
leaf_weight=28 33 31 20 23 26 37 29 39 32 21 32 29 25 28 37 23 20 24 26 20 22 20 26
leaf_count=28 33 31 20 23 26 37 29 39 32 21 32 29 25 28 37 23 20 24 26 20 22 20 26
internal_value=0.000348382 0.112725 -0.011904 -0.0041746 8.22505e-05 -0.0145062 -0.0267726 -0.0352482 -0.0257645 0.0420927 0.0384776 -0.016558 -0.0564689 -0.00129005 0.0285964 0.000529928 -0.0986985 0.0126795 -0.000658668 -0.0211434 0.0117675 0.00059266 0.0609807
internal_weight=651 64 587 539 516 383 311 274 235 133 72 206 57 149 112 60 48 121 92 66 46 40 52
internal_count=651 64 587 539 516 383 311 274 235 133 72 206 57 149 112 60 48 121 92 66 46 40 52
is_linear=0
shrinkage=0.05


Tree=54
num_leaves=26
num_cat=0
split_feature=1 0 3 2 1 4 3 4 2 2 4 4 1 3 2 2 4 4 4 2 2 2 4 4 4
split_gain=340.156 601.311 205.147 119.06 106.514 103.769 88.223 129.204 175.97 56.3016 51.8773 49.1276 41.7649 53.239 32.4414 25.7885 25.409 20.2102 54.7401 28.8505 41.4007 23.9156 23.7477 17.8817 14.5495
threshold=1.5000000000000002 1.0000000180025095e-35 3.5000000000000004 81.578188175571071 1.0000000180025095e-35 83.815425989491317 1.0000000180025095e-35 115.52260359661635 85.144291736090551 7.3599798889470609 42.713113300666897 64.353449915299549 3.5000000000000004 4.5000000000000009 31.834308673614835 42.570817823469646 75.635323666045508 103.53779263925139 76.275483566703699 52.700574438877716 34.280140148901872 68.224466640700982 47.908133437825292 62.34569487135699 89.619590541383459
decision_type=2 2 2 2 2 2 2 2 2 2 2 2 2 2 2 2 2 2 2 2 2 2 2 2 2
left_child=3 6 -3 4 5 -1 10 8 9 -8 -2 -12 14 17 -11 -13 -6 18 19 20 22 -21 -14 -10 -20
right_child=1 2 -4 -5 16 -7 7 -9 23 12 11 15 13 -15 -16 -17 -18 -19 24 21 -22 -23 -24 -25 -26
leaf_value=-0.08839285679627211 0.1074581398589847 0.26879718149530479 0.063596547146638246 0.024399325352472565 -0.016289891417209917 -0.24119376409798862 -0.081106193243495883 -0.13385407269001007 0.12044570562662558 -0.0035403583819667499 -0.043922825790941721 0.0053902593627572068 -0.016903291059576948 -0.053716693890209381 -0.079466054988477169 0.079192033307305704 -0.086192255173451637 0.051385437697172166 -0.068460554132858911 -0.037557404947087723 0.10482146409340204 0.030309932827949526 0.057593167722225197 0.059409981723874808 -0.013404630124568939
leaf_weight=25 24 29 21 24 26 20 31 20 20 24 20 20 23 39 34 29 26 26 24 27 20 25 20 30 24
leaf_count=25 24 29 21 24 26 20 31 20 20 24 20 20 23 39 34 29 26 26 24 27 20 25 20 30 24
internal_value=0.000330963 0.0176002 0.182613 -0.0753111 -0.0999818 -0.156304 0.000411375 -0.0100968 -0.00335251 -0.0171028 0.0441388 0.0221147 -0.0101654 -0.000528416 -0.0480485 0.0490689 -0.0512411 0.0104469 0.00391688 0.0226367 0.0453892 -0.00492888 0.0177462 0.0838243 -0.0409326
internal_weight=651 530 50 121 97 45 480 387 367 317 93 69 286 228 58 49 52 189 163 115 63 52 43 50 48
internal_count=651 530 50 121 97 45 480 387 367 317 93 69 286 228 58 49 52 189 163 115 63 52 43 50 48
is_linear=0
shrinkage=0.05


Tree=55
num_leaves=25
num_cat=0
split_feature=3 0 2 2 4 1 4 3 2 4 2 2 3 1 2 4 4 4 4 4 1 1 2 2
split_gain=259.899 243.478 272.25 177.195 132.7 94.9068 79.2979 71.5567 51.7722 46.9501 54.7087 34.319 34.704 30.5157 28.3796 27.1003 17.235 15.8469 27.9897 16.157 27.5639 15.1291 51.5295 14.3959
threshold=4.5000000000000009 1.0000000180025095e-35 45.989287760552045 19.131485476827034 25.289168620688478 6.5000000000000009 57.926355046149283 1.0000000180025095e-35 37.460452919560929 108.16608686411148 88.074774253848375 64.369620395579531 1.5000000000000002 6.5000000000000009 17.700403039495519 50.036019992493337 41.223026384884378 96.650706977620658 63.092506070434204 76.207937804395542 2.5000000000000004 9.5000000000000018 34.68321172039493 54.759375183430166
decision_type=2 2 2 2 2 2 2 2 2 2 2 2 2 2 2 2 2 2 2 2 2 2 2 2
left_child=1 4 -3 -2 8 7 -5 23 -1 10 15 14 -13 -8 -7 16 -9 18 -17 -20 -21 22 -16 -6
right_child=3 2 -4 6 5 11 13 9 -10 -11 -12 12 -14 -15 21 17 -18 -19 19 20 -22 -23 -24 -25
leaf_value=0.010082603991031648 -0.2046243403268897 4.6191811561584481e-06 0.2411736695603891 0.024584891374867697 0.034046096561124194 0.040793729496413265 -0.11065308750839904 -0.052076619697941674 0.11465145901873196 -0.1051308420197717 0.035467623401959629 0.09266744419001044 0.014138636909260907 -0.033993959143048244 -0.093125003718194516 -0.0044034905266016723 -0.11247214249202185 0.0043193466368724003 -0.0989206655882299 -0.0030751173428836326 -0.081514013993243373 0.011864087198461805 0.011305428717147422 -0.012562452148025236
leaf_weight=20 23 25 22 26 37 29 34 27 29 29 23 24 34 21 21 32 21 22 20 21 24 28 27 30
leaf_count=20 23 25 22 26 37 29 34 27 29 29 23 24 34 21 21 32 21 22 20 21 24 28 27 30
internal_value=-0.00971431 0.0041076 0.112892 -0.0821464 -0.00615922 -0.0146856 -0.0473688 -0.0320399 0.0719703 -0.0458732 -0.0368286 0.0157642 0.0466333 -0.0813832 -0.00128729 -0.0467856 -0.0784997 -0.0339934 -0.0426829 -0.0615281 -0.0449092 -0.0173445 -0.0343829 0.0131766
internal_weight=649 545 47 104 498 449 81 286 49 219 190 163 58 55 105 167 48 119 97 65 45 76 48 67
internal_count=649 545 47 104 498 449 81 286 49 219 190 163 58 55 105 167 48 119 97 65 45 76 48 67
is_linear=0
shrinkage=0.05


Tree=56
num_leaves=24
num_cat=0
split_feature=1 0 2 4 3 4 2 4 1 2 4 4 3 2 4 2 3 3 4 3 4 4 2
split_gain=235.838 303.734 228.095 141.922 109.48 64.8273 113.499 57.4673 86.0067 44.85 41.5706 40.2737 40.0851 31.0951 30.9483 30.4027 29.8601 39.9012 29.1144 21.8359 19.1639 18.3204 16.1689
threshold=6.5000000000000009 1.0000000180025095e-35 8.1658582949169247 28.967390611155654 4.5000000000000009 108.16608686411148 93.178418583777116 49.458954613497916 1.0000000180025095e-35 66.951760903569067 21.294763267712899 66.392214876304635 1.0000000180025095e-35 42.570817823469646 47.618285055359927 82.192777460708427 2.5000000000000004 1.0000000180025095e-35 33.153889474437186 4.5000000000000009 102.75380812128141 43.95433054852554 43.879218583063611
decision_type=2 2 2 2 2 2 2 2 2 2 2 2 2 2 2 2 2 2 2 2 2 2 2
left_child=2 12 -1 10 5 6 7 21 -9 -6 -4 13 -2 -10 18 19 17 -13 -14 20 22 -5 -16
right_child=1 -3 3 4 9 -7 -8 8 11 -11 -12 16 14 -15 15 -17 -18 -19 -20 -21 -22 -23 -24
leaf_value=-0.16516086392415066 0.061681610324553084 0.21157638295775369 0.0020039251446723936 -0.042333745576340606 -0.14054796452323595 -0.081289074608148673 0.099251964548602703 -0.081305688150948102 0.0098718762397766117 -0.043884850312024354 0.09570557933686108 0.022799845188856124 0.0011548675339797447 0.096984996944665919 -0.0037387672615678685 0.039953364063054331 0.027710534057446889 -0.067784287900693949 0.074784388601779939 -0.068398336768150325 0.028686016798019409 -0.099159836704316356 -0.054909571869155543
leaf_weight=30 35 21 20 37 30 39 21 31 21 20 29 20 29 20 38 25 35 31 25 20 23 23 26
leaf_count=30 35 21 20 37 30 39 21 31 21 20 29 20 29 20 38 25 35 31 25 20 23 23 26
internal_value=-0.0092286 0.0298594 -0.0324701 -0.0219112 -0.0337685 -0.0215177 -0.0117642 -0.0224584 -0.0066387 -0.101883 0.05746 0.0115871 0.0125922 0.0523661 0.00335497 -0.00968997 -0.00785404 -0.0322611 0.0352426 -0.0212889 -0.0104591 -0.0641171 -0.0245269
internal_weight=649 242 407 377 328 278 239 218 158 50 49 127 221 41 186 132 86 51 54 107 87 60 64
internal_count=649 242 407 377 328 278 239 218 158 50 49 127 221 41 186 132 86 51 54 107 87 60 64
is_linear=0
shrinkage=0.05


Tree=57
num_leaves=24
num_cat=0
split_feature=3 0 2 2 4 3 1 4 2 3 2 3 2 4 1 2 1 1 4 1 2 2 3
split_gain=218.114 203.848 238.353 153.773 114.476 78.3809 70.0984 66.9741 46.1867 39.4164 31.4958 84.0366 32.0471 29.1264 28.442 27.5862 64.6644 24.5279 20.2599 18.6057 28.6282 54.4855 29.528
threshold=4.5000000000000009 1.0000000180025095e-35 45.989287760552045 19.131485476827034 25.289168620688478 1.0000000180025095e-35 6.5000000000000009 57.926355046149283 37.460452919560929 1.5000000000000002 57.456815201508498 2.5000000000000004 32.26227240055411 70.37534102925234 3.5000000000000004 41.335204950233511 4.5000000000000009 6.5000000000000009 91.333833141304382 9.5000000000000018 17.700403039495519 38.854903527318207 2.5000000000000004
decision_type=2 2 2 2 2 2 2 2 2 2 2 2 2 2 2 2 2 2 2 2 2 2 2
left_child=1 4 -3 -2 8 15 9 -5 -1 14 12 -12 18 -13 -7 -6 -17 -9 -11 20 -8 -22 -23
right_child=3 2 -4 7 5 6 19 17 -10 10 11 13 -14 -15 -16 16 -18 -19 -20 -21 21 22 -24
leaf_value=0.0086136326193809506 -0.18921822076258454 -0.0021930617690086368 0.22346347363835034 0.023402567769293316 -0.0094734720353569311 -0.11422969488693135 0.040869246099306193 -0.1002253086634857 0.10738080143928529 -0.00063321000585953404 0.053642857797218092 -0.090780785550241883 -0.084415117660776168 -0.0093354119254010059 -0.038259306516159663 -0.0024086065477494038 0.099018831700086601 -0.03149745890072414 -0.064408787935972212 0.03384811023348256 -0.093260542675852778 0.04958566422795966 -0.027718341465418541
leaf_weight=20 23 25 22 26 35 28 23 34 29 33 33 23 39 21 22 33 30 21 20 38 20 21 30
leaf_count=20 23 25 22 26 35 28 23 34 29 33 33 23 39 21 22 33 30 21 20 38 20 21 30
internal_value=-0.00876717 0.00389499 0.103433 -0.0751217 -0.0054992 -0.0134185 -0.0244571 -0.042724 0.0670677 -0.0418045 -0.0302666 -0.00667256 -0.0500137 -0.0519091 -0.0808027 0.0261174 0.0458902 -0.0739838 -0.0246995 0.00432393 -0.00761138 -0.0233164 0.00411272
internal_weight=649 545 47 104 498 449 351 81 49 219 169 77 92 44 50 98 63 55 53 132 94 71 51
internal_count=649 545 47 104 498 449 351 81 49 219 169 77 92 44 50 98 63 55 53 132 94 71 51
is_linear=0
shrinkage=0.05


Tree=58
num_leaves=24
num_cat=0
split_feature=1 0 4 4 1 4 4 3 2 2 2 1 2 1 4 4 3 4 2 3 3 4 2
split_gain=198.087 251.128 163.811 105.745 84.3125 79.7297 76.0814 88.1043 57.9963 45.7675 44.1114 40.8257 35.7052 29.849 60.5846 31.7181 26.7525 27.6706 26.5531 21.5163 17.6243 17.1772 14.9554
threshold=1.0000000180025095e-35 1.0000000180025095e-35 59.965509685479887 25.289168620688478 6.5000000000000009 91.020320093776277 115.16244994348261 1.0000000180025095e-35 71.936959959001442 84.127229550054906 37.460452919560929 5.5000000000000009 42.570817823469646 1.5000000000000002 45.10304563370412 57.926355046149283 1.0000000180025095e-35 47.618285055359927 82.192777460708427 2.5000000000000004 4.5000000000000009 102.75380812128141 43.879218583063611
decision_type=2 2 2 2 2 2 2 2 2 2 2 2 2 2 2 2 2 2 2 2 2 2 2
left_child=5 3 -3 10 6 -1 7 12 11 -10 -2 13 -5 -9 -15 -16 -6 -18 20 -17 21 22 -19
right_child=1 2 -4 4 16 -7 -8 8 9 -11 -12 -13 -14 14 15 19 17 18 -20 -21 -22 -23 -24
leaf_value=-0.051158490208670117 0.0019435644149780275 0.21161650561050258 0.020775325567987953 -0.02069682316935581 0.051923989450498934 -0.17020083262839103 -0.12717418834567071 -0.09246139092636961 0.062937854100018745 -0.03050704918017513 0.09520428538962733 -0.11995409160683101 0.059056078383906023 -0.11294439367949963 0.033925254934507869 -0.069582053796889684 0.042251122268763458 -0.0033740540280153882 0.037456107884645463 -0.010553042757275859 -0.062100840806961058 0.027012366639531177 -0.052587057041147578
leaf_weight=39 21 22 23 23 31 22 20 28 20 38 32 22 36 20 23 26 33 38 25 38 20 23 26
leaf_count=39 21 22 23 23 31 22 20 28 20 38 32 22 36 20 23 26 33 38 25 38 20 23 26
internal_value=-0.00832881 0.000568373 0.114075 -0.00883829 -0.016095 -0.0940918 -0.0330295 -0.0261576 -0.0410101 0.00171533 0.0582519 -0.056794 0.027966 -0.0465013 -0.0344744 -0.0164353 0.00930675 0.00129988 -0.00893793 -0.0345336 -0.0197777 -0.0100482 -0.0233668
internal_weight=649 588 45 543 490 61 294 274 215 58 53 157 59 135 107 87 196 165 132 64 107 87 64
internal_count=649 588 45 543 490 61 294 274 215 58 53 157 59 135 107 87 196 165 132 64 107 87 64
is_linear=0
shrinkage=0.05


Tree=59
num_leaves=24
num_cat=0
split_feature=3 0 1 2 4 2 2 4 3 4 1 2 2 2 2 1 3 1 2 4 4 1 2
split_gain=189.077 165.709 225.317 135.155 94.5591 71.7993 78.2175 65.7542 73.8342 56.7733 53.2967 39.9296 48.2592 38.1723 34.4976 82.7302 27.8861 33.3528 25.6711 27.1069 23.4772 21.4193 13.401
threshold=4.5000000000000009 1.0000000180025095e-35 5.5000000000000009 19.131485476827034 25.289168620688478 7.3599798889470609 11.886109979114524 36.895817868125022 1.0000000180025095e-35 57.926355046149283 9.5000000000000018 38.854903527318207 31.834308673614835 37.460452919560929 41.335204950233511 4.5000000000000009 2.5000000000000004 4.5000000000000009 61.800379505435046 74.961164413367655 70.37534102925234 6.5000000000000009 70.976092386706355
decision_type=2 2 2 2 2 2 2 2 2 2 2 2 2 2 2 2 2 2 2 2 2 2 2
left_child=1 4 -3 -2 13 -6 -7 -8 14 -5 11 12 20 -1 -9 -16 17 22 -18 -20 -10 -11 -13
right_child=3 2 -4 9 5 6 7 8 10 21 -12 16 -14 -15 15 -17 18 -19 19 -21 -22 -23 -24
leaf_value=0.0082185289263725283 -0.17665915962146678 -0.0090755360387265692 0.21032334351607873 0.021563498976712045 -0.090836767521169454 0.085054597055370162 -0.075278565519162122 -0.0093802109774616046 0.003432745348524164 -0.092622519448837815 0.042314080668218207 -0.04604565928956228 -0.11925626230381786 0.098008595997917239 0.0023778836531885739 0.12649446698278188 0.0036419707323823661 0.049919800460338594 -0.083329337922235333 -0.013577320691771234 -0.059017903576878944 -0.028397393226623536 0.0091991894918939353
leaf_weight=20 23 25 22 26 27 22 37 27 27 34 33 21 21 29 29 25 35 32 30 26 34 21 23
leaf_count=20 23 25 22 26 27 22 37 27 27 34 33 21 21 29 29 25 35 32 30 26 34 21 23
internal_value=-0.00791237 0.00387687 0.0936218 -0.0696925 -0.00459303 -0.0117905 -0.00673308 -0.0117814 -0.00530923 -0.0393193 -0.0173947 -0.0253079 -0.0538818 0.0613596 0.0367661 0.0598393 -0.0112776 0.0110797 -0.0299497 -0.0509445 -0.0313758 -0.0681002 -0.0171677
internal_weight=649 545 47 104 498 449 422 400 363 81 282 249 82 49 81 54 167 76 91 56 61 55 44
internal_count=649 545 47 104 498 449 422 400 363 81 282 249 82 49 81 54 167 76 91 56 61 55 44
is_linear=0
shrinkage=0.05


Tree=60
num_leaves=25
num_cat=0
split_feature=1 0 2 4 3 4 2 4 2 4 4 4 4 2 3 3 4 1 2 4 4 1 2 2
split_gain=253.054 474.331 132.598 126.685 78.5758 100.537 78.8107 53.301 53.1183 52.6423 42.3619 70.4413 31.9389 29.7666 43.4055 34.0837 43.2336 43.7146 83.5391 28.3613 24.1665 22.6838 22.1063 12.8143
threshold=1.5000000000000002 1.0000000180025095e-35 45.989287760552045 99.383009477500806 1.0000000180025095e-35 42.127309092208996 85.144291736090551 63.86752382744546 5.1738603452779985 42.713113300666897 109.19910885859538 98.817076048535824 89.178422713582236 61.177774893426431 2.5000000000000004 4.5000000000000009 84.315518688966122 8.5000000000000018 35.321258690858343 51.025843074080676 72.305263687084462 6.5000000000000009 17.700403039495519 60.177957561396774
decision_type=2 2 2 2 2 2 2 2 2 2 2 2 2 2 2 2 2 2 2 2 2 2 2 2
left_child=3 4 -3 7 5 -2 8 9 -6 -1 11 13 -8 15 -15 16 17 18 22 -16 -7 -22 -10 -9
right_child=1 2 -4 -5 6 20 12 23 10 -11 -12 -13 -14 14 19 -17 -18 -19 -20 -21 21 -23 -24 -25
leaf_value=-0.018215025037527085 0.13871016001159495 0.077128828849111292 0.24605269615466777 -0.15090350539539943 -0.092571573172296806 -0.02090128536025683 0.076633809568981331 -0.017628030590713023 0.039503464400768282 -0.12426366590979426 -0.062887505419990594 0.071402588440105316 0.00016551881351254205 -0.096644831869913184 0.031659465208649637 -0.047666304445627972 -0.04700912599052702 -0.026321253767519287 0.10179289942059447 -0.052544543296098714 0.0039725612510334357 0.076623504360516875 -0.029322937556675505 0.038972111539915207
leaf_weight=25 22 21 26 30 21 27 36 20 20 22 34 28 22 23 20 33 28 33 34 20 22 21 28 20
leaf_count=25 22 21 26 30 21 27 36 20 20 22 34 28 22 23 20 33 28 33 34 20 22 21 28 20
internal_value=0.00412361 0.0190983 0.170576 -0.0623026 0.0040147 0.0454759 -0.00602326 -0.0317505 -0.0156873 -0.0678548 -0.0103232 -0.00362966 0.0476286 -0.0124201 -0.0419132 -0.00186284 0.00870719 0.0222729 0.0418291 -0.0104425 0.0161736 0.0394533 -0.00064527 0.010672
internal_weight=636 519 47 117 472 92 380 87 322 47 301 267 58 239 63 176 143 115 82 40 70 43 48 40
internal_count=636 519 47 117 472 92 380 87 322 47 301 267 58 239 63 176 143 115 82 40 70 43 48 40
is_linear=0
shrinkage=0.05


Tree=61
num_leaves=25
num_cat=0
split_feature=1 0 2 4 3 4 2 4 2 4 4 4 4 2 3 3 4 1 2 4 4 1 2 2
split_gain=228.382 428.083 119.67 114.333 70.9147 90.7342 71.1267 48.1041 47.9393 47.5097 38.2316 63.5733 28.8249 26.8643 39.1735 30.7606 39.0183 39.4524 75.3941 25.596 21.8103 20.4721 19.951 11.5649
threshold=1.5000000000000002 1.0000000180025095e-35 45.989287760552045 99.383009477500806 1.0000000180025095e-35 42.127309092208996 85.144291736090551 63.86752382744546 5.1738603452779985 42.713113300666897 109.19910885859538 98.817076048535824 89.178422713582236 61.177774893426431 2.5000000000000004 4.5000000000000009 84.315518688966122 8.5000000000000018 35.321258690858343 51.025843074080676 72.305263687084462 6.5000000000000009 17.700403039495519 60.177957561396774
decision_type=2 2 2 2 2 2 2 2 2 2 2 2 2 2 2 2 2 2 2 2 2 2 2 2
left_child=3 4 -3 7 5 -2 8 9 -6 -1 11 13 -8 15 -15 16 17 18 22 -16 -7 -22 -10 -9
right_child=1 2 -4 -5 6 20 12 23 10 -11 -12 -13 -14 14 19 -17 -18 -19 -20 -21 21 -23 -24 -25
leaf_value=-0.017304273068904877 0.13177465010773054 0.073272388925155016 0.23375006180543167 -0.14335832923650743 -0.087942993286110105 -0.019856222594777744 0.072802119412355953 -0.016746629811823368 0.037528288438916209 -0.11805048067630693 -0.059743131445172959 0.067832459236628243 0.00015724338591098787 -0.091812591773012417 0.030076493173837662 -0.045282990688627421 -0.044658666849136358 -0.025005189555160928 0.096703256088692485 -0.049917317032814025 0.0037739330394701526 0.072792327758811767 -0.027856791125876565 0.037023507994599643
leaf_weight=25 22 21 26 30 21 27 36 20 20 22 34 28 22 23 20 33 28 33 34 20 22 21 28 20
leaf_count=25 22 21 26 30 21 27 36 20 20 22 34 28 22 23 20 33 28 33 34 20 22 21 28 20
internal_value=0.00391743 0.0181434 0.162047 -0.0591874 0.00381397 0.0432021 -0.0057221 -0.030163 -0.0149029 -0.0644621 -0.00980708 -0.00344818 0.0452472 -0.011799 -0.0398176 -0.00176969 0.00827183 0.0211593 0.0397376 -0.00992041 0.015365 0.0374806 -0.000613008 0.0101384
internal_weight=636 519 47 117 472 92 380 87 322 47 301 267 58 239 63 176 143 115 82 40 70 43 48 40
internal_count=636 519 47 117 472 92 380 87 322 47 301 267 58 239 63 176 143 115 82 40 70 43 48 40
is_linear=0
shrinkage=0.05


Tree=62
num_leaves=25
num_cat=0
split_feature=1 0 2 4 3 4 2 4 2 4 4 4 2 2 3 3 4 1 2 4 2 2 1 2
split_gain=206.114 386.345 108.002 103.186 64.0005 81.8876 64.1918 43.414 43.2652 42.8775 34.504 57.3749 28.6213 24.245 35.3541 27.7614 35.214 35.6058 68.0431 23.1004 20.1866 18.0058 10.9488 10.4373
threshold=1.5000000000000002 1.0000000180025095e-35 45.989287760552045 99.383009477500806 1.0000000180025095e-35 42.127309092208996 85.144291736090551 63.86752382744546 5.1738603452779985 42.713113300666897 109.19910885859538 98.817076048535824 90.816379003668516 61.177774893426431 2.5000000000000004 4.5000000000000009 84.315518688966122 8.5000000000000018 35.321258690858343 51.025843074080676 41.335204950233511 17.700403039495519 6.5000000000000009 60.177957561396774
decision_type=2 2 2 2 2 2 2 2 2 2 2 2 2 2 2 2 2 2 2 2 2 2 2 2
left_child=3 4 -3 7 5 -2 8 9 -6 -1 11 13 -8 15 -15 16 17 18 21 -16 -7 -10 -22 -9
right_child=1 2 -4 -5 6 20 12 23 10 -11 -12 -13 -14 14 19 -17 -18 -19 -20 -21 22 -23 -24 -25
leaf_value=-0.016439059376716615 0.12518591819839045 0.069608770151223451 0.22206255908195793 -0.13619041313727698 -0.083545845888909842 -0.018288294438804902 0.084790424505869544 -0.015909298621118069 0.035651874318718912 -0.11214795593510976 -0.056755974642275012 0.064440834498964247 0.013474962454946601 -0.087221960302280355 0.028572666794061664 -0.043018841291918901 -0.04242573359182903 -0.023754930473638303 0.091868092601790158 -0.047421451359987266 0.0097453155182301993 -0.026463951276881354 0.060860724035989161 0.035172331763897093
leaf_weight=25 22 21 26 30 21 28 24 20 20 22 34 28 34 23 20 33 28 33 34 20 20 28 22 20
leaf_count=25 22 21 26 30 21 28 24 20 20 22 34 28 34 23 20 33 28 33 34 20 20 28 22 20
internal_value=0.00372156 0.0172362 0.153945 -0.0562281 0.00362327 0.041042 -0.00543599 -0.0286548 -0.0141578 -0.061239 -0.00931672 -0.00327577 0.0429848 -0.0112091 -0.0378267 -0.00168121 0.00785824 0.0201013 0.0377508 -0.00942439 0.0145967 -0.000582357 0.0365201 0.00963152
internal_weight=636 519 47 117 472 92 380 87 322 47 301 267 58 239 63 176 143 115 82 40 70 48 42 40
internal_count=636 519 47 117 472 92 380 87 322 47 301 267 58 239 63 176 143 115 82 40 70 48 42 40
is_linear=0
shrinkage=0.05


Tree=63
num_leaves=26
num_cat=0
split_feature=1 0 2 2 3 4 4 2 3 2 4 3 2 3 4 2 2 1 4 4 1 4 4 2 4
split_gain=186.018 348.677 97.4717 96.2025 57.7605 73.9036 58.6774 85.5217 49.042 42.5618 39.3821 27.74 65.8296 37.0735 45.0275 23.7988 40.9583 27.6482 22.5576 19.6678 17.6086 17.5224 4.15742 0.923104 0.172719
threshold=1.5000000000000002 1.0000000180025095e-35 45.989287760552045 62.984133999618891 1.0000000180025095e-35 42.127309092208996 115.73394634588813 85.144291736090551 3.5000000000000004 5.1738603452779985 91.020320093776277 1.5000000000000002 47.885269953662608 4.5000000000000009 102.75380812128141 72.064282840780351 35.104784519467067 7.5000000000000009 82.601101732715662 72.305263687084462 6.5000000000000009 59.805800544964804 54.765970400539324 57.456815201508498 59.561721949384754
decision_type=2 2 2 2 2 2 2 2 2 2 2 2 2 2 2 2 2 2 2 2 2 2 2 2 2
left_child=3 4 -3 10 5 -2 7 9 -5 -6 24 12 -11 14 15 16 21 23 -9 -7 -21 -13 -15 -18 -1
right_child=1 2 -4 8 6 19 -8 18 -10 11 -12 13 -14 22 -16 -17 17 -19 -20 20 -22 -23 -24 -25 -26
leaf_value=-0.06213003486394883 0.11892662251537496 0.066128329444854028 0.21095943175829374 0.032100264952682395 -0.079368551997911374 -0.019579631904209104 -0.086400715323785945 0.026445330912247302 -0.066572299040853974 0.00439422138226338 -0.14752556464594344 0.011517888980527078 -0.10226049530117408 -0.051505864286710591 0.082272939854079782 -0.046669239997863772 0.05641805622726679 -0.0040055505607439123 0.091121979860159075 0.003607673282650384 0.067617279255673998 -0.040102744283420699 -0.022460531975541796 0.071260097538205711 -0.068701170943677434
leaf_weight=20 22 21 26 34 21 27 21 28 20 39 23 31 23 22 21 20 20 23 26 22 21 35 28 22 20
leaf_count=20 22 21 26 34 21 27 21 28 20 39 23 31 23 22 21 20 20 23 26 22 21 35 28 22 20
internal_value=0.00353548 0.0163744 0.146248 -0.0534167 0.00344211 0.0389899 -0.00516419 -0.000412196 -0.00444513 -0.0106807 -0.0953923 -0.00560169 -0.0351712 0.00265647 0.013673 0.00413264 0.0118887 0.0400609 0.0575859 0.0138669 0.0348682 -0.0158567 -0.0352405 0.0641925 -0.0654156
internal_weight=636 519 47 117 472 92 380 359 54 305 63 284 62 222 172 151 131 65 54 70 43 66 50 42 40
internal_count=636 519 47 117 472 92 380 359 54 305 63 284 62 222 172 151 131 65 54 70 43 66 50 42 40
is_linear=0
shrinkage=0.05


Tree=64
num_leaves=26
num_cat=0
split_feature=3 0 2 2 4 4 2 4 4 2 1 1 2 4 4 2 3 3 2 4 1 1 1 4 4
split_gain=175.095 264.624 223.283 131.177 58.6941 47.3053 164.16 62.0137 68.6296 51.558 52.2934 122.126 42.3032 49.712 41.9234 38.3186 33.593 47.0726 46.5468 28.8646 24.251 18.0786 10.7637 10.3116 4.06144
threshold=4.5000000000000009 1.0000000180025095e-35 45.989287760552045 17.97206200560856 115.16244994348261 30.021423801676985 24.605974009264184 71.647964778116645 68.05359673300056 61.800379505435046 3.5000000000000004 5.5000000000000009 70.976092386706355 89.619590541383459 79.397127694465283 59.514956246481326 1.5000000000000002 1.0000000180025095e-35 27.330703878507588 63.457343312560276 6.5000000000000009 8.5000000000000018 4.5000000000000009 44.635869546487136 97.486208209961475
decision_type=2 2 2 2 2 2 2 2 2 2 2 2 2 2 2 2 2 2 2 2 2 2 2 2 2
left_child=1 4 -3 -2 5 6 -1 8 9 10 -7 -12 14 -14 -9 16 17 -16 -18 -5 23 -13 -8 -11 -21
right_child=3 2 -4 19 -6 7 22 12 -10 20 11 21 13 -15 15 -17 18 -19 -20 24 -22 -23 -24 -25 -26
leaf_value=-0.072030732532342281 -0.17348334722220898 0.0075361241664116578 0.21370866452825479 0.0076445496310630148 -0.066259047671638691 -0.033710458425757213 0.066838601529598238 0.072403916567564008 -0.10779198586940766 -0.04241161349229515 0.14232872575521469 0.029266831502318381 0.11725557957376753 0.020455174355043307 0.020258306067150372 -0.068988710120320318 -0.0075504744425415994 -0.080390075381313056 0.083505223512649551 -0.071511369659787133 -0.0056253483546897772 -0.034511522546410565 0.11451849294505244 -0.092576572653793154 -0.040414593652600334
leaf_weight=21 20 24 29 31 29 39 20 20 20 20 20 20 21 36 26 20 32 21 25 21 25 25 29 21 21
leaf_count=21 20 24 29 31 29 39 20 20 20 20 20 20 21 36 26 20 32 21 25 21 25 25 29 21 21
internal_value=0.00335871 0.014216 0.120348 -0.0600337 0.00273643 0.00707671 0.0449309 0.000299741 -0.020181 -0.00987388 0.0120617 0.039525 0.0196597 0.0561185 0.00522808 -0.00560673 0.00658211 -0.0247122 0.0323862 -0.0289516 -0.044439 -0.00616559 0.0950573 -0.0681059 -0.055963
internal_weight=636 543 53 93 490 461 70 391 190 170 104 65 201 57 144 124 104 47 57 73 66 45 49 41 42
internal_count=636 543 53 93 490 461 70 391 190 170 104 65 201 57 144 124 104 47 57 73 66 45 49 41 42
is_linear=0
shrinkage=0.05


Tree=65
num_leaves=25
num_cat=0
split_feature=1 0 2 2 4 0 4 2 3 4 2 4 4 2 2 1 4 2 2 4 2 2 3 1
split_gain=236.539 134.749 119.867 83.8343 82.7219 67.2725 65.9572 61.4779 47.6139 44.5644 53.5667 49.3328 34.9622 79.713 55.1057 41.3334 24.8623 24.2342 60.1989 57.9482 13.4581 13.0289 39.6569 12.7438
threshold=4.5000000000000009 1.0000000180025095e-35 9.2285953859775525 82.733172662166311 30.021423801676985 1.0000000180025095e-35 62.34569487135699 83.944693235193313 4.5000000000000009 111.57236621888126 19.131485476827034 25.289168620688478 61.378265286286478 55.180475262931587 58.842005972692995 7.5000000000000009 59.805800544964804 47.232709136695767 32.619737960274342 74.961164413367655 91.717028849682222 61.800379505435046 2.5000000000000004 9.5000000000000018
decision_type=2 2 2 2 2 2 2 2 2 2 2 2 2 2 2 2 2 2 2 2 2 2 2 2
left_child=2 3 -1 9 -4 7 -5 8 17 10 16 -12 13 -13 15 -14 -2 18 19 -6 -9 -19 -23 -17
right_child=1 -3 4 6 5 -7 -8 20 -10 -11 11 12 14 -15 -16 23 -18 21 -20 -21 -22 22 -24 -25
leaf_value=-0.13394264702040415 0.0097325659003751046 0.12299571183110987 0.052619065451576852 0.14858092563226818 -0.054718913713639433 0.050763975524089559 0.033509623460034187 -0.12529761957004668 -0.092169155677159637 -0.061876754640113746 0.10031131470487231 0.035204828450003188 0.061563909652509866 -0.081797114759683612 0.1013793568611145 -0.044448774059613547 -0.052475607190798558 0.039064319334214642 -0.091227115510866569 0.061400072560423902 -0.067987848392554701 0.039414911681697487 -0.057755647045338449 0.011319364905357362
leaf_weight=26 29 35 33 20 22 22 33 20 24 21 21 37 28 24 25 21 36 21 29 21 21 21 21 20
leaf_count=26 29 35 33 20 22 22 33 20 24 21 21 37 28 24 25 21 36 21 29 21 21 21 21 20
internal_value=0.00249348 0.0299235 -0.031672 0.0195821 -0.0212444 -0.0322241 0.0769328 -0.0413528 -0.0272759 0.00798066 0.0140678 0.0283933 0.0186496 -0.0108287 0.0377791 0.0147355 -0.0247212 -0.0157393 -0.0355556 0.00199036 -0.0959438 0.00690786 -0.00917037 -0.0172448
internal_weight=631 350 281 315 255 222 53 200 159 262 241 176 155 61 94 69 65 135 72 43 41 63 42 41
internal_count=631 350 281 315 255 222 53 200 159 262 241 176 155 61 94 69 65 135 72 43 41 63 42 41
is_linear=0
shrinkage=0.05


Tree=66
num_leaves=24
num_cat=0
split_feature=1 0 2 4 4 0 2 2 4 1 2 4 2 2 1 2 2 2 1 4 2 2 4
split_gain=213.758 173.989 117.742 108.306 86.8106 53.8726 35.3868 85.3834 66.0508 60.5748 69.4301 32.8943 74.2696 44.8165 35.1474 24.67 60.7973 65.3553 20.9779 18.0802 12.2401 12.1164 4.58829
threshold=3.5000000000000004 1.0000000180025095e-35 17.259531184192323 19.805153187933517 52.15581332272739 1.0000000180025095e-35 19.131485476827034 25.217635029160864 111.57236621888126 4.5000000000000009 80.857895725743703 61.378265286286478 55.180475262931587 58.842005972692995 7.5000000000000009 32.619737960274342 51.350091491956775 72.96145656756191 8.5000000000000018 75.897526228912525 11.789816386179437 63.582533916049464 78.094312841466149
decision_type=2 2 2 2 2 2 2 2 2 2 2 2 2 2 2 2 2 2 2 2 2 2 2
left_child=2 3 -1 -2 -3 15 18 -8 9 -9 11 12 -11 14 -13 -4 -17 21 20 -19 -5 -18 -12
right_child=1 4 5 6 -6 -7 7 8 -10 10 22 13 -14 -15 -16 16 17 19 -20 -21 -22 -23 -24
leaf_value=-0.11608658807450219 0.12635493591427802 0.19633696414530277 0.0094120908415678776 -0.029833571813427485 0.052405878698283982 0.051972743885024736 0.10960645811124281 -0.059560528211295607 -0.073881226389304458 0.025494277751759484 0.093338224703135589 0.048643544539809229 -0.084175492593875301 0.086198642229040473 -0.031038324703131955 -0.095715041000928203 -0.00059978052952580835 -0.028957001526247375 -0.06208853299419085 -0.084127709455788138 0.018683091493753287 0.051302580697380973 0.061725816604765983
leaf_weight=38 20 20 33 26 22 23 22 24 23 38 24 25 26 24 31 35 22 33 24 27 26 23 22
leaf_count=38 20 20 33 26 22 23 22 24 23 38 24 25 26 24 31 35 22 33 24 27 26 23 22
internal_value=0.0023688 0.0247111 -0.0355368 0.0133258 0.120944 -0.01992 0.00657778 0.0153807 0.00663398 0.0152875 0.024742 0.00765894 -0.0190591 0.0290333 0.00453394 -0.029478 -0.0386449 -0.0196216 -0.0234215 -0.0537838 -0.00557524 0.0259281 0.0782192
internal_weight=631 397 234 355 42 196 335 259 237 214 190 144 64 80 56 173 140 105 76 60 52 45 46
internal_count=631 397 234 355 42 196 335 259 237 214 190 144 64 80 56 173 140 105 76 60 52 45 46
is_linear=0
shrinkage=0.05


Tree=67
num_leaves=24
num_cat=0
split_feature=1 0 2 4 4 0 2 2 4 1 2 4 2 2 2 1 2 1 1 4 2 2 4
split_gain=192.916 157.025 106.262 97.7466 78.3465 48.62 31.9366 77.0586 59.6109 54.6687 62.6606 30.2325 22.2647 54.8695 58.9832 21.1208 41.066 28.1236 18.9326 16.3174 11.0467 10.935 4.14094
threshold=3.5000000000000004 1.0000000180025095e-35 17.259531184192323 19.805153187933517 52.15581332272739 1.0000000180025095e-35 19.131485476827034 25.217635029160864 111.57236621888126 4.5000000000000009 80.857895725743703 36.895817868125022 32.619737960274342 51.350091491956775 72.96145656756191 6.5000000000000009 42.079462039131833 8.5000000000000018 8.5000000000000018 75.897526228912525 11.789816386179437 63.582533916049464 78.094312841466149
decision_type=2 2 2 2 2 2 2 2 2 2 2 2 2 2 2 2 2 2 2 2 2 2 2
left_child=2 3 -1 -2 -3 12 18 -8 9 -9 11 -11 -4 -14 21 -13 -17 -18 20 -16 -5 -15 -12
right_child=1 4 5 6 -6 -7 7 8 -10 10 22 15 13 14 19 16 17 -19 -20 -21 -22 -23 -24
leaf_value=-0.11028225727771457 0.12003718741238117 0.18652011867612603 0.0089414862069216641 -0.02834189324460637 0.049785583635622806 0.049374105123000771 0.10412613776597111 -0.056582503393292433 -0.070187163563526209 -0.049769528210163116 0.088671313319355252 0.050744042578012211 -0.090929288200235797 -0.00056979027576744559 -0.027509151850685934 -0.040479119460691104 0.068012076960160192 -0.0019975808914750814 -0.058984106654922167 -0.079921319991074227 0.017748939217283176 0.048737454381973855 0.058639526231722396
leaf_weight=38 20 20 33 26 22 23 22 24 23 20 24 33 35 22 33 33 26 32 24 27 26 23 22
leaf_count=38 20 20 33 26 22 23 22 24 23 20 24 33 35 22 33 33 26 32 24 27 26 23 22
internal_value=0.00225036 0.0234756 -0.03376 0.0126595 0.114897 -0.018924 0.00624889 0.0146116 0.00630228 0.0145231 0.0235049 0.007276 -0.0280041 -0.0367127 -0.0186405 0.0164769 0.00405033 0.0293861 -0.0222505 -0.0510946 -0.00529648 0.0246317 0.0743083
internal_weight=631 397 234 355 42 196 335 259 237 214 190 144 173 140 105 124 91 58 76 60 52 45 46
internal_count=631 397 234 355 42 196 335 259 237 214 190 144 173 140 105 124 91 58 76 60 52 45 46
is_linear=0
shrinkage=0.05


Tree=68
num_leaves=25
num_cat=0
split_feature=1 0 2 4 2 0 2 2 4 4 1 2 2 4 2 3 2 2 2 1 4 3 2 4
split_gain=174.107 141.715 95.9018 88.2163 77.4307 43.8796 28.8228 69.5453 53.7988 52.5861 25.0198 56.0571 39.7382 25.9493 51.4745 45.5423 20.0939 49.5198 53.2323 17.0866 14.7264 10.8487 9.86885 7.63531
threshold=3.5000000000000004 1.0000000180025095e-35 17.259531184192323 19.805153187933517 54.2410200905829 1.0000000180025095e-35 19.131485476827034 25.217635029160864 111.57236621888126 103.37828229658808 4.5000000000000009 80.857895725743703 69.294368333715354 68.05359673300056 51.350091491956775 2.5000000000000004 32.619737960274342 51.350091491956775 72.96145656756191 8.5000000000000018 75.897526228912525 2.5000000000000004 63.582533916049464 73.275562701618142
decision_type=2 2 2 2 2 2 2 2 2 2 2 2 2 2 2 2 2 2 2 2 2 2 2 2
left_child=2 3 -1 -2 -3 16 19 -8 9 10 -9 12 13 15 -15 -12 -4 -18 22 21 -20 -5 -19 -13
right_child=1 4 5 6 -6 -7 7 8 -10 -11 11 23 -14 14 -16 -17 17 18 20 -21 -22 -23 -24 -25
leaf_value=-0.10476814582943916 0.11403533294796944 0.044422380969097675 0.0084944118152965199 0.016112165791647776 0.18035542525351048 0.046905398903333624 0.098919831961393367 -0.043121660031054332 -0.066677806032416617 0.090991135295480488 0.078406464722421437 0.083914273125784741 -0.066844276303336739 -0.064739291156055756 0.039635407853694189 -0.009155245283336352 -0.086382824257016183 -0.00054130034034394409 -0.026133694584396756 -0.056034900372227039 -0.075925255332280089 -0.029699441449095806 0.046300581745479422 0.041277070414452333
leaf_weight=38 20 22 33 28 20 23 22 23 23 20 27 21 21 27 21 33 35 22 33 24 27 24 23 21
leaf_count=38 20 22 33 28 20 23 22 23 23 20 27 21 21 27 21 33 35 22 33 24 27 24 23 21
internal_value=0.00213784 0.0223018 -0.032072 0.0120265 0.109152 -0.0179778 0.00593645 0.0138811 0.00598716 0.0137969 0.00583879 0.0124241 -0.00391082 0.00832624 -0.0190754 0.0302475 -0.0266039 -0.0348771 -0.0177085 -0.0211379 -0.0485399 -0.00503165 0.0234001 0.0625957
internal_weight=631 397 234 355 42 196 335 259 237 214 194 171 129 108 48 60 173 140 105 76 60 52 45 42
internal_count=631 397 234 355 42 196 335 259 237 214 194 171 129 108 48 60 173 140 105 76 60 52 45 42
is_linear=0
shrinkage=0.05


Tree=69
num_leaves=24
num_cat=0
split_feature=1 0 2 4 4 0 4 4 2 1 1 1 4 4 2 2 2 2 2 2 2 4 2
split_gain=157.131 127.898 86.5514 79.6152 70.3718 39.6013 29.2778 76.8859 76.6581 28.7508 57.7203 39.1542 118.063 89.9838 47.8705 27.5957 18.1347 44.6916 48.0422 16.3353 14.4737 9.35804 8.90664
threshold=3.5000000000000004 1.0000000180025095e-35 17.259531184192323 19.805153187933517 52.15581332272739 1.0000000180025095e-35 32.147340601149665 47.28372615748107 8.8258383922702865 4.5000000000000009 5.5000000000000009 8.5000000000000018 74.018030522459512 76.207937804395542 51.350091491956775 65.331960151077951 32.619737960274342 51.350091491956775 72.96145656756191 63.206649586084403 87.906686626571044 38.455605377963344 63.582533916049464
decision_type=2 2 2 2 2 2 2 2 2 2 2 2 2 2 2 2 2 2 2 2 2 2 2
left_child=2 3 -1 -2 -3 16 -5 21 -9 -10 -11 13 -13 19 -14 -15 -4 -18 22 -12 -20 -8 -19
right_child=1 4 5 6 -6 -7 7 8 9 10 11 12 14 15 -16 -17 17 18 20 -21 -22 -23 -24
leaf_value=-0.099529738685018146 0.10833356373012067 0.17157466682139785 0.0080696913329037761 -0.039076399374188803 0.04198580035431819 0.044560129762343741 0.092058542074466301 -0.089760149219496696 -0.042718464255332947 0.079448367420840882 0.072755124270915988 -0.064718537615693142 0.013777801191264934 -0.081814088064589008 0.10958860558457673 -0.011448038030754436 -0.082063682813729555 -0.00051423671433109455 -0.069084306206787002 0.0088502532988786707 -0.019859866731401003 0.048127929148850619 0.043985553150591647
leaf_weight=38 20 20 33 33 22 23 22 22 25 29 20 23 22 38 32 22 35 22 32 20 28 27 23
leaf_count=38 20 20 33 33 22 23 22 22 25 29 20 23 22 38 32 22 35 22 32 20 28 27 23
internal_value=0.00203095 0.0211867 -0.0304684 0.0114252 0.103695 -0.0170789 0.00563963 0.0105258 -0.000576863 0.00791678 0.0140618 0.00334879 0.0301483 -0.0172868 0.0705546 -0.0560132 -0.0252737 -0.0331332 -0.016823 0.0408027 -0.0461129 0.0678519 0.0222301
internal_weight=631 397 234 355 42 196 335 302 253 231 206 177 77 100 54 60 173 140 105 40 60 49 45
internal_count=631 397 234 355 42 196 335 302 253 231 206 177 77 100 54 60 173 140 105 40 60 49 45
is_linear=0
shrinkage=0.05


Tree=70
num_leaves=25
num_cat=0
split_feature=1 0 3 4 2 2 1 4 4 2 2 4 2 2 2 4 2 1 4 4 3 3 3 3
split_gain=233.951 148.661 240.785 109.77 44.5793 57.5715 49.2198 51.5285 90.6143 36.8829 37.4386 32.3587 31.3004 33.8591 45.2682 19.7077 46.1929 18.8999 22.8329 18.8877 17.6123 17.4496 16.1415 6.71804
threshold=1.5000000000000002 1.0000000180025095e-35 2.5000000000000004 99.383009477500806 19.131485476827034 14.481551752099142 8.5000000000000018 76.952205787060493 55.942479991292863 82.192777460708427 43.402391244417451 103.63007601795991 90.138183020020136 61.800379505435046 51.090419883160017 47.618285055359927 8.1658582949169247 4.5000000000000009 54.765970400539324 61.378265286286478 2.5000000000000004 2.5000000000000004 3.5000000000000004 1.5000000000000002
decision_type=2 2 2 2 2 2 2 2 2 2 2 2 2 2 2 2 2 2 2 2 2 2 2 2
left_child=3 4 -3 9 5 15 11 8 -8 10 -1 12 13 14 17 -2 -17 23 -19 20 -15 -9 -13 -6
right_child=1 2 -4 -5 6 -7 7 21 -10 -11 -12 22 -14 19 -16 16 -18 18 -20 -21 -22 -23 -24 -25
leaf_value=-0.00671550978851669 0.047390929609537127 0.23940498240292074 0.012255657557398082 -0.13893444507286465 -0.023670681214963015 -0.070339196431450549 0.076492435087760297 0.064183712005615234 -0.058927706948348459 0.030837483207384747 -0.079396159705278038 -0.042656653234901441 0.071113145461788888 -0.069475299194455151 0.096369102506321816 -0.054024217694997795 0.047923865616321566 -0.005823777914047242 0.061503748294404331 0.015824027155195514 -0.0039143397339752748 0.12944112360477447 0.012792152742899599 0.012630398720502853
leaf_weight=34 24 20 28 29 26 32 30 21 21 21 37 35 27 20 21 25 20 20 34 31 21 20 21 25
leaf_count=34 24 20 28 29 26 32 30 21 21 21 37 35 27 20 21 25 20 20 34 31 21 20 21 25
internal_value=0.00853095 0.0230515 0.106901 -0.0541115 0.0145604 -0.0149069 0.0225395 0.0542823 0.0207312 -0.0273739 -0.0445913 0.0121469 0.0206116 0.0137251 0.029355 0.0108008 -0.00871396 0.0159521 0.0365676 -0.0136273 -0.0358953 0.0960166 -0.0218634 -0.00587603
internal_weight=643 522 48 121 474 101 373 92 51 92 71 281 225 198 126 69 45 105 54 72 41 41 56 51
internal_count=643 522 48 121 474 101 373 92 51 92 71 281 225 198 126 69 45 105 54 72 41 41 56 51
is_linear=0
shrinkage=0.05


Tree=71
num_leaves=23
num_cat=0
split_feature=1 0 3 4 2 2 2 1 2 2 2 4 3 2 2 1 2 2 1 3 2 4
split_gain=211.14 134.166 217.309 99.067 40.2328 51.9583 47.6704 75.0127 63.5971 49.786 82.2679 39.6554 54.3897 39.7185 54.1157 35.0896 33.2868 33.7884 28.322 19.0542 13.5896 9.33891
threshold=1.5000000000000002 1.0000000180025095e-35 2.5000000000000004 99.383009477500806 19.131485476827034 14.481551752099142 94.508251766134592 8.5000000000000018 88.074774253848375 66.346844384847927 43.879218583063611 86.26432337282067 3.5000000000000004 62.363046499936061 44.122796192832176 4.5000000000000009 82.192777460708427 43.402391244417451 6.5000000000000009 1.5000000000000002 44.730705003889057 59.805800544964804
decision_type=2 2 2 2 2 2 2 2 2 2 2 2 2 2 2 2 2 2 2 2 2 2
left_child=3 4 -3 16 5 19 7 8 11 10 -9 13 20 14 15 -6 17 -1 -15 -2 -13 -21
right_child=1 2 -4 -5 6 -7 -8 9 -10 -11 -12 12 -14 18 -16 -17 -18 -19 -20 21 -22 -23
leaf_value=-0.0063797337605672735 0.046239096857607367 0.22743472760543226 0.011642874152000462 -0.13198772160143687 -0.020373753984184825 -0.066822236333973703 -0.037958164104530893 0.10015447989658073 0.096947977727367768 0.11963023910919826 -0.02445599906719648 -0.021464467296997705 0.035442624972867119 -0.041014023396350879 0.096241496987640868 0.050946071403367182 0.029295608827045988 -0.075426352305992234 0.032838346276964463 0.014362027021971617 -0.071236598945688456 -0.031204844138625527
leaf_weight=34 24 20 28 29 34 32 31 27 21 30 26 24 28 34 30 35 21 37 21 22 32 23
leaf_count=34 24 20 28 29 34 32 31 27 21 30 26 24 28 34 30 35 21 37 21 22 32 23
internal_value=0.00810441 0.021899 0.101556 -0.051406 0.0138324 -0.0141616 0.0214125 0.0267941 0.0135381 0.0681593 0.0390248 0.00617838 -0.0214562 0.0212518 0.0401783 0.015803 -0.0260052 -0.0423618 -0.0128158 0.0102607 -0.0499057 -0.00892771
internal_weight=643 522 48 121 474 101 373 342 259 83 53 238 84 154 99 69 92 71 55 69 56 45
internal_count=643 522 48 121 474 101 373 342 259 83 53 238 84 154 99 69 92 71 55 69 56 45
is_linear=0
shrinkage=0.05


Tree=72
num_leaves=23
num_cat=0
split_feature=1 0 3 4 2 2 2 1 2 2 4 4 3 2 2 1 2 2 1 3 2 4
split_gain=190.554 121.085 196.121 89.408 36.3101 46.8923 43.0225 67.6989 57.3964 44.9319 77.1523 35.789 49.0867 35.8459 48.8394 31.6684 30.0413 30.494 25.5606 17.1964 12.2646 8.42837
threshold=1.5000000000000002 1.0000000180025095e-35 2.5000000000000004 99.383009477500806 19.131485476827034 14.481551752099142 94.508251766134592 8.5000000000000018 88.074774253848375 66.346844384847927 76.952205787060493 86.26432337282067 3.5000000000000004 62.363046499936061 44.122796192832176 4.5000000000000009 82.192777460708427 43.402391244417451 6.5000000000000009 1.5000000000000002 44.730705003889057 59.805800544964804
decision_type=2 2 2 2 2 2 2 2 2 2 2 2 2 2 2 2 2 2 2 2 2 2
left_child=3 4 -3 16 5 19 7 8 11 10 -9 13 20 14 15 -6 17 -1 -15 -2 -13 -21
right_child=1 2 -4 -5 6 -7 -8 9 -10 -11 -12 12 -14 18 -16 -17 -18 -19 -20 21 -22 -23
leaf_value=-0.0060607484267915001 0.043927144135038065 0.21606299549341204 0.011060729103961163 -0.12538833417126846 -0.019355067057425485 -0.063481123792007571 -0.036060255567633336 -0.017806315499133078 0.09210057957541376 0.11364873011906942 0.10338676354537409 -0.020391243944565457 0.03367049294923033 -0.03896332190043348 0.091429421603679673 0.048398768678307537 0.027830830642155243 -0.071655034455093178 0.031196427912939164 0.013643927465785632 -0.067674768774304547 -0.029644604816870847
leaf_weight=34 24 20 28 29 34 32 31 29 21 30 24 24 28 34 30 35 21 37 21 22 32 23
leaf_count=34 24 20 28 29 34 32 31 29 21 30 24 24 28 34 30 35 21 37 21 22 32 23
internal_value=0.00769919 0.020804 0.0964783 -0.0488357 0.0131408 -0.0134535 0.0203419 0.0254544 0.0128612 0.0647513 0.0370736 0.00586946 -0.0203834 0.0201892 0.0381694 0.0150128 -0.0247049 -0.0402437 -0.0121751 0.00974771 -0.0474104 -0.00848132
internal_weight=643 522 48 121 474 101 373 342 259 83 53 238 84 154 99 69 92 71 55 69 56 45
internal_count=643 522 48 121 474 101 373 342 259 83 53 238 84 154 99 69 92 71 55 69 56 45
is_linear=0
shrinkage=0.05


Tree=73
num_leaves=24
num_cat=0
split_feature=1 0 3 4 2 2 2 1 2 2 2 4 3 3 4 2 2 2 4 4 4 2 2
split_gain=171.975 109.279 176.999 80.6907 32.7699 42.3203 38.8278 61.0983 51.8002 40.551 72.6636 32.2996 44.3007 34.8898 77.0004 47.2335 27.1123 27.5208 26.6204 17.0062 16.094 40.166 11.0688
threshold=1.5000000000000002 1.0000000180025095e-35 2.5000000000000004 99.383009477500806 19.131485476827034 14.481551752099142 94.508251766134592 8.5000000000000018 88.074774253848375 66.346844384847927 43.879218583063611 86.26432337282067 3.5000000000000004 3.5000000000000004 63.86752382744546 62.363046499936061 82.192777460708427 43.402391244417451 45.720545543866074 38.015461787583661 47.618285055359927 8.1658582949169247 44.730705003889057
decision_type=2 2 2 2 2 2 2 2 2 2 2 2 2 2 2 2 2 2 2 2 2 2 2
left_child=3 4 -3 16 5 20 7 8 11 10 -9 13 22 14 15 19 17 -1 -15 -6 -2 -22 -13
right_child=1 2 -4 -5 6 -7 -8 9 -10 -11 -12 12 -14 18 -16 -17 -18 -19 -20 -21 21 -23 -24
leaf_value=-0.0057577087817823188 0.042326081264764073 0.20525984246283771 0.010507693075175796 -0.11911891937769692 0.067112961326104906 -0.060307067411486059 -0.034257241819174063 0.092670598019052433 0.087495549453333737 0.10796629314621289 -0.024440456038484208 -0.019371682591736317 0.031986968219124327 0.030331920571625232 0.10181078417226673 -0.046307414005367233 0.026439287407057629 -0.068072282865240766 -0.04365691483741807 0.0062525287270545965 -0.050625854574143897 0.044439139366149905 -0.064291030523600065
leaf_weight=34 24 20 28 29 24 32 31 27 21 30 26 24 28 20 31 26 21 37 31 22 25 20 32
leaf_count=34 24 20 28 29 24 32 31 27 21 30 26 24 28 20 31 26 21 37 31 22 25 20 32
internal_value=0.00731423 0.0197638 0.0916544 -0.0463939 0.0124837 -0.0127808 0.0193248 0.0241817 0.0122181 0.0615138 0.0352199 0.00557598 -0.0193643 0.0191798 0.0359263 0.00755936 -0.0234697 -0.0382315 -0.0146417 0.0380058 0.00926032 -0.00837475 -0.0450399
internal_weight=643 522 48 121 474 101 373 342 259 83 53 238 84 154 103 72 92 71 51 46 69 45 56
internal_count=643 522 48 121 474 101 373 342 259 83 53 238 84 154 103 72 92 71 51 46 69 45 56
is_linear=0
shrinkage=0.05


Tree=74
num_leaves=24
num_cat=0
split_feature=1 0 3 4 2 2 2 1 2 4 4 4 3 3 4 2 2 2 4 4 3 2 4
split_gain=155.208 98.6245 159.742 72.8233 29.5748 38.1941 35.0421 55.1412 46.7497 38.2762 147.042 29.1504 39.9814 31.488 69.4928 42.6282 24.4688 24.8375 24.0249 15.3481 15.0204 9.98958 6.67823
threshold=1.5000000000000002 1.0000000180025095e-35 2.5000000000000004 99.383009477500806 19.131485476827034 14.481551752099142 94.508251766134592 8.5000000000000018 88.074774253848375 76.952205787060493 55.942479991292863 86.26432337282067 3.5000000000000004 3.5000000000000004 63.86752382744546 62.363046499936061 82.192777460708427 43.402391244417451 45.720545543866074 38.015461787583661 1.5000000000000002 44.730705003889057 59.805800544964804
decision_type=2 2 2 2 2 2 2 2 2 2 2 2 2 2 2 2 2 2 2 2 2 2 2
left_child=3 4 -3 16 5 20 7 8 11 10 -9 13 21 14 15 19 17 -1 -15 -6 -2 -13 -22
right_child=1 2 -4 -5 6 -7 -8 9 -10 -11 -12 12 -14 18 -16 -17 -18 -19 -20 -21 22 -23 -24
leaf_value=-0.0054698254693956935 0.040741164485613511 0.19499685430899263 0.0099823084260736196 -0.11316297501325608 0.063757311940814063 -0.057291713717859238 -0.032544380919106546 0.10483729611668323 0.08312077438015314 0.097234625477964687 -0.074034634977579117 -0.018403097925086816 0.030387618951499464 0.028815326467156413 0.096720246833959411 -0.043992043959979826 0.025117322234880359 -0.06466866844409222 -0.041474069222327208 0.0059399037198586899 0.011455177718942817 -0.061076480177871421 -0.027077721253685329
leaf_weight=34 24 20 28 29 24 32 31 27 21 36 20 24 28 20 31 26 21 37 31 22 22 32 23
leaf_count=34 24 20 28 29 24 32 31 27 21 36 20 24 28 20 31 26 21 37 31 22 22 32 23
internal_value=0.00694851 0.0187756 0.0870717 -0.0440742 0.0118596 -0.0121418 0.0183586 0.0229726 0.0116072 0.0584381 0.0287216 0.00529718 -0.0183961 0.0182208 0.03413 0.00718139 -0.0222962 -0.0363199 -0.0139096 0.0361055 0.00879731 -0.0427879 -0.00823942
internal_weight=643 522 48 121 474 101 373 342 259 83 47 238 84 154 103 72 92 71 51 46 69 56 45
internal_count=643 522 48 121 474 101 373 342 259 83 47 238 84 154 103 72 92 71 51 46 69 56 45
is_linear=0
shrinkage=0.05


Tree=75
num_leaves=25
num_cat=0
split_feature=3 1 2 4 2 1 4 2 4 2 2 1 4 2 1 2 2 1 3 4 2 4 4 4
split_gain=151.226 93.9408 158.573 79.6403 29.7579 27.3405 26.8253 63.1972 42.5066 48.5718 99.5756 45.0683 47.6854 27.2551 40.9438 42.3275 41.5393 29.9628 169.111 21.367 14.3412 20.5728 13.6987 10.5851
threshold=4.5000000000000009 9.5000000000000018 42.900801221386438 100.10384186276035 66.346844384847927 4.5000000000000009 50.498929597734495 7.3599798889470609 20.090509126974343 17.700403039495519 35.104784519467067 5.5000000000000009 34.776710398481455 15.898581077082076 2.5000000000000004 41.335204950233511 71.659766121550462 7.5000000000000009 1.5000000000000002 111.14075862200318 32.26227240055411 66.392214876304635 97.405748601613269 60.770748083073265
decision_type=2 2 2 2 2 2 2 2 2 2 2 2 2 2 2 2 2 2 2 2 2 2 2 2
left_child=1 6 -3 5 -4 -2 8 -8 -1 -10 -11 12 -12 -9 15 -15 -17 19 -19 20 -16 -22 -23 -7
right_child=3 2 4 -5 -6 23 7 13 9 10 11 -13 -14 14 17 16 -18 18 -20 -21 21 22 -24 -25
leaf_value=-0.042600148047010108 -0.06355732445501619 -0.02978016127038885 0.085402963683009148 -0.13573900011057657 0.16967223875224591 -0.030503020007163286 -0.085929719180516576 0.046151975518220978 0.092573029270395638 -0.079943902113220916 0.12035576561465861 -0.0032498342279148732 0.025798863023519514 -0.09204543033695739 0.06611686961814052 0.033304391232215701 -0.052181544850269962 0.079937512055039406 -0.10389858725769768 -0.027233892185613513 0.054448603987693793 -0.01414822171895932 0.033862920462464294 0.019756267761642285
leaf_weight=24 36 27 22 24 20 20 23 29 25 22 24 38 30 23 21 27 30 22 29 20 30 39 24 22
leaf_count=24 36 27 22 24 20 20 23 29 25 22 24 38 30 23 21 27 30 22 29 20 30 39 24 22
internal_value=-0.000181764 0.0102056 0.0647572 -0.0560904 0.125531 -0.0315832 0.00236385 -0.00611205 0.0188476 0.0294573 0.0156162 0.0384675 0.0678242 0.000132193 -0.00490393 -0.0347909 -0.0116882 0.00802016 -0.0245967 0.0204341 0.0287969 0.0203698 0.00414174 -0.00417673
internal_weight=651 549 69 102 42 78 480 317 163 139 114 92 54 294 265 80 57 185 51 134 114 93 63 42
internal_count=651 549 69 102 42 78 480 317 163 139 114 92 54 294 265 80 57 185 51 134 114 93 63 42
is_linear=0
shrinkage=0.05


Tree=76
num_leaves=26
num_cat=0
split_feature=3 1 2 4 1 2 0 1 2 2 1 4 2 4 4 4 1 4 4 1 2 4 2 4 4
split_gain=139.079 95.3508 184.63 87.1986 50.8658 39.4121 68.1678 48.6163 43.2737 70.5272 58.5722 53.6009 42.1887 50.2953 35.3793 29.8607 37.3235 38.8636 64.3303 24.9913 24.3181 30.3446 47.693 22.2836 20.2544
threshold=3.5000000000000004 9.5000000000000018 54.2410200905829 107.84884565209977 1.0000000180025095e-35 34.68321172039493 1.0000000180025095e-35 7.5000000000000009 7.3599798889470609 16.770308635105398 2.5000000000000004 59.257783666774237 78.001616482965645 48.396126324933377 73.458558032528458 35.315481953670691 8.5000000000000018 64.353449915299549 88.871315571240615 4.5000000000000009 70.580493622611016 100.58943773434827 60.72037319259703 67.413379462440972 46.612720368224004
decision_type=2 2 2 2 2 2 2 2 2 2 2 2 2 2 2 2 2 2 2 2 2 2 2 2 2
left_child=1 5 -3 4 -2 7 12 8 -1 -10 -11 -12 20 -14 -15 -6 17 19 -19 -17 21 22 23 24 -7
right_child=3 2 -4 -5 15 6 -8 -9 9 10 11 -13 13 14 -16 16 -18 18 -20 -21 -22 -23 -24 -25 -26
leaf_value=-0.09091057134387287 -0.089708927273750308 -0.016511122825054025 0.17016558101124787 -0.11125678825642793 -0.054754982646554706 0.042680040433664218 0.10764787584543228 0.039277013673475296 0.059077175322454427 -0.10740023208438124 -0.063708746135234834 0.052050584424287089 0.045195340846354765 -0.086001476727426057 -0.0090052064910933777 -0.018166622732366838 0.050485861323902315 -0.092927615395907714 0.019046259468988233 0.058090084046125416 0.071818474966746121 -0.036074562690087728 -0.02310439656520712 0.015390803602834544 0.11220303103327751
leaf_weight=23 23 26 27 31 30 22 20 33 24 22 20 20 24 25 37 21 29 29 23 22 26 21 29 24 20
leaf_count=23 23 26 27 31 30 22 20 33 24 22 20 20 24 25 37 21 29 29 23 22 26 21 29 24 20
internal_value=-0.000172675 0.0156631 0.0785883 -0.0338999 -0.0203515 0.00711176 0.0191391 -0.0138938 -0.0299914 -0.013699 -0.0418705 -0.00582908 0.0113752 -0.0162621 -0.0400521 -0.00999295 0.00083658 -0.0143195 -0.0434007 0.0208484 0.0281133 0.0183173 0.0303408 0.0538243 0.0757862
internal_weight=651 443 53 208 177 390 248 142 109 86 62 40 228 86 62 154 124 95 52 43 142 116 95 66 42
internal_count=651 443 53 208 177 390 248 142 109 86 62 40 228 86 62 154 124 95 52 43 142 116 95 66 42
is_linear=0
shrinkage=0.05


Tree=77
num_leaves=25
num_cat=0
split_feature=3 1 2 4 1 2 0 1 2 2 4 2 4 4 4 4 4 4 1 2 4 4 4 4
split_gain=125.519 86.0541 166.628 78.6968 45.9064 35.5694 61.5214 43.8762 39.0545 63.6508 54.3755 38.3446 30.8416 49.0374 68.1389 26.9493 34.0525 61.2796 29.5958 21.3182 31.2852 50.9374 11.4045 6.2383
threshold=3.5000000000000004 9.5000000000000018 54.2410200905829 107.84884565209977 1.0000000180025095e-35 34.68321172039493 1.0000000180025095e-35 7.5000000000000009 7.3599798889470609 16.770308635105398 52.15581332272739 72.666811359776844 102.35035222783536 73.275562701618142 51.180770608278614 35.315481953670691 64.353449915299549 79.925771667704566 4.5000000000000009 65.017257765243315 67.413379462440972 47.908133437825292 91.333833141304382 98.144419052191225
decision_type=2 2 2 2 2 2 2 2 2 2 2 2 2 2 2 2 2 2 2 2 2 2 2 2
left_child=1 5 -3 4 -2 7 11 8 -1 -10 -11 19 13 14 -13 -6 18 -18 -17 20 21 -7 -19 -22
right_child=3 2 -4 -5 15 6 -8 -9 9 10 -12 12 -14 -15 -16 16 17 22 -20 -21 23 -23 -24 -25
leaf_value=-0.086365045526105425 -0.085223481059074402 -0.015685568234095209 0.16165730484105922 -0.10569394750655779 -0.052017234265804291 0.0051798208092805002 0.10226548209786415 0.037313164285186572 0.056123314456393326 -0.094875516226658463 1.6484720011552177e-05 0.024898459687228165 -0.061933752723659079 0.065939354557882662 -0.090158638087185952 -0.017258291230315255 -0.093992050985495249 -0.019872842058539394 0.057823638192244946 0.065693311803042886 0.003693427090291624 0.10689832881093025 0.029942065415283044 -0.033149577418735136
leaf_weight=23 23 26 27 31 30 32 20 33 24 26 36 31 24 22 22 21 21 20 35 30 27 20 27 20
leaf_count=23 23 26 27 31 30 32 20 33 24 26 36 31 24 22 22 21 21 20 35 30 27 20 27 20
internal_value=-0.000164042 0.01488 0.0746589 -0.0322049 -0.0193339 0.00675617 0.0181822 -0.0131991 -0.0284918 -0.0130141 -0.0397769 0.0108064 -0.0125998 0.00318704 -0.0228611 -0.0094933 0.000794751 -0.0229831 0.0296679 0.0287694 0.0175803 0.0443023 0.00874423 -0.0119844
internal_weight=651 443 53 208 177 390 248 142 109 86 62 228 99 75 53 154 124 68 56 129 99 52 47 47
internal_count=651 443 53 208 177 390 248 142 109 86 62 228 99 75 53 154 124 68 56 129 99 52 47 47
is_linear=0
shrinkage=0.05


Tree=78
num_leaves=26
num_cat=0
split_feature=3 2 1 2 2 2 4 2 4 2 2 1 4 2 4 4 4 4 4 4 4 2 2 1 2
split_gain=115.566 71.4972 66.7936 121.776 27.6999 43.3583 23.508 50.1836 35.7444 45.4576 74.4759 40.9806 41.6393 22.3239 21.6972 31.7222 32.9346 54.7981 31.3607 38.2237 16.0377 31.1803 67.971 29.506 6.75271
threshold=4.5000000000000009 19.131485476827034 9.5000000000000018 42.900801221386438 37.261597666921837 81.578188175571071 50.498929597734495 7.3599798889470609 20.090509126974343 17.700403039495519 35.104784519467067 5.5000000000000009 34.776710398481455 66.346844384847927 56.442463843956567 66.392214876304635 71.930075268508816 76.275483566703699 82.601101732715662 91.020320093776277 98.144419052191225 79.558101596629939 60.60889892584936 3.5000000000000004 59.844547564602131
decision_type=2 2 2 2 2 2 2 2 2 2 2 2 2 2 2 2 2 2 2 2 2 2 2 2 2
left_child=2 -2 6 -4 -3 -6 8 -8 -1 -10 -11 12 -12 -5 -9 24 -17 -18 -19 -20 -21 22 23 -22 -16
right_child=1 4 3 13 5 -7 7 14 9 10 11 -13 -14 -15 15 16 17 18 19 20 21 -23 -24 -25 -26
leaf_value=-0.038605188330014549 -0.12885672003030776 0.022237468404429302 -0.027921929638142939 0.073425007814710785 -0.075325261744169092 0.015224013477563858 -0.076748688405622614 -0.046682986050196322 0.088531246334314362 -0.068560976806012072 0.11092711822905887 -0.0059356033998100386 0.022567836698144675 0.14641324229538441 0.05755647600249008 -0.065167890191078187 0.080667851492762566 -0.065587349552661184 0.047931651771068576 -0.045914526062983053 -0.058640372332023544 -0.048776921091808215 0.090298823763926839 0.015604710578918457 0.019224496725946668
leaf_weight=24 22 21 27 22 39 20 23 23 25 22 24 38 30 20 27 20 20 20 34 27 23 27 21 32 20
leaf_count=24 22 21 27 22 39 20 23 23 25 22 24 38 30 20 27 20 20 20 34 27 23 27 21 32 20
internal_value=-0.00015584 -0.0490301 0.00892462 0.0549235 -0.0270777 -0.0446306 0.00231227 -0.00562226 0.0177432 0.0274725 0.0140824 0.0338449 0.0618386 0.108181 -5.79493e-05 0.00389916 -0.0039368 0.00206625 -0.0064774 0.000731125 -0.0116136 -0.00262213 0.013775 -0.0154432 0.041245
internal_weight=651 102 549 69 80 59 480 317 163 139 114 92 54 42 294 271 224 204 184 164 130 103 76 55 47
internal_count=651 102 549 69 80 59 480 317 163 139 114 92 54 42 294 271 224 204 184 164 130 103 76 55 47
is_linear=0
shrinkage=0.05


Tree=79
num_leaves=26
num_cat=0
split_feature=3 4 1 2 1 2 4 1 1 2 2 1 4 2 2 2 2 2 2 4 4 4 4 2 4
split_gain=105.946 71.6608 70.813 139.86 40.2899 29.4626 57.041 96.4797 37.8696 34.5912 54.7829 42.0327 43.3689 28.7104 53.7552 38.3738 25.7588 45.0382 43.7335 66.2555 17.2604 16.5964 14.9461 14.6772 10.666
threshold=3.5000000000000004 107.84884565209977 9.5000000000000018 54.2410200905829 1.0000000180025095e-35 34.68321172039493 57.926355046149283 5.5000000000000009 7.5000000000000009 7.3599798889470609 15.898581077082076 2.5000000000000004 59.257783666774237 78.001616482965645 63.582533916049464 88.074774253848375 32.98922090328805 16.770308635105398 50.626375342719221 49.807991123070728 72.835507781346379 96.92680262035519 80.269785847446443 78.823363010840197 36.895817868125022
decision_type=2 2 2 2 2 2 2 2 2 2 2 2 2 2 2 2 2 2 2 2 2 2 2 2 2
left_child=2 4 5 -4 -2 8 7 23 9 -1 -11 -12 -13 14 21 -15 17 -6 -18 -20 -21 22 -8 -7 -9
right_child=1 -3 3 -5 16 6 13 24 -10 10 11 12 -14 15 -16 -17 18 -19 19 20 -22 -23 -24 -25 -26
leaf_value=-0.080531024204000184 -0.07903016092984573 -0.099711831875385792 -0.014869476281679596 0.1476054099974809 -0.0282569438908939 0.068904262480254358 -0.022706105311711633 -0.039644905403256415 0.035069835298892224 0.058709949432384403 -0.085040320545434964 -0.05445759996771813 0.04966836778447032 -0.078920260444283491 0.069275046996772296 0.0047171910526230933 -0.0694599916391513 0.06075651167271038 -0.074280280638486157 0.066824076595631512 0.0034503919028100517 -0.047077511183240196 0.037688846774399286 0.12158720721025021 0.011993147172033787
leaf_weight=23 23 31 26 27 27 39 21 20 33 21 25 20 20 24 30 32 34 30 20 22 21 22 20 20 20
leaf_count=23 23 31 26 27 27 39 21 20 33 21 25 20 20 24 30 32 34 30 20 22 21 22 20 20 20
internal_value=-0.000148048 -0.0295849 0.0136733 0.0679007 -0.0173028 0.00630395 0.016703 0.046121 -0.0118577 -0.0260651 -0.0114986 -0.0341814 -0.00239462 -0.00284323 0.0141881 -0.0311274 -0.00808376 0.0185922 -0.0237594 0.000904481 0.0358741 -0.0120438 0.00675485 0.0867629 -0.0138259
internal_weight=651 208 443 53 177 390 248 99 142 109 86 65 40 149 93 56 154 57 97 63 43 63 41 59 40
internal_count=651 208 443 53 177 390 248 99 142 109 86 65 40 149 93 56 154 57 97 63 43 63 41 59 40
is_linear=0
shrinkage=0.05


Tree=80
num_leaves=25
num_cat=0
split_feature=4 1 2 4 4 2 4 3 2 3 2 1 4 4 1 4 2 4 4 3 3 4 2 2
split_gain=103.83 125.512 49.8255 51.7053 47.1466 42.4639 49.5103 76.5553 39.6365 34.4312 44.8596 28.13 26.6753 34.387 16.6107 14.5677 25.2976 47.3362 23.3824 33.2728 18.2684 20.3253 40.726 11.1765
threshold=30.626621042796064 7.5000000000000009 8.8258383922702865 115.16244994348261 20.569464943661039 70.580493622611016 49.458954613497916 1.5000000000000002 43.476576154726231 4.5000000000000009 13.808065108256802 4.5000000000000009 66.694503227922141 87.655267353665138 6.5000000000000009 56.930287477101864 34.280140148901872 47.28372615748107 71.930075268508816 3.5000000000000004 1.0000000180025095e-35 106.09999061207638 40.423354097979463 42.570817823469646
decision_type=2 2 2 2 2 2 2 2 2 2 2 2 2 2 2 2 2 2 2 2 2 2 2 2
left_child=1 4 11 5 -1 9 -7 -8 -6 10 -4 -2 -9 -14 -11 16 -12 -18 23 20 -20 22 -22 -17
right_child=2 -3 3 -5 8 6 7 12 -10 14 15 -13 13 -15 -16 18 17 -19 19 -21 21 -23 -24 -25
leaf_value=-0.042426385959753621 -0.10830459971912205 0.14783758168870753 0.063684554081410175 -0.080625519754054645 0.094835157096385958 -0.040365439131855967 0.088830787669389677 0.049684911187399518 0.0019664004100141703 -0.030224837987653672 -0.034496602698884625 -0.028014755807816982 -0.0640012260187756 0.016223859611679527 -0.088670638799667356 -0.029832350191744891 -0.015033373493572762 0.084955334961414344 0.0069588465232621223 0.037985494882903169 0.028409523703157902 -0.079035731298582892 -0.056155818615640923 -0.081476521939039231
leaf_weight=26 20 22 20 24 20 30 39 22 27 31 27 24 22 34 20 22 29 20 34 27 24 21 35 20
leaf_count=26 20 22 20 24 20 30 39 22 27 31 27 24 22 34 20 22 29 20 34 27 24 21 35 20
internal_value=-0.00508781 0.0431488 -0.013496 -0.00901575 0.0115988 -0.00541275 0.0169394 0.0316329 0.041485 -0.0153696 -0.00846447 -0.0645101 0.003034 -0.0152931 -0.0531448 -0.0140358 0.00436488 0.0257783 -0.0216776 -0.0119232 -0.0237436 -0.0367922 -0.0217564 -0.0544248
internal_weight=640 95 545 501 73 477 147 117 47 330 279 44 78 56 51 259 76 49 183 141 114 80 59 42
internal_count=640 95 545 501 73 477 147 117 47 330 279 44 78 56 51 259 76 49 183 141 114 80 59 42
is_linear=0
shrinkage=0.05


Tree=81
num_leaves=25
num_cat=0
split_feature=4 1 2 2 4 2 4 3 3 2 1 4 4 4 1 4 2 4 4 3 3 4 2 2
split_gain=93.7061 113.274 47.4273 44.9675 46.664 38.3237 44.683 69.0912 31.0742 40.4858 25.3873 24.0745 31.0342 16.0244 14.9912 13.1473 22.8311 42.721 21.1026 30.0287 16.4872 18.3436 36.7552 10.0868
threshold=30.626621042796064 7.5000000000000009 26.985689383203972 8.8258383922702865 115.16244994348261 70.580493622611016 49.458954613497916 1.5000000000000002 4.5000000000000009 13.808065108256802 4.5000000000000009 66.694503227922141 87.655267353665138 24.492850020957547 6.5000000000000009 56.930287477101864 34.280140148901872 47.28372615748107 71.930075268508816 3.5000000000000004 1.0000000180025095e-35 106.09999061207638 40.423354097979463 42.570817823469646
decision_type=2 2 2 2 2 2 2 2 2 2 2 2 2 2 2 2 2 2 2 2 2 2 2 2
left_child=1 2 -1 10 5 8 -7 -8 9 -5 -2 -9 -13 -4 -10 16 -11 -18 23 20 -20 22 -22 -17
right_child=3 -3 13 4 -6 6 7 11 14 15 -12 12 -14 -15 -16 18 17 -19 19 -21 21 -23 -24 -25
leaf_value=-0.04840271900529447 -0.10288937235251071 0.14044570191340014 0.062439926270523971 0.060500326287001374 -0.076594243858320032 -0.038347162393232187 0.084389246522616118 0.047200666401873939 -0.028713594821672284 -0.032771771665041645 -0.026614017148191733 -0.060801164670424027 0.015412665333817988 0.0050894771658238913 -0.084237107113003737 -0.028340732509439644 -0.014281703840041982 0.080707564502954493 0.0066109040094649088 0.036086216582744211 0.026989047850171727 -0.075083943882158832 -0.053348026211772648 -0.07740269482135774
leaf_weight=23 20 22 29 20 24 30 39 22 31 27 24 22 34 21 20 22 29 20 34 27 24 21 35 20
leaf_count=23 20 22 29 20 24 30 39 22 31 27 24 22 34 21 20 22 29 20 34 27 24 21 35 20
internal_value=-0.00483342 0.0409914 0.0110188 -0.0128212 -0.00856497 -0.00514211 0.0160924 0.0300513 -0.0146011 -0.00804125 -0.0612846 0.0028823 -0.0145285 0.0383527 -0.0504875 -0.013334 0.00414663 0.0244894 -0.0205938 -0.011327 -0.0225565 -0.0349526 -0.0206685 -0.0517036
internal_weight=640 95 73 545 501 477 147 117 330 279 44 78 56 50 51 259 76 49 183 141 114 80 59 42
internal_count=640 95 73 545 501 477 147 117 330 279 44 78 56 50 51 259 76 49 183 141 114 80 59 42
is_linear=0
shrinkage=0.05


Tree=82
num_leaves=25
num_cat=0
split_feature=4 1 4 2 4 2 2 4 3 3 2 1 4 4 1 2 2 2 4 2 1 4 4 4
split_gain=84.5698 102.23 43.2816 40.5832 42.1143 37.72 34.5871 40.3264 62.3548 28.0444 36.5384 22.9121 21.7272 28.0084 13.5295 12.6304 27.8932 35.1894 20.1967 25.9165 20.98 17.0444 47.6089 17.9954
threshold=30.626621042796064 7.5000000000000009 20.569464943661039 8.8258383922702865 115.16244994348261 43.476576154726231 70.580493622611016 49.458954613497916 1.5000000000000002 4.5000000000000009 13.808065108256802 4.5000000000000009 66.694503227922141 87.655267353665138 6.5000000000000009 61.177774893426431 47.885269953662608 52.700574438877716 97.18690388440173 35.774590945155317 4.5000000000000009 46.612720368224004 65.791666490450737 79.925771667704566
decision_type=2 2 2 2 2 2 2 2 2 2 2 2 2 2 2 2 2 2 2 2 2 2 2 2
left_child=1 2 -1 11 6 -4 9 -8 -9 10 -5 -2 -10 -14 -11 16 18 -18 19 21 -21 -12 -23 -24
right_child=3 -3 5 4 -6 -7 7 8 12 14 15 -13 13 -15 -16 -17 17 -19 -20 20 -22 22 23 -25
leaf_value=-0.041295472761759391 -0.09774490185081959 0.13342341645197436 0.091147291138768197 0.057475310619920499 -0.072764532407745719 0.00055155981745984815 -0.036429803644617398 0.080169784373197814 0.044840632611885672 -0.02727791567242915 0.047429697061888876 -0.025283316119263571 -0.05776110508225181 0.01464203093200922 -0.080025251582264909 -0.038891812662283587 0.075918053649365907 -0.008132731395237373 -0.050641009498488258 -0.074648928100412543 -0.004779616991678874 -0.067548270594506035 0.058966601416468624 -0.0041186613962054253
leaf_weight=26 20 22 20 20 24 27 30 39 22 31 20 24 22 34 20 39 20 33 37 22 21 21 20 26
leaf_count=26 20 22 20 20 24 27 30 39 22 31 20 24 22 34 20 39 20 33 37 22 21 21 20 26
internal_value=-0.00459175 0.0389418 0.0104679 -0.0121802 -0.00813672 0.0391029 -0.004885 0.0152878 0.0285487 -0.0138711 -0.00763918 -0.0582204 0.00273819 -0.0138021 -0.0479631 -0.0126673 -0.00801844 0.0235845 -0.0180481 -0.0087717 -0.0405267 0.0069233 -0.00516816 0.0233097
internal_weight=640 95 73 545 501 47 477 147 117 330 279 44 78 56 51 259 220 53 167 130 43 87 67 46
internal_count=640 95 73 545 501 47 477 147 117 330 279 44 78 56 51 259 220 53 167 130 43 87 67 46
is_linear=0
shrinkage=0.05


Tree=83
num_leaves=26
num_cat=0
split_feature=4 1 2 2 3 2 2 2 2 1 4 2 4 3 2 1 4 4 4 1 2 2 4 1 2
split_gain=76.3242 92.2625 44.5723 37.2807 32.3744 42.9524 60.2859 29.3865 27.8721 68.7062 30.02 26.3646 24.9987 22.8376 20.8553 18.6775 38.5361 17.3917 15.2958 11.6744 10.7755 19.5974 39.6125 18.9345 0.594329
threshold=30.626621042796064 7.5000000000000009 26.985689383203972 63.582533916049464 4.5000000000000009 5.8654948456381986 11.886109979114524 59.844547564602131 47.885269953662608 5.5000000000000009 97.18690388440173 28.581317514284816 112.20688454536996 1.0000000180025095e-35 17.700403039495519 5.5000000000000009 87.655267353665138 64.682918988897953 24.492850020957547 1.5000000000000002 35.774590945155317 31.272198351629694 71.930075268508816 4.5000000000000009 31.834308673614835
decision_type=2 2 2 2 2 2 2 2 2 2 2 2 2 2 2 2 2 2 2 2 2 2 2 2 2
left_child=1 2 -1 4 5 -2 -7 8 10 -10 14 -6 13 -5 -8 16 19 -17 -4 -15 21 22 -16 -22 -12
right_child=3 -3 18 12 11 6 7 -9 9 -11 24 -13 -14 15 20 17 -18 -19 -20 -21 23 -23 -24 -25 -26
leaf_value=-0.047660755204117819 -0.081965064642612231 0.12675225043838675 0.059976153383994923 0.049967657447312824 -0.095864400391777363 0.064666539683938026 0.032520475766311091 -0.074904960785061134 0.087512661448933868 -0.029664454146705828 -0.064452526354718778 -0.026061203270669908 -0.042920901140441066 -0.019568871319293978 -0.066189364322389546 0.05289045316832406 0.032362848892807959 0.00066070328089031015 0.0039446080724398298 -0.070820560352876788 -0.070916481451554741 0.035131199657917021 0.022890361491590738 -0.0045406342971892584 -0.052409081798978158
leaf_weight=23 22 22 29 33 24 25 24 20 22 29 21 31 23 25 26 28 28 37 21 20 22 20 24 21 20
leaf_count=23 22 22 29 33 24 25 24 20 22 29 21 31 23 25 26 28 28 37 21 20 22 20 24 21 20
internal_value=-0.00436217 0.0369947 0.00994449 -0.0115712 -0.0212933 -0.0147476 -0.00935061 -0.016782 -0.0117058 0.0208825 -0.0210429 -0.0565208 0.00601885 0.0126014 -0.00980989 0.00366598 -0.0136914 0.0231597 0.0364429 -0.0423474 -0.0188004 -0.00669901 -0.0234311 -0.0385004 -0.0585777
internal_weight=640 95 73 545 351 296 274 249 229 51 178 55 194 171 137 138 73 65 50 45 113 70 50 43 41
internal_count=640 95 73 545 351 296 274 249 229 51 178 55 194 171 137 138 73 65 50 45 113 70 50 43 41
is_linear=0
shrinkage=0.05


Tree=84
num_leaves=26
num_cat=0
split_feature=4 1 2 2 4 4 4 1 3 2 2 4 2 4 3 1 4 4 3 2 2 2 4 4 4
split_gain=68.8826 83.2669 40.2265 34.7908 62.9552 68.5119 38.6761 30.0176 26.6322 49.3521 23.742 30.266 39.4773 39.1241 41.9632 33.4252 25.6235 25.2463 22.2393 34.7242 27.352 18.9158 13.8045 13.1559 5.6416
threshold=30.626621042796064 7.5000000000000009 26.985689383203972 16.897834731185728 92.317058420721182 76.207937804395542 115.16244994348261 4.5000000000000009 1.0000000180025095e-35 43.054364808807684 91.050528397830831 56.930287477101864 32.26227240055411 91.020320093776277 3.5000000000000004 5.5000000000000009 107.26472121154058 100.58943773434827 1.5000000000000002 38.229199388759362 62.363046499936061 82.192777460708427 24.492850020957547 76.275483566703699 70.605927694568422
decision_type=2 2 2 2 2 2 2 2 2 2 2 2 2 2 2 2 2 2 2 2 2 2 2 2 2
left_child=1 2 -1 4 5 7 8 -2 9 -5 11 18 15 14 23 -13 17 -15 -10 -20 -21 -11 -4 -14 -12
right_child=3 -3 22 6 -6 -7 -8 -9 10 21 24 12 13 16 -16 -17 -18 -19 19 20 -22 -23 -24 -25 -26
leaf_value=-0.045277717385603038 -0.094001517668366438 0.12041463364254346 0.056977346642264004 -0.031293124412851675 -0.10884154013377459 0.06284802306443453 -0.067232434917241332 -0.011061629125227531 -0.032106175111687701 0.070945395851457441 0.0087731509691192991 0.054267337631720758 -0.0078311861707614019 -0.019005749050076261 -0.10725774177660546 -0.024462274701467585 -0.054752627177082971 0.051123543083667761 -0.026048354488676009 0.091467836818524773 0.015383779423104394 0.010591623112559319 0.0037473779349100028 -0.058630665957927708 0.045423362776637083
leaf_weight=23 20 22 29 28 24 20 24 24 23 37 21 26 26 33 30 28 23 21 23 21 27 20 21 25 21
leaf_count=23 20 22 29 28 24 20 24 24 23 37 21 26 26 33 30 28 23 21 23 21 27 20 21 25 21
internal_value=-0.00414406 0.035145 0.00944727 -0.0109926 -0.0397812 -0.0138836 -0.00544907 -0.0487616 -0.00202458 0.0230659 -0.00815301 -0.0129914 -0.0234623 -0.036076 -0.0603347 0.0134446 -0.0105572 0.00826675 0.0106237 0.0244658 0.0486706 0.0497686 0.0346208 -0.0327329 0.0270983
internal_weight=640 95 73 545 88 64 457 44 433 85 348 306 212 158 81 54 77 54 94 71 48 57 50 51 42
internal_count=640 95 73 545 88 64 457 44 433 85 348 306 212 158 81 54 77 54 94 71 48 57 50 51 42
is_linear=0
shrinkage=0.05


Tree=85
num_leaves=25
num_cat=0
split_feature=4 2 2 4 2 4 2 4 2 2 1 4 4 2 4 4 2 2 1 2 2 3 4 1
split_gain=64.0195 83.1122 59.7691 49.7994 58.141 53.8253 58.3491 44.1165 91.2052 37.2279 36.2099 31.3644 72.8193 55.8997 47.8828 38.7921 39.4969 92.5675 34.8902 22.6157 21.2914 17.9883 11.5549 8.89779
threshold=100.58943773434827 95.311636850023575 17.97206200560856 34.776710398481455 74.952212857361573 97.405748601613269 84.127229550054906 20.569464943661039 39.676926520330476 74.952212857361573 5.5000000000000009 86.26432337282067 71.930075268508816 26.985689383203972 91.849222792335425 57.926355046149283 39.102697286328386 61.800379505435046 6.5000000000000009 48.701840648338283 72.614489218616811 2.5000000000000004 111.57236621888126 5.5000000000000009
decision_type=2 2 2 2 2 2 2 2 2 2 2 2 2 2 2 2 2 2 2 2 2 2 2 2
left_child=1 3 -2 4 7 6 9 -1 -9 11 20 12 15 -14 -13 16 21 -18 -17 -15 -4 -5 -12 -8
right_child=2 -3 10 5 -6 -7 23 8 -10 -11 22 14 13 19 -16 18 17 -19 -20 -21 -22 -23 -24 -25
leaf_value=-0.039163847171491191 -0.10936192656340807 0.10273469597101213 0.027164153315317935 -0.0046082387185272054 0.095285120606422427 0.066364936039529074 -0.093763081431388853 0.08555076722587858 -0.042622050804936369 0.048101673943788878 -0.028951276543593852 -0.099304272684579101 0.09375540382627931 -0.035953754112124446 -0.0064857763890882568 -0.025617432624504374 0.084621264636516577 -0.052250602486587708 -0.10630848421936943 0.039238790571689608 -0.034352637454867364 -0.056429230433070299 -0.077522023487836128 -0.047683417847888043
leaf_weight=31 23 20 39 34 25 22 20 35 23 28 25 24 28 20 33 37 30 21 21 20 22 33 24 22
leaf_count=31 23 20 39 34 25 22 20 35 23 28 25 24 28 20 33 37 30 21 21 20 22 33 24 22
internal_value=-0.00506208 0.00276094 -0.0360601 -0.00118279 0.0279124 -0.00962263 -0.0141286 0.00898753 0.0347236 -0.00704385 -0.0207333 -0.0121737 -0.00437271 0.0395714 -0.0455672 -0.0213511 -0.00489381 0.0282623 -0.0548332 0.00164252 0.00497777 -0.030132 -0.052741 -0.0696261
internal_weight=660 527 133 507 114 393 371 89 58 329 110 301 244 68 57 176 118 51 58 40 61 67 49 42
internal_count=660 527 133 507 114 393 371 89 58 329 110 301 244 68 57 176 118 51 58 40 61 67 49 42
is_linear=0
shrinkage=0.05


Tree=86
num_leaves=25
num_cat=0
split_feature=4 2 2 4 2 4 2 4 2 2 1 4 4 2 4 4 2 2 1 3 2 3 4 1
split_gain=57.7776 75.0087 53.9416 44.944 52.4722 48.5773 52.66 39.8152 82.3127 33.5981 32.6795 28.3064 65.7194 50.4495 43.2142 35.0099 35.646 83.5422 31.4884 20.9742 20.4106 16.2344 10.4283 8.03025
threshold=100.58943773434827 95.311636850023575 17.97206200560856 34.776710398481455 74.952212857361573 97.405748601613269 84.127229550054906 20.569464943661039 39.676926520330476 74.952212857361573 5.5000000000000009 86.26432337282067 71.930075268508816 26.985689383203972 91.849222792335425 57.926355046149283 39.102697286328386 61.800379505435046 6.5000000000000009 2.5000000000000004 48.701840648338283 2.5000000000000004 111.57236621888126 5.5000000000000009
decision_type=2 2 2 2 2 2 2 2 2 2 2 2 2 2 2 2 2 2 2 2 2 2 2 2
left_child=1 3 -2 4 7 6 9 -1 -9 11 19 12 15 -14 -13 16 21 -18 -17 -4 -15 -5 -12 -8
right_child=2 -3 10 5 -6 -7 23 8 -10 -11 22 14 13 20 -16 18 17 -19 -20 -21 -22 -23 -24 -25
leaf_value=-0.037205654959524832 -0.10389383043284002 0.097597958147525796 -0.0231818679952994 -0.0043778257499284606 0.090520863771438601 0.063046689670194278 -0.089074928313493729 0.081273228675127041 -0.04049094818208529 0.045696590321936778 -0.027503711249679326 -0.094339059075961518 0.089067632951108477 -0.034156068153679373 -0.0061614873364636558 -0.024336560432975357 0.08039020041624706 -0.049638070946648009 -0.10099305907885235 0.035526948120316558 0.037276851162314419 -0.053607767888090831 -0.073645922324309748 -0.045299246145243
leaf_weight=31 23 20 32 34 25 22 20 35 23 28 25 24 28 20 33 37 30 21 21 29 20 33 24 22
leaf_count=31 23 20 32 34 25 22 20 35 23 28 25 24 28 20 33 37 30 21 21 29 20 33 24 22
internal_value=-0.00480898 0.0026229 -0.0342571 -0.00112365 0.0265168 -0.0091415 -0.0134222 0.00853816 0.0329874 -0.00669166 -0.0196967 -0.011565 -0.00415407 0.0375928 -0.0432889 -0.0202835 -0.00464912 0.0268491 -0.0520915 0.00472888 0.00156039 -0.0286254 -0.050104 -0.0661448
internal_weight=660 527 133 507 114 393 371 89 58 329 110 301 244 68 57 176 118 51 58 61 40 67 49 42
internal_count=660 527 133 507 114 393 371 89 58 329 110 301 244 68 57 176 118 51 58 61 40 67 49 42
is_linear=0
shrinkage=0.05


Tree=87
num_leaves=26
num_cat=0
split_feature=4 2 2 3 0 2 2 4 4 4 1 2 4 4 2 2 2 1 2 2 1 2 2 4 1
split_gain=52.1443 67.6954 48.6823 43.735 87.8598 49.2933 50.3714 53.4897 51.2577 37.3233 29.4932 28.7456 23.3101 31.012 19.7848 19.1526 17.6276 70.4307 49.426 40.3431 16.6029 14.6241 14.3636 9.41151 8.82996
threshold=100.58943773434827 95.311636850023575 17.97206200560856 3.5000000000000004 1.0000000180025095e-35 8.3376014351759462 19.595475947031947 48.749967001345006 26.330032386151519 36.895817868125022 5.5000000000000009 84.127229550054906 55.626991966446191 70.605927694568422 52.394734781454112 72.614489218616811 42.672408488226516 5.5000000000000009 62.522243238298167 35.774590945155317 5.5000000000000009 64.162078339054545 34.280140148901872 111.57236621888126 7.5000000000000009
decision_type=2 2 2 2 2 2 2 2 2 2 2 2 2 2 2 2 2 2 2 2 2 2 2 2 2
left_child=1 3 -2 4 5 -1 7 -7 -8 -10 15 16 14 -14 24 -4 19 18 -18 20 -11 -19 -15 -12 -5
right_child=2 -3 10 12 -6 6 8 -9 9 11 23 -13 13 22 -16 -17 17 21 -20 -21 -22 -23 -24 -25 -26
leaf_value=0.075338531533877054 -0.098699139544497369 0.092718061655759812 0.025534952756686088 0.04095991681451383 0.09221781774841506 -0.10843299424106426 0.068456402420997625 0.001824673934077675 -0.052400484274734149 -0.0081926583312451843 -0.026128527939319614 -0.037303961845905044 -0.081419210123519103 0.0078228987649910982 -0.03256912659252844 -0.032810205255042427 0.13112477674614639 -0.042146793814996884 0.026574598023524656 -0.065130755007266991 0.052684296099912556 0.013050088457142315 -0.04285460725940507 -0.069963628457238289 -0.0044661151990294454
leaf_weight=21 23 20 39 23 29 22 28 22 33 24 25 33 30 27 31 22 20 24 26 20 21 24 29 24 20
leaf_count=21 23 20 39 23 29 22 28 22 33 24 25 33 30 27 31 22 20 24 26 20 21 24 29 24 20
internal_value=-0.00456853 0.00249175 -0.0325442 -0.00106747 0.00890438 0.00130662 -0.00392796 -0.0533042 0.0046592 -0.00328001 -0.0187118 0.00516258 -0.0226939 -0.040397 -0.0021201 0.00449244 0.0139764 0.0278204 0.0720312 -0.00604413 0.0202166 -0.0145484 -0.0184208 -0.0475988 0.0198315
internal_weight=660 527 133 507 347 318 297 44 253 225 110 192 160 86 74 61 159 94 46 65 45 48 56 49 43
internal_count=660 527 133 507 347 318 297 44 253 225 110 192 160 86 74 61 159 94 46 65 45 48 56 49 43
is_linear=0
shrinkage=0.05


Tree=88
num_leaves=26
num_cat=0
split_feature=1 2 4 2 4 2 4 4 1 4 4 4 4 4 4 4 4 2 4 4 2 3 4 3 1
split_gain=51.8907 72.3423 41.8123 52.6095 29.0944 88.1097 27.8647 25.6254 23.7839 18.6721 53.4255 18.7051 17.1928 46.1041 34.6269 24.6218 40.6605 33.6967 21.538 20.9311 20.3558 66.7269 10.3616 21.5285 6.22507
threshold=1.0000000180025095e-35 35.104784519467067 34.776710398481455 74.952212857361573 21.294763267712899 39.676926520330476 111.57236621888126 107.51179479911654 4.5000000000000009 100.58943773434827 97.18690388440173 104.85960509900009 86.26432337282067 80.595597755206413 90.417407009556328 76.275483566703699 71.930075268508816 42.672408488226516 42.713113300666897 64.682918988897953 61.800379505435046 1.5000000000000002 48.5398534776646 2.5000000000000004 5.5000000000000009
decision_type=2 2 2 2 2 2 2 2 2 2 2 2 2 2 2 2 2 2 2 2 2 2 2 2 2
left_child=1 -1 3 4 -2 -6 7 9 -8 10 12 -11 13 15 -14 16 17 18 -4 20 -19 -22 -20 -24 -23
right_child=2 -3 6 -5 5 -7 8 -9 -10 11 -12 -13 14 -15 -16 -17 -18 19 22 -21 21 24 23 -25 -26
leaf_value=-0.12647903122939172 -0.032074540853500366 -0.0089965052167443865 0.014858427606523037 0.093480426880220568 0.080797839383868614 -0.04761989765207876 -0.0044000366219767821 0.053464736659079796 -0.068589357058367426 -0.069454544853596464 0.078578565232455738 -0.0027192500907750358 -0.077989633834880334 0.060626230708190378 -0.00026013933973828037 -0.058788459144887478 0.056735583910575288 0.051950388762258715 -0.073330243783337731 -0.03362219383319219 -0.070762784353324351 0.016383977725636215 -0.0032856705412268638 -0.065447434113146019 0.053809114426374441
leaf_weight=20 28 38 20 24 34 22 27 20 31 21 20 21 23 28 38 21 26 31 21 24 21 20 30 26 25
leaf_count=20 28 38 20 24 34 22 27 20 31 21 20 21 23 28 38 21 26 31 21 24 21 20 30 26 25
internal_value=-0.0043401 -0.0495077 1.15958e-05 0.0281938 0.0095405 0.030348 -0.0061497 -0.00181853 -0.0387081 -0.00447638 -0.000926538 -0.0360869 -0.00541835 -0.000390613 -0.029568 -0.00683768 -0.0023665 -0.00941537 -0.0313708 0.00818528 0.0185294 0.00283165 -0.0433784 -0.0321465 0.0371757
internal_weight=660 58 602 108 84 56 494 436 58 416 374 42 354 293 61 265 244 218 97 121 97 66 77 56 45
internal_count=660 58 602 108 84 56 494 436 58 416 374 42 354 293 61 265 244 218 97 121 97 66 77 56 45
is_linear=0
shrinkage=0.05


Tree=89
num_leaves=25
num_cat=0
split_feature=1 2 4 2 1 1 4 2 2 2 2 2 2 4 4 1 1 4 4 3 2 2 3 2
split_gain=46.8314 65.2889 37.7356 47.4801 28.738 41.7052 25.2847 23.5175 54.4208 39.9508 35.2608 34.7909 86.0689 33.3435 79.5072 36.5133 32.326 20.1433 55.1078 44.8966 31.6659 22.5191 20.0937 13.6318
threshold=1.0000000180025095e-35 35.104784519467067 34.776710398481455 74.952212857361573 8.5000000000000018 5.5000000000000009 115.92804458803582 48.080008712675145 32.619737960274342 27.330703878507588 38.854903527318207 59.844547564602131 64.778549173587678 86.913750580069703 72.305263687084462 6.5000000000000009 6.5000000000000009 81.7768317495063 68.146337857824321 1.5000000000000002 85.825692248241182 84.400483936891149 2.5000000000000004 11.789816386179437
decision_type=2 2 2 2 2 2 2 2 2 2 2 2 2 2 2 2 2 2 2 2 2 2 2 2
left_child=1 -1 3 4 5 -2 7 8 9 13 -10 22 -13 14 23 -15 -12 18 19 -14 -19 -21 -9 -4
right_child=2 -3 6 -5 -6 -7 -8 11 10 -11 16 12 17 15 -16 -17 -18 20 -20 21 -22 -23 -24 -25
leaf_value=-0.1201550779491663 0.031834767916888905 -0.0085466802022174781 -0.058226395836099988 0.088806410754720372 0.061379370689392088 -0.04892913514087277 -0.052887094517548888 0.075379508733749392 -0.092540959243116713 0.051222151495290524 0.014620071277022362 -0.092432612164512928 -0.041784982241335367 -0.080359892216594231 0.079327334242838402 0.0080950357858091595 -0.06993184685707092 0.0021669992508414468 -0.075203566607974837 0.08620886135846377 0.071157436843576102 0.013665035512784255 0.013217038145432106 -0.0067421186146222889
leaf_weight=20 33 38 20 24 20 31 27 26 29 33 26 23 21 28 27 20 20 39 21 20 29 23 26 36
leaf_count=20 33 38 20 24 20 31 27 26 29 33 26 23 21 28 27 20 20 39 21 20 29 23 26 36
internal_value=-0.0041231 -0.0470323 1.10163e-05 0.0267841 0.00906347 -0.00728525 -0.00584221 -0.00312227 -0.0140814 0.00205334 -0.0493627 0.00836558 -0.0022509 -0.0103327 0.00885053 -0.0435037 -0.0221416 0.0113058 -0.00492102 0.0181404 0.0315894 0.0474063 0.0442983 -0.0251294
internal_weight=660 58 602 108 84 64 494 467 239 164 75 228 176 131 83 48 46 153 85 64 68 43 52 56
internal_count=660 58 602 108 84 64 494 467 239 164 75 228 176 131 83 48 46 153 85 64 68 43 52 56
is_linear=0
shrinkage=0.05


Tree=90
num_leaves=25
num_cat=0
split_feature=3 4 4 1 2 2 2 2 4 4 4 3 2 4 4 4 2 2 2 4 2 4 2 2
split_gain=91.7698 67.6906 41.4406 22.0901 21.469 38.9466 20.6074 74.7527 28.6847 29.9576 21.3881 64.2566 59.378 54.4558 30.3097 44.5531 25.477 20.842 19.3839 54.1237 27.1881 15.6786 14.6756 8.87514
threshold=4.5000000000000009 86.26432337282067 22.072600602720666 5.5000000000000009 7.3599798889470609 11.886109979114524 94.508251766134592 90.138183020020136 104.85960509900009 115.16244994348261 76.503004436418067 1.5000000000000002 61.800379505435046 72.305263687084462 66.694503227922141 60.218586278905846 36.685568307662258 75.18798329894544 54.759375183430166 39.166651993359821 35.104784519467067 44.289523338559484 55.90663262587239 44.496162866028278
decision_type=2 2 2 2 2 2 2 2 2 2 2 2 2 2 2 2 2 2 2 2 2 2 2 2
left_child=2 3 -1 -2 -4 -6 7 8 10 22 13 23 16 14 15 17 -13 18 20 -20 21 -7 -10 -12
right_child=1 -3 4 -5 5 6 -8 -9 9 -11 11 12 -14 -15 -16 -17 -18 -19 19 -21 -22 -23 -24 -25
leaf_value=0.056607666011485792 -0.043102168582845483 -0.098799210672195145 -0.038550527696497743 0.017148248491616086 0.072049638759344822 -0.0048592740802892616 -0.036101677971226834 0.093550955250181936 0.023794198322754642 -0.01964099624234697 -0.099444560552947231 0.0013274575805380232 -0.058318566049759595 0.080117911472916609 -0.061779588460922241 0.059586554332808767 0.079211669468453955 0.033673861671401108 -0.10553483489900828 0.0069305721346450888 0.028025253509750239 -0.062822274789214136 0.07862388326422029 -0.052340572811663155
leaf_weight=36 32 39 32 29 20 28 35 22 26 23 20 21 24 20 22 27 21 23 20 23 37 20 23 20
leaf_count=36 32 39 32 29 20 28 35 22 26 23 20 21 24 20 22 27 21 23 20 23 37 20 23 20
internal_value=-0.00333502 -0.0473514 0.00477113 -0.0144585 0.00109043 0.00376097 0.000759275 0.00383102 -0.00112837 0.0274341 -0.00743665 -0.025887 0.00441933 0.00145309 -0.0064134 0.000429615 0.0402696 -0.0101481 -0.0180224 -0.0453789 -0.00418319 -0.0290105 0.0495306 -0.0758926
internal_weight=643 100 543 61 507 475 455 420 398 72 326 106 66 220 200 178 42 151 128 43 85 48 49 40
internal_count=643 100 543 61 507 475 455 420 398 72 326 106 66 220 200 178 42 151 128 43 85 48 49 40
is_linear=0
shrinkage=0.05


Tree=91
num_leaves=25
num_cat=0
split_feature=3 4 4 1 2 2 2 2 4 4 4 3 2 4 4 4 2 2 2 4 4 2 2 2
split_gain=82.8222 61.0908 37.4002 19.9363 19.3758 35.1493 18.7466 72.2167 25.8879 27.0367 19.3028 57.9916 53.6848 49.1463 27.3545 40.2092 25.0626 18.8099 18.4564 34.0293 26.953 13.2448 8.00982 4.34291
threshold=4.5000000000000009 86.26432337282067 22.072600602720666 5.5000000000000009 7.3599798889470609 11.886109979114524 94.042644413200421 90.138183020020136 104.85960509900009 115.16244994348261 76.503004436418067 1.5000000000000002 60.72037319259703 72.305263687084462 66.694503227922141 60.218586278905846 36.685568307662258 75.18798329894544 42.079462039131833 39.166651993359821 42.713113300666897 55.90663262587239 44.496162866028278 58.223299701493879
decision_type=2 2 2 2 2 2 2 2 2 2 2 2 2 2 2 2 2 2 2 2 2 2 2 2
left_child=2 3 -1 -2 -4 -6 7 8 10 21 13 22 16 14 15 17 -13 18 20 -20 -7 -10 -12 -21
right_child=1 -3 4 -5 5 6 -8 -9 9 -11 11 12 -14 -15 -16 -17 -18 -19 19 23 -22 -23 -24 -25
leaf_value=0.053777284320029956 -0.040947060589678591 -0.093859248598798739 -0.03662300107534975 0.016290835984821977 0.068447158336639405 0.032396351129693149 -0.033903033120764627 0.094063967750186023 0.022604488925291943 -0.018658947361552197 -0.094472333844751122 0.0012610841187692826 -0.053550764113664634 0.076112017631530762 -0.058690610053864389 0.056607225764956741 0.079468928873538972 0.031990164129630377 -0.07723163639062218 -0.021837745308876041 -0.035231103117649369 0.074692687780960748 -0.049723544456064701 0.011112617384642363
leaf_weight=36 32 39 32 29 20 34 36 21 26 23 20 21 25 20 22 27 20 23 28 20 26 23 20 20
leaf_count=36 32 39 32 29 20 34 36 21 26 23 20 21 25 20 22 27 20 23 28 20 26 23 20 20
internal_value=-0.00316827 -0.0449838 0.00453257 -0.0137356 0.0010359 0.00357293 0.00072131 0.00369619 -0.00107195 0.0260624 -0.00706482 -0.0245927 0.00419837 0.00138043 -0.00609273 0.000408133 0.0394113 -0.00964071 -0.0171213 -0.0349557 0.00309112 0.0470541 -0.0720979 -0.00536256
internal_weight=643 100 543 61 507 475 455 419 398 72 326 106 66 220 200 178 41 151 128 68 60 49 40 40
internal_count=643 100 543 61 507 475 455 419 398 72 326 106 66 220 200 178 41 151 128 68 60 49 40 40
is_linear=0
shrinkage=0.05


Tree=92
num_leaves=23
num_cat=0
split_feature=3 4 4 1 2 2 2 2 4 4 1 4 3 2 2 4 1 2 2 2 2 4
split_gain=74.7471 55.1345 33.7537 17.9925 17.4867 31.7222 16.9188 65.1755 23.3638 24.4006 18.6544 18.3755 49.3129 26.5127 23.428 25.9962 31.8564 23.8405 18.0461 15.9067 11.9534 9.92734
threshold=4.5000000000000009 86.26432337282067 22.072600602720666 5.5000000000000009 7.3599798889470609 11.886109979114524 94.042644413200421 90.138183020020136 104.85960509900009 115.16244994348261 1.0000000180025095e-35 76.503004436418067 1.5000000000000002 55.180475262931587 75.18798329894544 47.908133437825292 8.5000000000000018 38.854903527318207 60.60889892584936 35.508412870294862 55.90663262587239 35.315481953670691
decision_type=2 2 2 2 2 2 2 2 2 2 2 2 2 2 2 2 2 2 2 2 2 2
left_child=2 3 -1 -2 -4 -6 7 8 10 20 -7 14 -13 -14 15 17 19 21 -19 -17 -10 -12
right_child=1 -3 4 -5 5 6 -8 -9 9 -11 11 12 13 -15 -16 16 -18 18 -20 -21 -22 -23
leaf_value=0.051088418956432083 -0.038899707149175816 -0.089166288553044593 -0.03479185102041811 0.015476291652383477 0.065024800039827829 -0.044987961161753229 -0.032207879879408416 0.089360770656328123 0.021474266224182571 -0.017725998130829437 0.029041079751082829 -0.066200017757915161 0.035973727122387465 -0.033533698093631992 0.04335877703064505 0.0067061921954154977 -0.02909310805396392 -0.081342195515476529 -0.015792985136310261 0.058925588184169368 0.07095805206943466 -0.020180299039930107
leaf_weight=36 32 39 32 29 20 29 36 21 26 23 21 37 34 23 34 25 26 21 21 35 23 20
leaf_count=36 32 39 32 29 20 29 36 21 26 23 21 37 34 23 34 25 26 21 21 35 23 20
internal_value=-0.00300986 -0.0427346 0.00430594 -0.0130488 0.000984109 0.00339428 0.000685246 0.00351139 -0.00101836 0.0247593 -0.00671158 -0.00297415 -0.0212507 0.00792687 0.0054889 -0.0021299 0.0171352 -0.0220914 -0.0485676 0.0371675 0.0447013 0.00503065
internal_weight=643 100 543 61 507 475 455 419 398 72 326 297 94 57 203 169 86 83 42 60 49 41
internal_count=643 100 543 61 507 475 455 419 398 72 326 297 94 57 203 169 86 83 42 60 49 41
is_linear=0
shrinkage=0.05


Tree=93
num_leaves=25
num_cat=0
split_feature=3 4 4 2 2 1 2 1 2 2 4 1 0 4 4 4 1 4 4 4 4 4 4 4
split_gain=67.4592 49.7588 30.8617 16.5097 33.2413 51.1203 32.0062 57.7734 24.686 40.469 55.9771 16.2383 15.6815 28.2039 55.6205 20.2746 17.4938 39.1661 29.9925 14.8507 14.055 12.3861 8.20333 7.49778
threshold=4.5000000000000009 86.26432337282067 24.492850020957547 63.582533916049464 94.042644413200421 2.5000000000000004 54.759375183430166 5.5000000000000009 88.074774253848375 79.558101596629939 81.7768317495063 5.5000000000000009 1.0000000180025095e-35 34.181864085610876 42.713113300666897 55.942479991292863 2.5000000000000004 107.26472121154058 69.774496367143371 93.893694165866336 20.090509126974343 94.849637973099092 82.601101732715662 80.595597755206413
decision_type=2 2 2 2 2 2 2 2 2 2 2 2 2 2 2 2 2 2 2 2 2 2 2 2
left_child=2 11 20 6 5 22 12 -8 9 10 -7 -2 13 -4 -15 -16 21 18 -18 23 -1 -17 -5 -20
right_child=1 -3 3 4 -6 8 7 -9 -10 -11 -12 -13 -14 14 15 16 17 -19 19 -21 -22 -23 -24 -25
leaf_value=0.017481821145002657 -0.036954721465008333 -0.084707973140459025 -0.051033247439634236 -0.047118235006928445 -0.030597488375173676 0.015678266892510076 0.0084818214476108551 -0.1013227769214174 0.091646455656737097 -0.013307352018345035 0.12296954376390204 0.014702478770552011 -0.035892397386056409 0.086992397567345989 -0.033116769960948401 0.061205504575501314 0.026838503369400579 0.062791180126369001 -0.029554971382021906 -0.0037092210931910412 0.071782863377170131 0.0074042416363954552 -0.0023744763362975349 -0.072331325071198604
leaf_weight=26 32 39 21 20 36 31 25 23 20 33 20 29 27 21 35 23 31 20 20 27 22 20 21 21
leaf_count=26 32 39 21 20 36 31 25 23 20 33 20 29 27 21 35 23 31 20 20 27 22 20 21 21
internal_value=-0.00285936 -0.0405979 0.00409065 0.000378727 0.0124059 0.0230826 -0.00655413 -0.0441329 0.0417231 0.0298366 0.0577533 -0.0123964 0.000227003 0.00430744 0.00963842 0.00139257 0.00884829 -0.00102848 -0.0139213 -0.032503 0.0423698 0.0361817 -0.0242007 -0.0514648
internal_weight=643 100 543 495 181 145 314 48 104 84 51 61 266 239 218 197 162 119 99 68 48 43 41 41
internal_count=643 100 543 495 181 145 314 48 104 84 51 61 266 239 218 197 162 119 99 68 48 43 41 41
is_linear=0
shrinkage=0.05


Tree=94
num_leaves=25
num_cat=0
split_feature=3 2 2 2 4 2 2 0 4 4 4 2 4 4 4 2 2 3 2 4 2 2 2 4
split_gain=60.8819 45.5042 31.1794 50.3455 28.5422 15.6856 28.5 14.0246 27.7971 28.8292 25.8941 19.6034 20.8805 27.8604 14.5906 23.2262 18.6674 14.3899 27.0131 37.1382 35.9506 32.2091 10.7884 7.45982
threshold=4.5000000000000009 20.89637059634428 43.697138466324944 80.454208666473235 22.072600602720666 7.3599798889470609 11.886109979114524 1.0000000180025095e-35 72.835507781346379 76.503004436418067 84.315518688966122 90.485854190374511 66.694503227922141 60.218586278905846 54.354324933799411 64.369620395579531 42.079462039131833 3.5000000000000004 63.582533916049464 102.07621963915736 25.217635029160864 85.967752141091893 26.985689383203972 97.405748601613269
decision_type=2 2 2 2 2 2 2 2 2 2 2 2 2 2 2 2 2 2 2 2 2 2 2 2
left_child=4 -2 -3 -4 -1 -6 -7 8 11 -10 -11 12 13 14 15 16 22 18 20 -20 -12 -21 -8 -22
right_child=1 2 3 -5 5 6 7 -9 9 10 17 -13 -14 -15 -16 -17 -18 -19 19 21 23 -23 -24 -25
leaf_value=0.046905727738824982 -0.1020765097303824 0.025372939109802248 -0.080304463907624746 0.020230318978428842 -0.033052009413950145 0.061530761048197748 -0.024259703379610312 0.029216094353260138 0.067759990021586419 -0.037978650312870746 0.040805929861962797 -0.060971310876664665 -0.055717668275941504 0.047176793590188032 -0.04682124158740044 0.028611103328876199 -0.049300302763003859 0.047486494064331058 0.078674602694809442 0.044491425014677503 -0.062235070336610077 -0.043080383987121641 0.023661455993230145 -0.022541673789764273
leaf_weight=36 22 25 33 20 32 20 23 39 20 30 20 21 22 23 25 36 32 25 24 21 20 21 24 29
leaf_count=36 22 25 33 20 32 20 23 39 20 30 20 21 22 23 25 36 32 25 24 21 20 21 24 29
internal_value=-0.00271639 -0.038568 -0.0206554 -0.0423668 0.00388611 0.000831465 0.00311414 0.000546378 -0.00214141 0.0106597 0.00464913 -0.0151911 -0.00999439 -0.00382315 -0.0122017 -0.00467572 -0.0198444 0.0126418 0.00618912 0.0290579 -0.0156854 0.000705521 0.000210676 -0.0387431
internal_weight=643 100 78 53 543 507 475 455 416 210 190 206 185 163 140 115 79 160 135 66 69 42 47 49
internal_count=643 100 78 53 543 507 475 455 416 210 190 206 185 163 140 115 79 160 135 66 69 42 47 49
is_linear=0
shrinkage=0.05


Tree=95
num_leaves=25
num_cat=0
split_feature=1 2 2 1 4 1 4 1 4 1 4 4 3 2 2 2 2 2 2 2 2 3 2 1
split_gain=34.6582 47.6128 54.7367 44.3852 48.4222 35.4411 46.5325 53.5447 56.3411 34.7789 45.838 29.0686 42.573 25.9984 56.6408 132.851 25.0355 45.1982 21.6215 27.4524 15.6958 14.8839 14.3625 9.62033
threshold=5.5000000000000009 82.192777460708427 91.050528397830831 1.0000000180025095e-35 34.776710398481455 6.5000000000000009 68.685121800734052 9.5000000000000018 28.822866490088973 8.5000000000000018 90.417407009556328 91.020320093776277 2.5000000000000004 12.594375796224558 42.672408488226516 32.619737960274342 83.944693235193313 91.54462786773648 71.373695203672426 52.700574438877716 41.734779388672344 2.5000000000000004 49.586843411163876 8.5000000000000018
decision_type=2 2 2 2 2 2 2 2 2 2 2 2 2 2 2 2 2 2 2 2 2 2 2 2
left_child=3 5 -3 11 -5 22 7 8 -7 20 -11 12 -1 -6 15 21 18 -18 19 -16 -8 -15 -2 -10
right_child=1 2 -4 4 13 6 9 -9 23 10 -12 -13 -14 14 16 -17 17 -19 -20 -21 -22 -23 -24 -25
leaf_value=0.048978117927908904 -0.03599581073969603 0.082376250684261326 -0.028600165471434593 0.069920380461292383 0.051648607151582843 -0.083597935475409044 0.019511143739024798 0.074231205135583886 0.028538877007208377 -0.12722097881138325 -0.028827374248669064 -0.076141636233244631 -0.050767187126304791 -0.015038349838168534 0.063142996969131324 -0.13455227689648216 -0.062356181030627345 0.042670048702330821 0.080410164746496343 -0.0038983619092284026 -0.038957661187106918 0.037461853369259862 -0.095917557533830411 -0.013007906007855622
leaf_weight=20 20 25 20 39 32 20 24 24 38 20 29 21 23 27 26 22 20 21 23 37 22 27 20 22
leaf_count=20 20 25 20 39 32 20 24 24 38 20 29 21 23 27 26 22 20 21 23 37 22 27 20 22
internal_value=-0.00125152 -0.0141274 0.0330534 0.00956727 0.0183241 -0.0230108 -0.0143785 0.00872975 -0.0109207 -0.0396759 -0.068988 -0.0279228 -0.00437402 0.00976128 0.00315835 -0.0309831 0.0235894 -0.00856226 0.0389176 0.0237695 -0.0084522 0.0112118 -0.0659567 0.0133051
internal_weight=622 284 45 338 274 239 199 104 80 95 49 64 43 235 203 76 127 41 86 63 46 54 40 60
internal_count=622 284 45 338 274 239 199 104 80 95 49 64 43 235 203 76 127 41 86 63 46 54 40 60
is_linear=0
shrinkage=0.05


Tree=96
num_leaves=25
num_cat=0
split_feature=1 2 2 1 4 1 4 1 4 1 4 4 3 2 2 2 2 2 2 2 2 3 2 1
split_gain=31.2791 42.9706 49.3999 40.0576 43.701 31.9856 41.9956 48.3241 50.8479 31.3879 41.3688 26.2345 38.4221 23.4636 51.1184 119.898 22.5946 40.7914 19.5134 24.7758 14.1655 13.4327 12.9621 8.68234
threshold=5.5000000000000009 82.192777460708427 91.050528397830831 1.0000000180025095e-35 34.776710398481455 6.5000000000000009 68.685121800734052 9.5000000000000018 28.822866490088973 8.5000000000000018 90.417407009556328 91.020320093776277 2.5000000000000004 12.594375796224558 42.672408488226516 32.619737960274342 83.944693235193313 91.54462786773648 71.373695203672426 52.700574438877716 41.734779388672344 2.5000000000000004 49.586843411163876 8.5000000000000018
decision_type=2 2 2 2 2 2 2 2 2 2 2 2 2 2 2 2 2 2 2 2 2 2 2 2
left_child=3 5 -3 11 -5 22 7 8 -7 20 -11 12 -1 -6 15 21 18 -18 19 -16 -8 -15 -2 -10
right_child=1 2 -4 4 13 6 9 -9 23 10 -12 -13 -14 14 16 -17 17 -19 -20 -21 -22 -23 -24 -25
leaf_value=0.046529212594032289 -0.034196018911898135 0.078257437288761139 -0.027170157320797445 0.066424361740549415 0.049066175660118463 -0.079418037030845878 0.018535585204760233 0.070519646008809417 0.027111931341259107 -0.12085992913693189 -0.027386005441176482 -0.072334554143959576 -0.048228825742135883 -0.014286431656391534 0.059985847771167757 -0.12782466499642894 -0.059238375592976816 0.04053654457841601 0.076389658094748208 -0.0037034441490431096 -0.037009777060963887 0.035588760011725958 -0.09112167719751596 -0.012357509375380521
leaf_weight=20 20 25 20 39 32 20 24 24 38 20 29 21 23 27 26 22 20 21 23 37 22 27 20 22
leaf_count=20 20 25 20 39 32 20 24 24 38 20 29 21 23 27 26 22 20 21 23 37 22 27 20 22
internal_value=-0.00118895 -0.013421 0.0314007 0.00908891 0.0174079 -0.0218603 -0.0136596 0.00829326 -0.0103747 -0.0376921 -0.0655386 -0.0265266 -0.00415532 0.00927321 0.00300043 -0.0294339 0.02241 -0.00813415 0.0369717 0.022581 -0.00802959 0.0106512 -0.0626588 0.0126398
internal_weight=622 284 45 338 274 239 199 104 80 95 49 64 43 235 203 76 127 41 86 63 46 54 40 60
internal_count=622 284 45 338 274 239 199 104 80 95 49 64 43 235 203 76 127 41 86 63 46 54 40 60
is_linear=0
shrinkage=0.05


Tree=97
num_leaves=25
num_cat=0
split_feature=3 4 2 2 2 1 2 2 3 3 2 1 4 4 4 4 4 1 3 2 2 2 2 2
split_gain=29.601 84.2405 44.2315 38.8069 58.1771 32.143 25.3107 77.2423 31.4015 32.8043 53.2174 32.0892 37.3147 32.6041 29.2411 28.727 42.5604 22.3763 21.5747 19.8969 17.0198 13.3159 8.0858 5.05349
threshold=1.0000000180025095e-35 101.5244439448801 80.073810937348512 8.1658582949169247 13.808065108256802 5.5000000000000009 65.331960151077951 61.177774893426431 1.5000000000000002 2.5000000000000004 30.521992950090006 7.5000000000000009 55.942479991292863 88.153546076476431 35.881489737053279 80.269785847446443 107.97898822907503 5.5000000000000009 3.5000000000000004 28.581317514284816 43.476576154726231 82.733172662166311 83.944693235193313 43.054364808807684
decision_type=2 2 2 2 2 2 2 2 2 2 2 2 2 2 2 2 2 2 2 2 2 2 2 2
left_child=1 2 5 17 -5 23 7 8 -6 10 -10 13 -13 19 -8 18 21 -2 22 -11 -21 -17 -16 -1
right_child=3 -3 -4 4 6 -7 14 -9 9 11 -12 12 -14 -15 15 16 -18 -19 -20 20 -22 -23 -24 -25
leaf_value=0.035991384550219489 -0.083722194532553362 -0.058267313327926853 0.10548511560667645 0.06645819421472221 -0.048405145814544276 -0.014984437599778175 0.054091740984084286 -0.093393350700879924 -0.017498093439886966 0.02132058773528446 0.085751787859659936 -0.00035376818427308043 -0.092443980208852083 0.042094739798355749 -0.023833682290885762 0.023972432648763062 -0.029831124621408956 -0.013049000501632692 0.017850912883877756 -0.069060474982307787 -0.0046117271529510619 0.077308645167134038 -0.06623335846445777 0.07110962953418494
leaf_weight=21 24 26 22 29 38 30 29 29 24 22 26 22 22 37 23 25 27 21 20 21 20 22 22 20
leaf_count=21 24 26 22 29 38 30 29 29 24 22 26 22 22 37 23 25 27 21 20 21 20 22 22 20
internal_value=-0.0011295 0.0212958 0.0435393 -0.00643489 -0.00208163 0.0243448 -0.00671486 -0.0164586 -0.00684181 0.00129946 0.0361918 -0.0108159 -0.0463989 0.00484054 0.0084228 -0.00110525 0.0201981 -0.0507414 -0.0253583 -0.0170389 -0.0376221 0.0489383 -0.0445624 0.0531222
internal_weight=622 119 93 503 458 71 429 261 232 194 50 144 44 100 168 139 74 45 65 63 41 47 45 41
internal_count=622 119 93 503 458 71 429 261 232 194 50 144 44 100 168 139 74 45 65 63 41 47 45 41
is_linear=0
shrinkage=0.05


Tree=98
num_leaves=24
num_cat=0
split_feature=3 4 2 2 2 1 4 4 2 2 4 4 3 3 2 2 4 2 2 1 2 1 2
split_gain=26.7149 76.0271 39.9189 35.0233 52.5048 29.009 23.409 41.4002 35.4111 78.2262 28.4501 39.929 28.4468 35.9544 38.9558 37.7112 32.7154 32.2904 20.6386 20.1946 18.7117 14.056 4.56077
threshold=1.0000000180025095e-35 101.5244439448801 80.073810937348512 8.1658582949169247 13.808065108256802 5.5000000000000009 114.5905168931025 107.97898822907503 65.331960151077951 60.177957561396774 84.588627357921737 35.881489737053279 1.5000000000000002 2.5000000000000004 21.404719712790371 48.080008712675145 77.63766859057931 31.410114847833103 73.721681681168434 5.5000000000000009 37.261597666921837 5.5000000000000009 43.054364808807684
decision_type=2 2 2 2 2 2 2 2 2 2 2 2 2 2 2 2 2 2 2 2 2 2 2
left_child=1 2 5 19 -5 22 7 8 9 12 11 -10 -6 17 -15 16 20 -14 -13 -2 -16 -20 -1
right_child=3 -3 -4 4 6 -7 -8 -9 10 -11 -12 18 13 14 15 -17 -18 -19 21 -21 -22 -23 -24
leaf_value=0.034191814898735004 -0.079536084954937303 -0.055353946066819704 0.10021086016839201 0.063135282952210006 -0.046150408726599479 -0.014235217024882636 0.039604058374579143 -0.06585414407153925 0.051387152499679872 -0.09362700923631001 0.052615248477338145 0.025795033853501084 -0.0019448510557413101 0.051785147988370486 -0.039512715178231406 0.020486693514291856 0.005480967276810628 0.086826729206811823 -0.058338323421776299 -0.012396553052323206 -0.10244249161332847 -0.0077767286035749644 0.067554146982729435
leaf_weight=21 24 26 22 29 36 30 26 30 29 29 37 20 20 21 27 34 23 21 28 21 21 27 20
leaf_count=21 24 26 22 29 36 30 26 30 29 29 37 20 20 21 27 34 23 21 28 21 21 27 20
internal_value=-0.00107303 0.020231 0.0413623 -0.00611315 -0.00197755 0.0231275 -0.00637912 -0.00934578 -0.00480087 -0.0168111 0.0149606 0.00156426 -0.00583738 0.00285285 -0.0103813 -0.0228145 -0.0435503 0.0435235 -0.0177006 -0.0482043 -0.0670445 -0.0335172 0.0504661
internal_weight=622 119 93 503 458 71 429 403 373 232 141 104 203 167 126 105 71 41 75 45 48 55 41
internal_count=622 119 93 503 458 71 429 403 373 232 141 104 203 167 126 105 71 41 75 45 48 55 41
is_linear=0
shrinkage=0.05


Tree=99
num_leaves=23
num_cat=0
split_feature=4 2 2 2 4 2 4 3 1 2 2 4 0 2 4 4 4 4 3 2 4 4
split_gain=25.9144 58.2246 44.5713 41.6047 26.9715 34.421 31.3647 25.329 70.9413 38.8735 20.152 32.44 26.5899 34.7536 54.3985 44.7356 35.1791 22.7486 40.6304 31.9044 41.9314 4.26532
threshold=47.28372615748107 14.148934151853693 8.8258383922702865 79.073513410515659 39.166651993359821 54.759375183430166 28.244104110313753 4.5000000000000009 5.5000000000000009 14.481551752099142 27.330703878507588 75.897526228912525 1.0000000180025095e-35 72.96145656756191 65.791666490450737 107.51179479911654 102.35035222783536 67.413379462440972 2.5000000000000004 64.162078339054545 88.153546076476431 82.026107669066548
decision_type=2 2 2 2 2 2 2 2 2 2 2 2 2 2 2 2 2 2 2 2 2 2
left_child=1 -1 21 4 5 6 -3 9 -9 -4 11 -11 13 15 -15 17 -16 18 -12 20 -19 -2
right_child=2 3 7 -5 -6 -7 -8 8 -10 10 12 -13 -14 14 16 -17 -18 19 -20 -21 -22 -23
leaf_value=0.091314982216466556 -0.073633961789309976 -0.038617431846531956 0.070195945389568803 0.052277638177786558 0.027900446688427644 -0.059347535844426605 0.044034425184751556 0.016978109305103621 -0.098353980233271923 0.016657282501135184 0.071833616361021993 -0.060696810150208572 0.053145927011966715 -0.094227307730100379 0.027088568350061393 0.067999767934282626 -0.046369374197508612 -0.084998926396171251 -0.020249965495389443 0.039485351629555229 -0.0010002805827519833 -0.041370334085964022
leaf_weight=22 20 22 20 35 34 39 24 30 24 23 25 33 25 22 39 30 28 24 23 20 39 21
leaf_count=22 20 22 20 35 34 39 24 30 24 23 25 33 25 22 39 30 28 24 23 20 39 21
internal_value=-0.00101937 0.015227 -0.0074305 0.00435728 -0.00973694 -0.0247919 0.00450528 -0.00240135 -0.0342806 0.00250315 -0.00158705 -0.0289264 0.00398024 -0.000936332 -0.02601 0.0129243 -0.00361027 0.00031155 0.0277102 -0.0155335 -0.0329998 -0.0571087
internal_weight=622 176 446 154 119 85 46 405 54 351 331 56 275 250 89 161 67 131 48 83 63 41
internal_count=622 176 446 154 119 85 46 405 54 351 331 56 275 250 89 161 67 131 48 83 63 41
is_linear=0
shrinkage=0.05


Tree=100
num_leaves=26
num_cat=0
split_feature=2 4 2 2 4 2 2 2 2 4 4 3 1 1 2 2 2 3 2 2 4 4 4 4 4
split_gain=59.3662 43.1933 34.8573 64.0431 28.1242 35.5144 46.618 32.9774 65.418 69.1278 48.243 58.0193 48.2701 26.5224 77.7963 31.3089 40.3294 45.7608 50.7234 41.1454 36.9355 36.0597 9.62818 6.7033 0.23054
threshold=19.131485476827034 86.913750580069703 6.6119816172065251 11.789816386179437 115.92804458803582 65.331960151077951 61.177774893426431 94.508251766134592 91.050528397830831 44.635869546487136 60.218586278905846 1.5000000000000002 3.5000000000000004 8.5000000000000018 37.261597666921837 55.90663262587239 44.730705003889057 4.5000000000000009 35.321258690858343 51.090419883160017 43.95433054852554 75.897526228912525 64.682918988897953 44.289523338559484 103.63007601795991
decision_type=2 2 2 2 2 2 2 2 2 2 2 2 2 2 2 2 2 2 2 2 2 2 2 2 2
left_child=1 2 -1 -4 5 6 13 8 9 -7 -11 -12 -13 15 -15 16 17 18 20 -18 -2 -22 -20 -5 -3
right_child=4 24 3 23 -6 7 -8 -9 -10 10 11 12 -14 14 -16 -17 19 -19 22 -21 21 -23 -24 -25 -26
leaf_value=0.042279483538798318 -0.089994908514476959 -0.078700053542852408 -0.10486405715346336 0.024422795549035075 -0.046587656826401758 0.079521652855552169 -0.060424123247784955 -0.016779682116630751 0.1168054875873384 -0.06421209082684734 0.079469929525145783 0.031122511591423641 -0.059971871570898942 0.10818002717569471 -0.012488114132600673 0.055410361438989642 -0.096317350290094819 0.070755080169155479 0.060246499776840212 0.00078652605414390557 0.030711104907095433 -0.050380661852400879 0.01177242887871606 -0.014771250045547883 -0.071108286678791044
leaf_weight=22 21 20 20 20 24 39 31 39 21 22 27 33 26 22 34 20 24 21 20 20 26 29 21 24 20
leaf_count=22 21 20 20 20 24 39 31 39 21 22 27 33 26 22 34 20 24 21 20 20 26 29 21 24 20
internal_value=-0.00118685 -0.031979 -0.0120138 -0.0306771 0.00627432 0.00883216 -0.002491 0.0246408 0.0342563 0.0224635 0.00185923 0.0187612 -0.00902078 0.00446996 0.0349172 -0.00397086 -0.0104963 0.00279394 -0.00940421 -0.0521792 -0.0335848 -0.0120464 0.0354183 0.00304423 -0.0749042
internal_weight=646 126 86 64 520 496 289 207 168 147 108 86 59 258 56 202 182 138 117 44 76 55 41 44 40
internal_count=646 126 86 64 520 496 289 207 168 147 108 86 59 258 56 202 182 138 117 44 76 55 41 44 40
is_linear=0
shrinkage=0.05


Tree=101
num_leaves=23
num_cat=0
split_feature=2 2 2 0 2 2 4 1 2 2 2 1 2 2 2 4 3 2 4 4 4 4
split_gain=54.1773 36.5425 26.864 30.6357 62.8299 27.7365 25.2616 23.9776 22.8134 48.483 39.9718 24.2033 30.8491 19.2087 18.8641 26.2956 44.8186 16.4085 29.4721 47.7411 15.0851 7.67291
threshold=11.789816386179437 6.6119816172065251 65.331960151077951 1.0000000180025095e-35 72.666811359776844 61.177774893426431 23.620463246369706 6.5000000000000009 43.402391244417451 51.090419883160017 54.759375183430166 8.5000000000000018 38.229199388759362 80.857895725743703 94.508251766134592 87.655267353665138 1.5000000000000002 32.619737960274342 52.15581332272739 75.897526228912525 93.05176624238409 80.269785847446443
decision_type=2 2 2 2 2 2 2 2 2 2 2 2 2 2 2 2 2 2 2 2 2 2
left_child=1 -1 5 4 7 6 -2 -4 11 21 -11 12 17 -6 15 16 -15 18 -8 -20 -21 -10
right_child=2 -3 3 -5 13 -7 8 -9 9 10 -12 -13 -14 14 -16 -17 -18 -19 19 20 -22 -23
leaf_value=-0.0091278279083780948 0.049007273935906898 -0.086620365571359104 0.096991124252478286 0.071991322967021362 -0.037541927550645442 -0.048464039972785755 -0.039717352939279457 0.023832732616435915 -0.082237234773735207 0.059523008289662276 -0.026022725272923708 0.041347519229901465 0.049692708936830365 0.053061423003673558 -0.023795028540648914 0.054972445219755174 -0.044938544450061665 -0.046668898121074394 0.069426107495270964 -0.047496956698596479 0.0072281085612142795 -0.040304262675344947
leaf_weight=32 24 29 24 23 34 33 38 21 24 22 36 38 24 20 38 31 28 27 26 20 34 20
leaf_count=32 24 29 24 23 34 33 38 21 24 22 36 38 24 20 38 31 28 27 26 20 34 20
internal_value=-0.00112751 -0.0459685 0.00354822 0.0173997 0.0109935 -0.00473995 -0.000406936 0.0628505 -0.00424493 -0.0235989 0.00642566 0.00529182 -0.00281538 -0.00446054 0.00515285 0.0190772 -0.00410522 -0.0115064 -0.00346071 0.0137612 -0.0130404 -0.0631768
internal_weight=646 61 585 219 196 366 333 45 309 102 58 207 169 151 117 79 48 145 118 80 54 44
internal_count=646 61 585 219 196 366 333 45 309 102 58 207 169 151 117 79 48 145 118 80 54 44
is_linear=0
shrinkage=0.05


Tree=102
num_leaves=25
num_cat=0
split_feature=2 4 2 2 4 3 4 4 2 1 4 2 2 2 3 4 2 2 1 4 2 4 4 4
split_gain=50.1795 38.8065 30.7836 52.6277 25.964 31.5058 39.3403 45.8496 36.2658 40.62 25.8958 28.9259 23.4767 28.3022 33.8333 36.6682 17.3802 32.1514 16.9218 13.9003 10.1145 44.5957 6.49801 0.118235
threshold=19.595475947031947 86.913750580069703 6.6119816172065251 11.789816386179437 115.92804458803582 1.0000000180025095e-35 97.774354398360401 59.046051519017318 85.144291736090551 9.5000000000000018 34.181864085610876 62.984133999618891 79.558101596629939 70.976092386706355 3.5000000000000004 95.604658203429253 34.280140148901872 51.090419883160017 3.5000000000000004 77.63766859057931 94.508251766134592 82.601101732715662 44.289523338559484 103.63007601795991
decision_type=2 2 2 2 2 2 2 2 2 2 2 2 2 2 2 2 2 2 2 2 2 2 2 2
left_child=1 2 -1 -4 5 6 7 -2 9 10 11 -7 13 14 15 18 -16 -18 -12 -9 21 -10 -5 -3
right_child=4 23 3 22 -6 8 -8 19 20 -11 12 -13 -14 -15 16 -17 17 -19 -20 -21 -22 -23 -24 -25
leaf_value=0.040621901726858187 0.069211068197532935 -0.07272178381681442 -0.095289837047457693 0.023432180508971216 -0.044966662735290208 -0.072023080791713615 0.096639812886714943 0.012321740269660951 0.0049415424466133125 0.043950836461138086 0.017064935153325064 0.0041811477951705462 -0.054920375630969104 0.049357014307035853 0.05843792852014304 -0.074091361569506783 -0.03078386913384161 0.042459107408749648 -0.030137752961271847 -0.042858276409762253 0.0090767842034498846 0.099345676499334248 -0.014804608643054962 -0.06728499308228493
leaf_weight=22 27 20 20 20 24 33 20 25 29 37 37 20 21 26 20 28 31 29 39 21 30 22 25 20
leaf_count=22 27 20 20 20 24 33 20 25 29 37 37 20 21 26 20 28 31 29 39 21 30 22 25 20
internal_value=-0.00107113 -0.0292419 -0.010501 -0.0278041 0.00582229 0.00828479 0.0345109 0.0174893 0.00221755 -0.00532635 -0.0117463 -0.0432668 -0.00451429 0.00052632 -0.00637367 -0.0251782 0.0180722 0.0046169 -0.0071575 -0.0128691 0.0321137 0.0456649 0.00218952 -0.0700034
internal_weight=646 127 87 65 519 495 93 73 402 321 284 53 231 210 184 104 80 60 76 46 81 51 45 40
internal_count=646 127 87 65 519 495 93 73 402 321 284 53 231 210 184 104 80 60 76 46 81 51 45 40
is_linear=0
shrinkage=0.05


Tree=103
num_leaves=26
num_cat=0
split_feature=2 4 4 4 4 3 4 4 2 1 4 2 4 2 2 3 4 2 2 4 1 4 2 4 4
split_gain=45.287 35.0229 29.4269 32.0321 23.4325 28.434 35.5046 41.3793 32.7299 36.6596 23.3709 26.1056 21.5166 21.1878 25.8114 27.2441 35.8626 16.0722 27.3581 14.5068 12.5388 14.0586 9.12838 40.2476 0.106707
threshold=19.595475947031947 86.913750580069703 33.153889474437186 47.908133437825292 115.92804458803582 1.0000000180025095e-35 97.774354398360401 59.046051519017318 85.144291736090551 9.5000000000000018 34.181864085610876 62.984133999618891 66.392214876304635 79.558101596629939 72.064282840780351 3.5000000000000004 95.604658203429253 34.280140148901872 51.090419883160017 73.275562701618142 3.5000000000000004 71.930075268508816 94.508251766134592 82.601101732715662 103.63007601795991
decision_type=2 2 2 2 2 2 2 2 2 2 2 2 2 2 2 2 2 2 2 2 2 2 2 2 2
left_child=1 2 -1 -4 5 6 7 -2 9 10 11 -7 -5 14 15 16 20 -17 -19 -9 -12 -22 23 -10 -3
right_child=4 24 3 12 -6 8 -8 19 22 -11 13 -13 -14 -15 -16 17 -18 18 -20 -21 21 -23 -24 -25 -26
leaf_value=-0.06152787549155099 0.065750516785515675 -0.069085694849491119 0.059253820031881337 -0.055530940778553486 -0.042718328636450073 -0.068421924074716645 0.091807822287082674 -0.044240273311734205 0.0046944638007673728 0.041753293130848856 0.016171273201900094 0.0039720916561782364 0.013450795841904787 -0.052174356739435879 0.054529166445136071 0.055516031496226796 -0.070386793890169691 -0.029244676220320887 0.037182664104376831 0.012400930432172922 -0.051049689542163504 0.0068717177957296378 0.008622944205999376 0.094378392635421318 -0.063920744583010669
leaf_weight=21 27 20 20 20 24 33 20 20 29 37 38 20 26 21 20 20 28 31 31 26 22 20 30 22 20
leaf_count=21 27 20 20 20 24 33 20 20 29 37 38 20 26 21 20 20 28 31 31 26 22 20 30 22 20
internal_value=-0.00101758 -0.0277798 -0.00997594 0.00642694 0.00553118 0.00787055 0.0327854 0.0166148 0.00210667 -0.00506003 -0.011159 -0.0411034 -0.0165413 -0.00428857 0.000500004 -0.00518728 -0.021685 0.0165414 0.00396899 -0.0122257 -0.00463938 -0.0234681 0.0305081 0.0433816 -0.0665032
internal_weight=646 127 87 66 519 495 93 73 402 321 284 53 46 231 210 190 108 82 62 46 80 42 81 51 40
internal_count=646 127 87 66 519 495 93 73 402 321 284 53 46 231 210 190 108 82 62 46 80 42 81 51 40
is_linear=0
shrinkage=0.05


Tree=104
num_leaves=23
num_cat=0
split_feature=2 2 4 2 2 2 2 4 4 4 4 4 2 2 4 1 3 4 4 4 2 2
split_gain=41.5341 29.1405 19.5673 31.6515 35.5432 27.9443 53.2471 62.601 48.6182 25.4498 22.6728 24.1067 17.0007 44.064 33.6734 20.3289 27.4749 25.5518 44.5158 19.8343 14.5142 1.60956
threshold=11.789816386179437 7.0265015453638568 115.52260359661635 65.331960151077951 61.177774893426431 94.508251766134592 91.050528397830831 44.635869546487136 104.85960509900009 23.620463246369706 60.218586278905846 86.26432337282067 43.402391244417451 51.090419883160017 72.305263687084462 8.5000000000000018 4.5000000000000009 75.897526228912525 60.218586278905846 103.63007601795991 29.938722125023769 47.232709136695767
decision_type=2 2 2 2 2 2 2 2 2 2 2 2 2 2 2 2 2 2 2 2 2 2
left_child=1 -1 3 4 9 6 7 -5 10 -2 -9 -12 15 21 -15 16 17 18 20 -19 -11 -14
right_child=2 -3 -4 5 -6 -7 -8 8 -10 12 11 -13 13 14 -16 -17 -18 19 -20 -21 -22 -23
leaf_value=-0.010442802799599513 0.050570514223848784 -0.08032443695343458 -0.036912918938645005 0.073159154132008561 -0.055021101188275127 -0.017259856982108874 0.10418487734028273 -0.061048372055996551 0.069287589206360287 -0.034280994161963466 0.026616442948579788 -0.034876998265584311 -0.04885874042908351 -0.026336668945592025 0.05372904836355398 0.038206769643645541 0.046998325688764456 -0.057479955785368624 0.066068509038861675 0.0040357080847024922 0.018341747149825099 -0.068434994188802584
leaf_weight=35 24 26 29 39 31 39 21 22 20 38 34 30 21 29 24 38 24 38 23 20 20 21
leaf_count=35 24 26 29 39 31 39 21 22 20 38 34 30 21 29 24 38 24 38 23 20 20 21
internal_value=-0.000966698 -0.0402284 0.00312726 0.00521569 -0.00390134 0.0208258 0.0297737 0.0189969 -0.000930786 0.00105089 -0.0172606 -0.00220861 -0.00296422 -0.020394 0.0099195 0.00527376 -0.00240387 -0.0109338 0.00720658 -0.0362677 -0.0161352 -0.0586469
internal_weight=646 61 585 556 351 205 166 145 106 320 86 64 296 95 53 201 163 139 81 58 58 42
internal_count=646 61 585 556 351 205 166 145 106 320 86 64 296 95 53 201 163 139 81 58 58 42
is_linear=0
shrinkage=0.05


Tree=105
num_leaves=26
num_cat=0
split_feature=1 2 2 4 4 1 2 4 1 2 2 2 2 4 2 4 2 2 2 1 4 3 2 2 4
split_gain=87.1276 37.9274 31.0063 24.403 75.4591 54.8525 48.3118 28.172 25.7889 39.1621 42.3248 21.034 41.0002 23.8065 39.3886 20.4845 19.7411 16.8622 66.398 16.7301 10.4508 16.9275 6.6017 5.07091 4.93867
threshold=1.0000000180025095e-35 94.508251766134592 48.701840648338283 34.776710398481455 39.758957518386488 8.5000000000000018 4.2177885158515291 23.271265977514471 3.5000000000000004 79.558101596629939 57.118920768949501 43.879218583063611 34.68321172039493 65.791666490450737 22.900590886048903 74.018030522459512 85.825692248241182 32.619737960274342 45.296783039095665 2.5000000000000004 65.579884216422556 2.5000000000000004 51.090419883160017 35.508412870294862 92.317058420721182
decision_type=2 2 2 2 2 2 2 2 2 2 2 2 2 2 2 2 2 2 2 2 2 2 2 2 2
left_child=2 3 -1 5 -5 7 -6 -2 17 10 11 12 13 -10 24 -12 -11 19 -19 -8 -20 -22 -13 -9 -15
right_child=1 -3 -4 4 6 -7 8 23 9 16 15 22 -14 14 -16 -17 -18 18 20 -21 21 -23 -24 -25 -26
leaf_value=-0.10446262418602903 -0.027821815692849701 -0.046493210898978371 -0.028763652196334255 -0.082138051182031643 -0.066784409220729563 0.095500494291385019 0.026315293263178319 0.016293770819902419 -0.042800289858132605 -0.078085061386227617 0.014581320106983185 -0.04783452790975571 0.057046378968339972 0.05584723892666045 -0.038397855256442674 0.075412437500011531 -0.0094486942345445805 -0.06102623486270508 0.070092745036596349 0.088234425038099293 -0.00027525824308395386 0.060617547127462569 -0.010279719396071002 0.050718322007552441 0.022309962206560632
leaf_weight=24 31 35 31 25 21 24 24 20 32 20 25 25 33 21 27 31 22 21 21 20 25 21 22 23 23
leaf_count=24 31 35 31 25 21 24 24 20 32 20 25 25 33 21 27 31 22 21 21 20 25 21 22 23 23
internal_value=-0.00159886 0.00399377 -0.0617959 0.00716621 0.00233038 0.0298156 0.00719607 0.00851244 0.0109578 0.00239441 0.0102193 -0.00142031 0.00854486 -0.00699447 0.00914337 0.0482557 -0.0421327 0.0291874 0.016551 0.0544604 0.0408662 0.0275236 -0.0302557 0.0347069 0.0383164
internal_weight=647 592 55 557 459 98 434 74 413 281 239 183 136 103 71 56 42 132 88 44 67 46 47 43 44
internal_count=647 592 55 557 459 98 434 74 413 281 239 183 136 103 71 56 42 132 88 44 67 46 47 43 44
is_linear=0
shrinkage=0.05


Tree=106
num_leaves=25
num_cat=0
split_feature=1 2 2 2 2 4 3 4 2 2 4 3 1 4 4 3 1 2 3 2 4 1 4 2
split_gain=78.6327 34.2295 27.9832 23.4153 33.6515 23.5223 45.4652 24.1001 36.9117 29.7163 41.888 39.005 27.5152 36.5675 35.4882 28.8841 29.4472 19.7315 18.3998 17.5543 26.308 44.7272 45.2776 1.73447
threshold=1.0000000180025095e-35 94.508251766134592 48.701840648338283 90.138183020020136 87.027262753816288 26.921296536389889 3.5000000000000004 72.835507781346379 11.789816386179437 72.96145656756191 82.026107669066548 1.0000000180025095e-35 9.5000000000000018 39.758957518386488 45.720545543866074 2.5000000000000004 6.5000000000000009 42.672408488226516 1.5000000000000002 14.481551752099142 94.478628721586404 7.5000000000000009 107.84884565209977 29.802327110352447
decision_type=2 2 2 2 2 2 2 2 2 2 2 2 2 2 2 2 2 2 2 2 2 2 2 2
left_child=2 3 -1 4 5 6 -2 8 -7 10 23 -12 13 18 -15 17 -17 -16 -10 -13 -21 22 -22 -9
right_child=1 -3 -4 -5 -6 7 -8 9 12 -11 11 19 -14 14 15 16 -18 -19 -20 20 21 -23 -24 -25
leaf_value=-0.0992394929441313 0.07143273235609135 -0.044168550478560588 -0.027325469985484116 0.057362128692594438 -0.05731028758344197 -0.059746629943450293 -0.022590987980365754 0.077543879961594953 -0.067247780114412306 -0.035525980964303018 0.053870156483772469 0.03334076163860468 -0.054271827496233438 0.078245198184793641 0.0053674590108650075 -0.051607028472012484 0.025105603987520392 0.066481137365102777 -0.0049085917914735867 -0.057221903502941131 0.085878448206044386 -0.049766458626146676 -0.011244353442452849 0.056720411628484728
leaf_weight=24 36 35 31 22 21 30 20 20 20 26 39 26 21 22 28 29 22 25 29 25 21 27 28 20
leaf_count=24 36 35 31 22 21 30 20 20 20 26 39 26 21 22 28 29 22 25 29 25 21 27 28 20
internal_value=-0.00151892 0.00379409 -0.0587061 0.0068079 0.00472903 0.00726371 0.0378528 0.00352356 -0.00809726 0.0148438 0.0212012 0.0101335 -0.000191745 0.00629786 0.020551 0.00834651 -0.0185153 0.0341947 -0.0303532 -0.00329745 -0.0127291 0.00190673 0.0303797 0.0671321
internal_weight=647 592 55 557 535 514 56 458 226 232 206 166 196 175 126 104 51 53 49 127 101 76 49 40
internal_count=647 592 55 557 535 514 56 458 226 232 206 166 196 175 126 104 51 53 49 127 101 76 49 40
is_linear=0
shrinkage=0.05


Tree=107
num_leaves=24
num_cat=0
split_feature=1 2 3 4 4 1 2 4 2 2 1 1 2 4 3 4 4 4 2 2 2 4 2
split_gain=70.966 30.8921 28.3612 21.7455 65.7833 47.5431 43.02 27.804 24.04 61.0634 26.9673 44.597 26.9667 32.6814 30.8155 26.7584 25.4581 17.5063 44.3677 18.8177 59.8963 13.9157 4.14781
threshold=1.0000000180025095e-35 94.508251766134592 2.5000000000000004 34.776710398481455 39.758957518386488 8.5000000000000018 4.2177885158515291 23.271265977514471 88.94904111034613 84.127229550054906 5.5000000000000009 6.5000000000000009 71.373695203672426 93.893694165866336 3.5000000000000004 76.275483566703699 55.942479991292863 51.814593121707048 23.49653186157267 51.350091491956775 69.033229906292334 82.601101732715662 35.508412870294862
decision_type=2 2 2 2 2 2 2 2 2 2 2 2 2 2 2 2 2 2 2 2 2 2 2
left_child=2 3 -1 5 -5 7 -6 -2 9 10 12 -12 13 15 -15 16 -8 -13 -19 21 -21 -20 -9
right_child=1 -3 -4 4 6 -7 8 22 -10 -11 11 17 -14 14 -16 -17 -18 18 19 20 -22 -23 -24
leaf_value=-0.0082733952719718212 -0.028081159401805174 -0.041960123149412026 -0.082912217397242791 -0.076964602977037444 -0.063365723050775979 0.089000192284584057 -0.011462949899335703 0.017384804189205169 0.062114335525603526 -0.066837607897244966 -0.062925711333751674 0.043295431236426041 0.075709060921023294 0.021553336621986496 0.09896068288828247 -0.039993494376540185 0.048868213111863422 0.051282979277047253 -0.0088863529942252422 0.056897332574482318 -0.050506527602672581 -0.062917544692754748 0.048518777460507728
leaf_weight=20 31 35 35 25 21 24 36 20 21 26 25 30 24 36 20 28 34 33 22 27 25 26 23
leaf_count=20 31 35 35 25 21 24 36 20 21 26 25 30 24 36 20 28 34 33 22 27 25 26 23
internal_value=-0.00144297 0.00360438 -0.0557708 0.0064675 0.00190257 0.0278481 0.00644561 0.00801503 0.00999534 0.00720326 0.012463 -0.000743259 0.0264112 0.0187284 0.0491988 0.00131669 0.0178408 0.00879393 0.00101163 -0.0155779 0.00526086 -0.0381532 0.0340379
internal_weight=647 592 55 557 459 98 434 74 413 392 366 188 178 154 56 98 70 163 133 100 52 48 43
internal_count=647 592 55 557 459 98 434 74 413 392 366 188 178 154 56 98 70 163 133 100 52 48 43
is_linear=0
shrinkage=0.05


Tree=108
num_leaves=26
num_cat=0
split_feature=1 2 2 2 4 4 2 2 4 4 4 2 2 2 4 4 2 1 4 4 4 3 4 1 3
split_gain=64.0468 27.8801 25.7205 21.7051 58.5306 38.1392 27.2333 27.181 23.4688 40.2238 39.3375 34.5391 20.4904 57.9341 20.6558 40.2311 34.8168 23.1414 28.2975 25.4071 23.7453 50.1594 16.5396 11.9579 8.84588
threshold=1.0000000180025095e-35 94.508251766134592 48.701840648338283 19.595475947031947 26.921296536389889 39.758957518386488 61.177774893426431 60.60889892584936 73.458558032528458 54.765970400539324 86.913750580069703 11.225589377277759 88.94904111034613 84.127229550054906 56.930287477101864 63.457343312560276 39.102697286328386 5.5000000000000009 93.05176624238409 76.275483566703699 95.604658203429253 2.5000000000000004 76.952205787060493 5.5000000000000009 2.5000000000000004
decision_type=2 2 2 2 2 2 2 2 2 2 2 2 2 2 2 2 2 2 2 2 2 2 2 2 2
left_child=2 3 -1 8 6 7 -5 -6 9 11 -10 -2 13 14 16 -16 -7 18 19 -17 22 -22 -19 -18 -20
right_child=1 -3 -4 4 5 12 -8 -9 10 -11 -12 -13 -14 -15 15 17 23 20 24 -21 21 -23 -24 -25 -26
leaf_value=-0.09184238237066894 0.03411659753322601 -0.039862117714115554 -0.022897050649889054 0.10702801509982063 -0.071053010110671708 -0.015649018716067078 0.029060907910267515 0.0035661805947513683 0.064111688394438135 -0.0913397914916277 -0.021694067810826445 -0.048996724009513853 0.059008617060525084 -0.063495728029654572 -0.056981538032943563 0.04167474213810194 0.092454395480453977 -0.0077155276559866398 0.037140028975133237 -0.034393021334772525 0.020176825092898476 -0.079167617795368045 0.047665841052574771 0.040584168344736105 0.077725298210978511
leaf_weight=24 25 35 31 21 26 20 24 23 22 20 34 25 21 26 22 21 20 26 29 23 27 24 28 25 25
leaf_count=24 25 35 31 21 26 20 24 23 22 20 34 25 21 26 22 21 20 26 29 23 27 24 28 25 25
internal_value=-0.00137082 0.00342416 -0.0529823 0.00614413 0.0114808 0.00518956 0.0654456 -0.0360277 -0.0121106 -0.0314114 0.0120153 -0.00744006 0.0111826 0.00800425 0.0144146 0.00724231 0.0392417 0.0142025 0.0316768 0.00191205 -0.00210675 -0.0265735 0.0210007 0.0636376 0.0559295
internal_weight=647 592 55 557 431 386 45 49 126 70 56 50 337 316 290 225 65 203 98 44 105 51 54 45 54
internal_count=647 592 55 557 431 386 45 49 126 70 56 50 337 316 290 225 65 203 98 44 105 51 54 45 54
is_linear=0
shrinkage=0.05


Tree=109
num_leaves=26
num_cat=0
split_feature=1 3 2 2 4 4 2 2 4 4 4 2 2 2 4 4 2 1 4 4 4 3 1 1 4
split_gain=57.8023 26.0424 25.1618 19.5888 52.8239 34.4206 24.5781 24.5309 21.1806 36.6103 35.5021 33.6985 18.4926 52.2855 18.6418 36.3086 31.4222 20.8851 25.5385 22.9299 21.5959 31.2567 26.4787 10.792 8.42576
threshold=1.0000000180025095e-35 2.5000000000000004 94.508251766134592 19.595475947031947 26.921296536389889 39.758957518386488 61.177774893426431 60.60889892584936 73.458558032528458 49.807991123070728 86.913750580069703 11.225589377277759 88.94904111034613 84.127229550054906 56.930287477101864 63.457343312560276 39.102697286328386 5.5000000000000009 93.05176624238409 76.275483566703699 93.821421412777184 2.5000000000000004 8.5000000000000018 5.5000000000000009 108.16608686411148
decision_type=2 2 2 2 2 2 2 2 2 2 2 2 2 2 2 2 2 2 2 2 2 2 2 2 2
left_child=1 -1 3 8 6 7 -5 -6 9 11 -10 -2 13 14 16 -16 -7 18 19 -17 22 -22 -19 -18 -20
right_child=2 -3 -4 4 5 12 -8 -9 10 -11 -12 -13 -14 -15 15 17 23 20 24 -21 21 -23 -24 -25 -26
leaf_value=-0.0048188772983849054 0.041351529414003552 -0.076341341670070381 -0.037869010964142427 0.10167661376208777 -0.067500359622331765 -0.014866566676646471 0.027607862775524458 0.0033878714129652668 0.060906104100021452 -0.078353943884372723 -0.020609363201348221 -0.045206263661384583 0.056058187144143248 -0.060320942333111395 -0.05413245938040994 0.039591005515484584 0.087831675261259082 0.063301129029555758 0.070798395772775011 -0.032673369024110881 0.014991273114393498 -0.057804827739795055 -0.012640635917584101 0.038554959386587151 0.03105132253840566
leaf_weight=20 22 35 35 21 26 20 24 23 22 25 34 23 21 26 22 21 20 22 30 23 29 30 24 25 24
leaf_count=20 22 35 35 21 26 20 24 23 22 25 34 23 21 26 22 21 20 22 30 23 29 30 24 25 24
internal_value=-0.00130228 -0.0503332 0.00325295 0.00583692 0.0109067 0.00493008 0.0621733 -0.0342263 -0.0115051 -0.0298408 0.0114146 -0.00288912 0.0106234 0.00760404 0.0136939 0.0068802 0.0372796 0.0134924 0.0300929 0.00181645 -0.00200141 -0.0220237 0.0236793 0.0604557 0.053133
internal_weight=647 55 592 557 431 386 45 49 126 70 56 45 337 316 290 225 65 203 98 44 105 59 46 45 54
internal_count=647 55 592 557 431 386 45 49 126 70 56 45 337 316 290 225 65 203 98 44 105 59 46 45 54
is_linear=0
shrinkage=0.05


Tree=110
num_leaves=24
num_cat=0
split_feature=1 2 3 2 2 2 2 4 4 2 2 4 2 2 3 2 2 4 4 3 2 4 4
split_gain=54.0987 60.4729 31.3933 49.5923 45.5168 29.3494 29.3447 19.6542 14.1954 12.542 38.2938 23.7373 55.23 35.9976 22.0296 30.3846 27.5311 39.6076 21.4098 14.6535 20.3008 12.8612 0.11772
threshold=9.5000000000000018 95.91112437231844 1.0000000180025095e-35 5.8654948456381986 72.666811359776844 43.054364808807684 92.683983327271264 65.579884216422556 72.305263687084462 42.226105389515794 51.090419883160017 48.055974890801885 74.952212857361573 61.800379505435046 4.5000000000000009 11.886109979114524 26.419546490722844 52.15581332272739 60.218586278905846 2.5000000000000004 80.454208666473235 62.059687133568595 72.835507781346379
decision_type=2 2 2 2 2 2 2 2 2 2 2 2 2 2 2 2 2 2 2 2 2 2 2
left_child=1 2 4 -4 5 8 9 -2 -1 14 22 12 -12 -13 15 -5 17 -17 -15 -20 -21 -18 -11
right_child=7 -3 3 6 -6 -7 -8 -9 -10 10 11 13 -14 18 -16 16 21 -19 19 20 -22 -23 -24
leaf_value=-0.016770403583844504 0.075930976179929888 0.073534374335861727 -0.084628009796142586 0.060669894792139537 -0.049857729226350789 0.073290567298730222 -0.069907053187489507 0.019808661006391049 0.040265632458031178 -0.062816755585372461 -0.020821847064154492 0.031717203876801901 0.076481837142258882 -0.075985878926109196 -0.033678962819810428 -0.081690138578414923 0.046698343396807715 0.0052391829557324708 0.0088235324647809778 -0.063465567344221582 0.0010853861059461321 0.0014644608353123522 -0.057391813915455718
leaf_weight=24 26 23 24 25 20 30 20 39 20 20 35 28 25 22 35 20 30 38 28 29 21 33 20
leaf_count=24 26 23 24 25 20 30 20 39 20 20 35 28 25 22 35 20 30 38 28 29 21 33 20
internal_value=-0.000959676 -0.00588796 -0.00922747 -0.0146839 0.0170679 0.0351559 -0.010771 0.0422576 0.00915507 -0.00787922 -0.0156805 -0.00622859 0.0197214 -0.0183926 0.00194778 0.0104884 0.000120361 -0.0247364 -0.0324234 -0.0201365 -0.0363542 0.0230044 -0.0601043
internal_weight=635 570 547 453 94 74 429 65 44 409 228 188 60 128 181 146 121 58 100 78 50 63 40
internal_count=635 570 547 453 94 74 429 65 44 409 228 188 60 128 181 146 121 58 100 78 50 63 40
is_linear=0
shrinkage=0.05


Tree=111
num_leaves=25
num_cat=0
split_feature=1 2 3 2 2 2 2 2 4 2 2 4 2 2 1 4 4 2 1 4 2 4 2 4
split_gain=48.8241 54.5768 28.3324 46.2912 41.0789 27.4532 26.7205 19.5016 31.4835 15.5609 34.5602 22.105 24.9138 16.9114 20.6761 21.7938 13.0538 9.94552 17.2855 24.1584 15.1195 9.42896 5.23479 0.106242
threshold=9.5000000000000018 95.91112437231844 1.0000000180025095e-35 8.1658582949169247 72.666811359776844 92.683983327271264 48.846209280253419 34.099584878047388 78.094312841466149 42.226105389515794 51.090419883160017 35.315481953670691 61.800379505435046 65.331960151077951 7.5000000000000009 87.934726686380444 64.353449915299549 35.104784519467067 5.5000000000000009 45.10304563370412 20.292263876264691 54.354324933799411 19.131485476827034 72.835507781346379
decision_type=2 2 2 2 2 2 2 2 2 2 2 2 2 2 2 2 2 2 2 2 2 2 2 2
left_child=1 2 4 -4 6 9 16 -2 -9 17 23 -12 -13 -14 15 21 -1 18 19 -5 -21 -15 -20 -11
right_child=7 -3 3 5 -6 -7 -8 8 -10 10 11 12 13 14 -16 -17 -18 -19 22 20 -22 -23 -24 -25
leaf_value=-0.016652520271864805 0.081225631721317776 0.069857655595178189 -0.068348215996391251 -0.031625030157358756 -0.047364845871925354 -0.066411699950695041 0.075461544334888456 0.059293309688568122 -0.024871969821397218 -0.059675920046865942 0.030571404669214697 0.025294554998981769 -0.065098284610680165 -0.023512671943753959 0.025876411730828493 0.0044740867049944018 0.035232585723753332 0.029293391656349688 -0.042265221152616585 0.053195193639746119 0.0045666895581014232 -0.068808052054157964 -0.0092125690914690497 -0.05452222270891071
leaf_weight=22 20 23 36 23 20 20 25 25 20 20 34 32 21 20 23 31 27 34 23 31 33 27 25 20
leaf_count=22 20 23 36 23 20 20 25 25 20 20 34 32 21 20 23 31 27 34 23 31 33 27 25 20
internal_value=-0.000911692 -0.00559356 -0.0087661 -0.0139497 0.0162145 -0.00925345 0.0333981 0.0401447 0.0218865 -0.00637394 -0.0148964 -0.00591717 -0.0139731 -0.0242728 -0.0157843 -0.0280689 0.0119372 0.00512389 -0.000963246 0.0123262 0.0281211 -0.0495334 -0.0250503 -0.0570991
internal_weight=635 570 547 453 94 417 74 65 45 397 228 188 154 122 101 78 49 169 135 87 64 47 48 40
internal_count=635 570 547 453 94 417 74 65 45 397 228 188 154 122 101 78 49 169 135 87 64 47 48 40
is_linear=0
shrinkage=0.05


Tree=112
num_leaves=25
num_cat=0
split_feature=1 2 3 2 2 2 2 2 4 2 2 1 2 4 1 4 3 4 2 4 3 4 4 2
split_gain=44.0637 49.2555 25.57 41.7778 37.0737 24.7765 24.1152 17.6002 28.4139 14.0498 27.1522 32.0577 13.5234 12.0537 18.8219 21.7643 16.3412 13.0088 12.3837 30.5729 21.2001 11.781 3.8295 3.38189
threshold=9.5000000000000018 95.91112437231844 1.0000000180025095e-35 8.1658582949169247 72.666811359776844 92.683983327271264 48.846209280253419 34.099584878047388 78.094312841466149 23.971837230114474 19.131485476827034 3.5000000000000004 88.94904111034613 64.353449915299549 7.5000000000000009 91.849222792335425 3.5000000000000004 80.95124775926152 74.952212857361573 43.295682986128917 2.5000000000000004 64.353449915299549 23.768373617430772 58.223299701493879
decision_type=2 2 2 2 2 2 2 2 2 2 2 2 2 2 2 2 2 2 2 2 2 2 2 2
left_child=1 2 4 -4 6 9 21 -2 -9 10 11 -5 13 18 15 17 -17 -15 19 20 -11 -1 -22 -21
right_child=7 -3 3 5 -6 -7 -8 8 -10 12 -12 -13 -14 14 -16 16 -18 -19 -20 23 22 -23 -24 -25
leaf_value=-0.015819896283474837 0.077164352424442778 0.066364772099515676 -0.064930804073810577 0.040158636868000031 -0.04499659836292267 -0.063091115728020661 0.071688468098640448 0.056328641891479493 -0.02362837076187134 -0.069200457096099857 0.061455623770043967 -0.034444168406642148 0.028974887058138849 -0.019528808338301524 -0.058808104445536941 -0.017702819004252152 0.0319550970212246 -0.070078867524862296 0.026704645133577287 0.028977069517056787 0.0049645588546991352 0.033470955353092267 -0.025976904933340851 0.0026053088158369065
leaf_weight=22 20 23 36 24 20 20 25 25 20 25 21 36 20 35 30 37 30 20 28 31 20 27 20 20
leaf_count=22 20 23 36 24 20 20 25 25 20 25 21 36 20 35 30 37 30 20 28 31 20 27 20 20
internal_value=-0.000866107 -0.00531388 -0.00832779 -0.0132522 0.0154038 -0.00879077 0.0317282 0.0381375 0.0207922 -0.00605524 0.0125233 -0.00460305 -0.0108175 -0.0135061 -0.0233268 -0.0146019 0.00453207 -0.0379106 -0.00313981 -0.0103436 -0.0330809 0.0113404 -0.0105062 0.0186352
internal_weight=635 570 547 453 94 417 74 65 45 397 81 60 316 296 152 122 67 55 144 116 65 49 40 51
internal_count=635 570 547 453 94 417 74 65 45 397 81 60 316 296 152 122 67 55 144 116 65 49 40 51
is_linear=0
shrinkage=0.05


Tree=113
num_leaves=25
num_cat=0
split_feature=1 2 3 2 2 2 2 2 4 4 2 2 3 2 2 4 4 2 2 4 3 1 2 4
split_gain=39.7675 44.4531 23.0769 37.8971 33.459 21.9102 21.627 15.8842 25.6435 10.8037 10.1686 30.6061 20.4721 29.5917 24.9493 33.782 19.6431 47.095 29.6034 20.1208 13.4725 18.9336 12.5449 0.117476
threshold=9.5000000000000018 95.91112437231844 1.0000000180025095e-35 5.8654948456381986 72.666811359776844 43.054364808807684 92.683983327271264 34.099584878047388 78.094312841466149 72.305263687084462 42.226105389515794 51.090419883160017 4.5000000000000009 11.886109979114524 26.419546490722844 52.15581332272739 48.055974890801885 74.952212857361573 61.800379505435046 60.218586278905846 2.5000000000000004 3.5000000000000004 32.26227240055411 72.835507781346379
decision_type=2 2 2 2 2 2 2 2 2 2 2 2 2 2 2 2 2 2 2 2 2 2 2 2
left_child=1 2 4 -4 5 9 10 -2 -9 -1 12 23 13 -5 15 -15 17 -13 -18 -20 -21 -22 -16 -12
right_child=7 -3 3 6 -6 -7 -8 8 -10 -11 11 16 -14 14 22 -17 18 -19 19 20 21 -23 -24 -25
leaf_value=-0.014940611583491168 0.073306135199964054 0.063046533582003225 -0.073732658848166474 0.059917473364621401 -0.042746773511171343 0.063090883791446686 -0.059936559274792668 0.053512208938598642 -0.022446950096637011 0.03481717333197594 -0.05613566614687443 -0.019093222469091415 -0.032182305306196216 -0.076098089143633849 0.049455656304955485 0.0041842412203550337 0.029115640046074989 0.07075899102538824 -0.07128081663765691 0.010629724351955312 -0.0054161472778235173 -0.067400403388521893 0.0038507086567972841 -0.050716354679316282
leaf_weight=24 20 23 24 25 20 30 20 25 20 20 20 35 35 20 25 38 28 25 22 28 28 22 38 20
leaf_count=24 20 23 24 25 20 30 20 25 20 20 20 35 35 20 25 38 28 25 22 28 28 22 38 20
internal_value=-0.000822802 -0.00504819 -0.0079114 -0.0125896 0.0146336 0.0301418 -0.00916903 0.0362306 0.0197526 0.00767656 -0.00668651 -0.013711 0.00216196 0.0103952 0.000163287 -0.0234993 -0.00526094 0.0183452 -0.0163263 -0.0290501 -0.0171388 -0.0326892 0.0219479 -0.053426
internal_weight=635 570 547 453 94 74 429 65 45 44 409 228 181 146 121 58 188 60 128 100 78 50 63 40
internal_count=635 570 547 453 94 74 429 65 45 44 409 228 181 146 121 58 188 60 128 100 78 50 63 40
is_linear=0
shrinkage=0.05


Tree=114
num_leaves=24
num_cat=0
split_feature=1 2 3 2 2 2 2 2 4 2 2 3 4 2 4 2 1 4 2 1 4 2 4
split_gain=35.8902 40.1189 20.8269 35.8637 30.1968 20.269 19.916 14.3355 23.1433 12.6137 28.7881 40.669 27.2204 30.1421 20.7516 26.2525 16.1362 9.63794 9.44662 13.6257 19.1994 14.0043 5.94091
threshold=9.5000000000000018 95.91112437231844 1.0000000180025095e-35 8.1658582949169247 72.666811359776844 92.683983327271264 48.846209280253419 34.099584878047388 78.094312841466149 42.226105389515794 57.334178741897055 3.5000000000000004 48.055974890801885 74.952212857361573 106.09999061207638 66.346844384847927 4.5000000000000009 64.353449915299549 35.321258690858343 5.5000000000000009 45.10304563370412 20.292263876264691 80.595597755206413
decision_type=2 2 2 2 2 2 2 2 2 2 2 2 2 2 2 2 2 2 2 2 2 2 2
left_child=1 2 4 -4 6 9 17 -2 -9 18 11 -11 13 -12 15 -14 -17 -1 19 20 -5 -22 -21
right_child=7 -3 3 5 -6 -7 -8 8 -10 10 12 -13 14 -15 -16 16 -18 -19 -20 22 21 -23 -24
leaf_value=-0.014459212530742994 0.069640825893729927 0.059894207119941714 -0.059841383621096617 -0.028284796165383382 -0.040609429031610494 -0.05693973280489445 0.064949500650167469 0.050836601257324227 -0.021324605643749238 -0.082593781501054772 -0.0071164049953222272 -0.002238183340523392 0.018644159643546397 0.067221041530370715 0.027026752517981964 -0.067298632323303645 -0.017420899387328857 0.030123545670950852 0.029941160327965219 -0.0066999408416450025 0.049236338465444507 0.0030878613090940883 -0.041880739870525541
leaf_weight=22 20 23 36 23 20 20 25 25 20 31 30 32 23 25 22 34 31 27 31 28 31 35 21
leaf_count=22 20 23 36 23 20 20 25 25 20 31 30 32 23 25 22 34 31 27 31 28 31 35 21
internal_value=-0.000781662 -0.00479578 -0.00751583 -0.0119601 0.0139019 -0.00782651 0.0286347 0.0344191 0.018765 -0.00535229 -0.0130254 -0.0417782 -0.00204705 0.0266733 -0.0164072 -0.0272657 -0.0435108 0.0101068 0.00499961 -0.000603207 0.0110545 0.0247637 -0.0217774
internal_weight=635 570 547 453 94 417 74 65 45 397 228 63 165 55 110 88 65 49 169 138 89 66 49
internal_count=635 570 547 453 94 417 74 65 45 397 228 63 165 55 110 88 65 49 169 138 89 66 49
is_linear=0
shrinkage=0.05


Tree=115
num_leaves=24
num_cat=0
split_feature=1 0 1 4 1 4 2 2 2 2 2 2 4 1 3 1 2 4 4 2 4 4 4
split_gain=23.2499 55.3 62.4522 70.0259 43.8977 33.5943 51.3747 21.9112 23.3771 20.6621 19.0704 27.3451 31.2105 20.3342 19.6319 15.6716 20.955 20.478 40.7373 13.7864 24.991 12.3079 1.43371
threshold=4.5000000000000009 1.0000000180025095e-35 5.5000000000000009 70.37534102925234 6.5000000000000009 110.80865896370106 87.027262753816288 17.259531184192323 11.225589377277759 62.720964277466315 42.079462039131833 32.168761020487409 69.446955239959607 8.5000000000000018 2.5000000000000004 2.5000000000000004 84.127229550054906 88.153546076476431 43.95433054852554 41.210009066511297 90.417407009556328 54.354324933799411 31.641053522692982
decision_type=2 2 2 2 2 2 2 2 2 2 2 2 2 2 2 2 2 2 2 2 2 2 2
left_child=7 2 3 -2 9 6 10 8 -1 -4 11 12 -6 -12 -15 19 17 18 -17 -9 21 22 -21
right_child=1 -3 4 -5 5 -7 -8 15 -10 -11 13 -13 -14 14 -16 16 -18 -19 -20 20 -22 -23 -24
leaf_value=-0.00666221962482841 0.12124703916842523 0.077888600219940318 -0.072894448016224231 0.0025230193855585877 0.040870856017702156 0.06799910385161638 -0.068574353493750101 0.036099961431076126 -0.076095941087061719 -0.010176686197519304 0.05366232848088992 -0.056487520677702768 -0.026447959786111658 -0.027036903332918884 0.038353416120464154 0.025781335466756275 -0.059568864852190019 0.03786977016854854 -0.059727873085066677 -0.0067188378795981418 0.035224717167605245 -0.038170121193808672 0.01221334669739008
leaf_weight=27 23 29 29 27 36 20 24 36 22 24 38 21 33 24 22 26 22 21 30 20 35 34 20
leaf_count=27 23 29 29 27 36 20 24 36 22 24 38 21 33 24 22 26 22 21 30 20 35 34 20
internal_value=0.00306654 0.0117657 0.00579193 0.0571361 -0.00368116 0.00624122 3.0489e-06 -0.00732489 -0.0378365 -0.044494 0.009462 -0.00652966 0.0086749 0.0265959 0.00423673 -0.00119755 -0.016533 -0.00423709 -0.0200272 0.00927289 0.000412579 -0.0160526 0.00274725
internal_weight=643 350 321 50 271 218 198 293 49 53 174 90 69 84 46 244 99 77 56 145 109 74 40
internal_count=643 350 321 50 271 218 198 293 49 53 174 90 69 84 46 244 99 77 56 145 109 74 40
is_linear=0
shrinkage=0.05


Tree=116
num_leaves=26
num_cat=0
split_feature=4 4 2 4 4 3 2 4 3 4 2 2 4 4 4 4 4 2 2 4 2 3 3 3 2
split_gain=22.8798 21.7234 35.9386 34.7196 29.1889 26.3539 16.1601 37.3843 41.8381 33.8228 32.8597 33.7521 40.9888 29.089 27.5767 24.75 13.9134 16.9285 13.6195 13.3501 12.1541 9.86925 11.0453 9.02418 0.0129267
threshold=19.011521444387057 38.169929626434637 5.8654948456381986 33.525026481673187 28.967390611155654 3.5000000000000004 95.173485436394415 72.305263687084462 4.5000000000000009 67.413379462440972 83.944693235193313 63.206649586084403 48.749967001345006 80.95124775926152 110.37166264723588 42.713113300666897 87.934726686380444 81.578188175571071 59.844547564602131 97.18690388440173 54.053477867504206 1.5000000000000002 3.5000000000000004 1.5000000000000002 32.26227240055411
decision_type=2 2 2 2 2 2 2 2 2 2 2 2 2 2 2 2 2 2 2 2 2 2 2 2 2
left_child=-1 3 -3 4 5 23 7 9 13 10 11 12 15 -9 16 -4 -15 18 19 -18 -10 -14 -23 -2 -21
right_child=1 2 6 -5 -6 -7 -8 8 20 -11 -12 -13 21 14 -16 -17 17 -19 -20 24 -22 22 -24 -25 -26
leaf_value=-0.048417352692091041 0.026696123667061328 -0.05950243128463626 -0.0077907144278287896 0.071611892624661846 -0.038458127249032262 -0.018724906213936351 0.040051108878105882 0.063407927877934908 -0.061538126729428766 -0.068896521627902982 -0.063034053535565085 0.048501285190383596 -0.013854746407140857 -0.026542274694268904 0.050645255493000155 -0.083102523380269619 0.03810212214011699 0.052298433865819664 -0.02818849040911748 -0.0061251806747168311 -0.0064152484573423863 0.052991582204898205 0.0038037130236625674 0.074193972796201699 -0.0043274968862533573
leaf_weight=21 20 24 20 29 24 21 28 35 20 26 23 30 23 30 40 24 32 21 26 20 20 21 25 20 20
leaf_count=21 20 24 20 29 24 21 28 35 20 26 23 30 23 30 40 24 32 21 26 20 20 21 25 20 20
internal_value=0.00291322 0.00464624 0.00021975 0.0243713 0.00825393 0.0266324 0.00318118 0.000917238 0.0131263 -0.0158702 -0.00756484 0.00135679 -0.0111595 0.0215375 0.0137837 -0.0488699 0.003888 0.0115595 0.00282973 0.0140308 -0.0339767 0.0128878 0.026259 0.050445 -0.00522634
internal_weight=643 622 508 114 85 61 484 456 264 192 166 143 113 224 189 44 149 119 98 72 40 69 46 40 40
internal_count=643 622 508 114 85 61 484 456 264 192 166 143 113 224 189 44 149 119 98 72 40 69 46 40 40
is_linear=0
shrinkage=0.05


Tree=117
num_leaves=25
num_cat=0
split_feature=1 0 1 4 1 4 2 2 2 2 1 3 2 2 1 2 1 4 2 2 2 2 3 4
split_gain=20.7693 50.4571 57.106 62.9749 38.9308 28.8784 46.7834 18.3079 21.2819 18.1553 16.9676 26.2155 22.0342 21.2751 14.3001 19.5632 20.5746 35.4359 13.5515 12.4702 24.341 12.5413 26.8752 1.60451
threshold=4.5000000000000009 1.0000000180025095e-35 5.5000000000000009 70.37534102925234 6.5000000000000009 110.80865896370106 87.027262753816288 17.259531184192323 11.225589377277759 62.720964277466315 8.5000000000000018 1.5000000000000002 38.854903527318207 29.605470158220275 2.5000000000000004 84.127229550054906 3.5000000000000004 67.413379462440972 24.605974009264184 41.210009066511297 56.443635685492573 72.666811359776844 2.5000000000000004 66.694503227922141
decision_type=2 2 2 2 2 2 2 2 2 2 2 2 2 2 2 2 2 2 2 2 2 2 2 2
left_child=7 2 3 -2 9 6 10 8 -1 -4 12 -12 18 -13 19 16 17 -16 -6 -9 -21 -22 -23 -14
right_child=1 -3 4 -5 5 -7 -8 14 -10 -11 11 13 23 -15 15 -17 -18 -19 -20 20 21 22 -24 -25
leaf_value=-0.0051996544003486637 0.11517834666630496 0.074150764942169198 -0.068831823432239994 0.0025901655632036705 0.027836725683439346 0.062828268932353243 -0.065656085684895518 0.034063146863546633 -0.071448701857165856 -0.010041537446280321 -0.037697150950369081 -0.023263192886397954 0.061958109512925158 0.040745431579211178 -0.060619413147547423 -0.057684195177121603 0.029030061847177047 0.026520764976739886 -0.029671729356050492 -0.044344081295033297 0.037394130101893096 0.032692973922800135 -0.038529268931597471 0.041929945396259431
leaf_weight=27 23 29 29 27 21 20 24 36 22 24 38 21 20 34 28 22 29 20 20 24 32 27 26 20
leaf_count=27 23 29 29 27 21 20 24 36 22 24 38 21 20 34 28 22 29 20 20 24 32 27 26 20
internal_value=0.00276755 0.0109895 0.00528336 0.0543807 -0.00377519 0.005569 -0.00021476 -0.0070539 -0.0349441 -0.0422098 0.00881163 -0.00575994 0.0255419 0.0163058 -0.001453 -0.0161021 -0.00422151 -0.024311 -0.000216179 0.00854881 0.000122051 0.0126772 -0.00224624 0.051944
internal_weight=643 350 321 50 271 218 198 293 49 53 174 93 81 55 244 99 77 48 41 145 109 85 53 40
internal_count=643 350 321 50 271 218 198 293 49 53 174 93 81 55 244 99 77 48 41 145 109 85 53 40
is_linear=0
shrinkage=0.05


Tree=118
num_leaves=24
num_cat=0
split_feature=4 4 2 4 4 3 2 4 3 4 2 2 4 4 1 4 4 2 3 3 1 4 3
split_gain=20.589 19.5808 32.3888 31.9166 25.7279 23.1729 15.4358 33.6293 37.9167 29.8232 27.9181 28.9475 36.0518 26.1556 25.4618 22.4575 11.3056 10.4862 23.0059 12.3016 23.2247 9.17354 7.92418
threshold=19.011521444387057 38.169929626434637 5.8654948456381986 33.525026481673187 28.967390611155654 3.5000000000000004 95.173485436394415 72.305263687084462 4.5000000000000009 67.413379462440972 83.944693235193313 63.206649586084403 48.749967001345006 80.95124775926152 8.5000000000000018 42.713113300666897 105.70301366438535 44.730705003889057 2.5000000000000004 1.5000000000000002 5.5000000000000009 56.930287477101864 1.5000000000000002
decision_type=2 2 2 2 2 2 2 2 2 2 2 2 2 2 2 2 2 2 2 2 2 2 2
left_child=-1 3 -3 4 5 22 7 9 13 10 11 12 15 -9 17 -4 -10 18 -15 -19 -21 -14 -2
right_child=1 2 6 -5 -6 -7 -8 8 16 -11 -12 -13 21 14 -16 -17 -18 19 -20 20 -22 -23 -24
leaf_value=-0.046063918939658575 0.024876469150185584 -0.056625422975048426 -0.0070576800405979167 0.068293761924423033 -0.036308165701727076 -0.017730365995140301 0.038916285562195951 0.059959561633212227 -0.0060102899745106703 -0.065045110824016428 -0.058582329960620932 0.044429913237690931 0.029699840702648674 -0.0055476590402816477 0.050100688153022044 -0.078796805410335458 -0.059174159280955797 0.021517861441959843 0.055490430645071545 0.0040444587273762008 -0.059305209828459694 -0.0067662829314084618 0.069385399222373967
leaf_weight=21 20 24 20 29 24 21 28 35 20 26 23 30 35 38 37 24 20 26 26 39 23 34 20
leaf_count=21 20 24 20 29 24 21 28 35 20 26 23 30 35 38 37 24 20 26 26 39 23 34 20
internal_value=0.00262918 0.00427316 7.06307e-05 0.0230002 0.0075471 0.0248016 0.00288201 0.000669374 0.012249 -0.0152526 -0.00745381 0.000769659 -0.0108216 0.0202564 0.0129039 -0.0461881 -0.0325922 0.00384946 0.0192491 -0.00735024 -0.0194562 0.011731 0.0471309
internal_weight=643 622 508 114 85 61 484 456 264 192 166 143 113 224 189 44 40 152 64 88 62 69 40
internal_count=643 622 508 114 85 61 484 456 264 192 166 143 113 224 189 44 40 152 64 88 62 69 40
is_linear=0
shrinkage=0.05


Tree=119
num_leaves=24
num_cat=0
split_feature=4 4 2 4 2 2 2 4 3 4 4 2 4 4 3 4 4 4 1 1 1 2 2
split_gain=18.5815 17.6717 29.7934 37.1463 29.2309 16.29 13.9308 30.4342 34.4511 26.3119 24.4779 25.1961 26.1613 20.5265 20.0621 32.8954 26.4716 28.9985 12.6306 11.6453 11.0922 11.0534 10.4372
threshold=19.011521444387057 38.169929626434637 72.666811359776844 33.153889474437186 5.8654948456381986 26.985689383203972 95.173485436394415 72.835507781346379 4.5000000000000009 77.63766859057931 67.413379462440972 83.944693235193313 60.218586278905846 110.37166264723588 2.5000000000000004 91.020320093776277 90.417407009556328 100.58943773434827 7.5000000000000009 5.5000000000000009 4.5000000000000009 35.104784519467067 54.053477867504206
decision_type=2 2 2 2 2 2 2 2 2 2 2 2 2 2 2 2 2 2 2 2 2 2 2
left_child=-1 2 3 5 -3 -2 7 10 9 -9 11 12 18 14 16 -16 -11 -18 19 21 -17 -6 -10
right_child=1 4 -4 -5 6 -7 -8 8 22 13 -12 -13 -14 -15 15 20 17 -19 -20 -21 -22 -23 -24
leaf_value=-0.043760722086188343 -0.013138329219073059 -0.053794151571734498 -0.016552123853138517 0.09236273482117964 -0.033905660318067445 0.041108426648650262 0.036970468730266604 0.072702044816244218 -0.056503248438239097 -0.04422983546905658 -0.057619960340006021 -0.055653213936349623 0.043133058630186939 0.04593959227204323 0.076931718161160303 0.030082650255644695 0.049420587228680098 -0.020449981838464738 0.015473803176599391 -0.05288058633783034 -0.019874703466892244 0.0096857460497906719 -0.0054219779145205397
leaf_weight=21 25 24 35 23 26 31 28 21 20 34 28 23 29 40 22 20 27 33 34 21 25 33 20
leaf_count=21 25 24 35 23 26 31 28 21 20 34 28 23 29 40 22 20 27 33 34 21 25 33 20
internal_value=0.00249772 0.0040595 0.0218502 0.0388639 6.70988e-05 0.0168911 0.0027379 0.000635905 0.0117511 0.0194473 -0.0143754 -0.00708112 0.000731176 0.0138834 0.0059191 0.0268251 -0.008982 0.0109918 -0.0100553 -0.0209051 0.00232856 -0.00952403 -0.0309626
internal_weight=643 622 114 79 508 56 484 456 262 222 194 166 143 201 161 67 94 60 114 80 45 59 40
internal_count=643 622 114 79 508 56 484 456 262 222 194 166 143 201 161 67 94 60 114 80 45 59 40
is_linear=0
shrinkage=0.05


Tree=120
num_leaves=25
num_cat=0
split_feature=4 2 2 2 4 1 1 2 4 3 2 1 4 1 3 2 2 2 3 2 1 1 4 2
split_gain=38.6799 34.4283 73.195 31.7937 31.9662 83.9884 45.5117 31.6657 60.1418 38.8626 27.0809 40.2525 30.6525 26.9688 25.1538 37.4506 26.8168 14.2539 13.4991 16.5763 13.4163 22.1283 10.2835 6.74112
threshold=115.52260359661635 81.578188175571071 72.666811359776844 4.2177885158515291 72.305263687084462 8.5000000000000018 2.5000000000000004 94.508251766134592 97.405748601613269 1.5000000000000002 12.594375796224558 3.5000000000000004 50.498929597734495 5.5000000000000009 4.5000000000000009 14.481551752099142 62.720964277466315 46.862462576298498 3.5000000000000004 39.102697286328386 2.5000000000000004 4.5000000000000009 30.626621042796064 31.834308673614835
decision_type=2 2 2 2 2 2 2 2 2 2 2 2 2 2 2 2 2 2 2 2 2 2 2 2
left_child=1 2 3 -1 6 14 22 8 9 -3 -8 -12 18 -4 15 -6 20 -14 19 -13 -17 -22 -5 -23
right_child=-2 7 13 4 5 -7 10 -9 -10 -11 11 12 17 -15 -16 16 -18 -19 -20 -21 21 23 -24 -25
leaf_value=0.063922962608436745 -0.048553244862705472 0.07765466028993781 -0.022264451671036939 0.061583860591053967 0.075211690422147523 0.087845954198289569 -0.06953025861926701 -0.0078031603904331441 0.12488673929125071 -0.0058495471450059041 -0.065208586828847379 -0.032183181270956998 -0.0076703358561761919 -0.10339198637753727 -0.044404998907576439 -0.041512755146966535 0.052765467390418055 -0.059620724067739821 0.046833301388791632 0.024589838599786164 0.044429756142199045 -0.040509435236454013 0.01663978671388967 0.00054271470988169316
leaf_weight=24 32 22 21 20 20 37 23 34 20 38 29 20 31 20 23 26 20 23 28 36 20 20 35 20
leaf_count=24 32 22 21 20 20 37 23 34 20 38 29 20 31 20 23 26 20 23 28 36 20 20 35 20
internal_value=0.00503073 0.00784169 0.00214695 0.0079127 0.0047938 0.0204218 -0.00707073 0.0326188 0.0497982 0.0247687 -0.0186653 -0.0116599 -0.000406913 -0.0618389 0.00367891 0.0124561 0.000615457 -0.0297974 0.0184869 0.00431376 -0.0115125 0.00148768 0.0329831 -0.0199834
internal_weight=642 610 496 455 431 186 245 114 80 60 190 167 138 41 149 126 106 54 84 56 86 60 55 40
internal_count=642 610 496 455 431 186 245 114 80 60 190 167 138 41 149 126 106 54 84 56 86 60 55 40
is_linear=0
shrinkage=0.05


Tree=121
num_leaves=25
num_cat=0
split_feature=4 2 2 2 4 1 1 2 4 3 2 1 4 1 3 2 2 2 3 2 1 1 4 4
split_gain=34.9086 31.0715 66.0585 28.6938 28.8495 75.7995 41.0743 28.5783 54.278 35.0735 24.4405 36.3279 27.6639 24.3394 22.7013 33.7992 24.2021 12.8641 12.1829 14.9601 12.1082 19.9708 9.28084 6.7666
threshold=115.52260359661635 81.578188175571071 72.666811359776844 4.2177885158515291 72.305263687084462 8.5000000000000018 2.5000000000000004 94.508251766134592 97.405748601613269 1.5000000000000002 12.594375796224558 3.5000000000000004 50.498929597734495 5.5000000000000009 4.5000000000000009 14.481551752099142 62.720964277466315 46.862462576298498 3.5000000000000004 39.102697286328386 2.5000000000000004 4.5000000000000009 30.626621042796064 98.144419052191225
decision_type=2 2 2 2 2 2 2 2 2 2 2 2 2 2 2 2 2 2 2 2 2 2 2 2
left_child=1 2 3 -1 6 14 22 8 9 -3 -8 -12 18 -4 15 -6 20 -14 19 -13 -17 -22 -5 -23
right_child=-2 7 13 4 5 -7 10 -9 -10 -11 11 12 17 -15 -16 16 -18 -19 -20 -21 21 23 -24 -25
leaf_value=0.060726813847819965 -0.046125581709202383 0.073771928928115155 -0.021151227921724233 0.058504666909575467 0.071451106499880554 0.083453657860691491 -0.066053746705469873 -0.007413001270855174 0.11864240027964115 -0.0055570684667480622 -0.061948156899547781 -0.030574022717773916 -0.0072868198877380748 -0.098222388699650776 -0.042184749051280647 -0.039437116535667047 0.050127194616943593 -0.056639685838118847 0.044491636806300715 0.023360345983463857 0.042208267748355871 -0.039549027341417971 0.015807797203638726 0.0015806459635496141
leaf_weight=24 32 22 21 20 20 37 23 34 20 38 29 20 31 20 23 26 20 23 28 36 20 20 35 20
leaf_count=24 32 22 21 20 20 37 23 34 20 38 29 20 31 20 23 26 20 23 28 36 20 20 35 20
internal_value=0.00477919 0.00744961 0.0020396 0.00751707 0.00455411 0.0194007 -0.0067172 0.0309879 0.0473083 0.0235302 -0.017732 -0.0110769 -0.000386568 -0.0587469 0.00349496 0.0118333 0.000584685 -0.0283075 0.0175626 0.00409807 -0.0109368 0.0014133 0.0313339 -0.0189842
internal_weight=642 610 496 455 431 186 245 114 80 60 190 167 138 41 149 126 106 54 84 56 86 60 55 40
internal_count=642 610 496 455 431 186 245 114 80 60 190 167 138 41 149 126 106 54 84 56 86 60 55 40
is_linear=0
shrinkage=0.05


Tree=122
num_leaves=24
num_cat=0
split_feature=4 2 2 3 2 2 2 2 2 0 4 4 2 4 3 1 2 1 2 3 4 2 4
split_gain=31.505 28.0421 59.6178 26.3929 39.5198 43.9136 33.8663 41.2866 48.7671 36.0548 36.9471 39.4336 25.7919 48.9859 31.6538 21.9663 21.6393 37.7894 42.7105 19.9226 25.3249 15.4148 12.1741
threshold=115.52260359661635 81.578188175571071 72.666811359776844 4.5000000000000009 19.131485476827034 43.697138466324944 8.3376014351759462 65.331960151077951 60.72037319259703 1.0000000180025095e-35 40.884261455029382 24.492850020957547 94.508251766134592 97.405748601613269 1.5000000000000002 5.5000000000000009 42.672408488226516 6.5000000000000009 22.900590886048903 1.5000000000000002 68.05359673300056 52.700574438877716 68.146337857824321
decision_type=2 2 2 2 2 2 2 2 2 2 2 2 2 2 2 2 2 2 2 2 2 2 2
left_child=1 2 3 6 -5 -6 22 8 9 10 11 -8 13 14 -3 -4 17 19 -19 -12 -21 -18 -1
right_child=-2 12 15 4 5 -7 7 -9 -10 -11 16 -13 -14 -15 -16 -17 21 18 -20 20 -22 -23 -24
leaf_value=0.026347765028476716 -0.043819302902556957 0.070083332061767575 -0.020093665799746911 -0.078611595573879423 0.055412465960464702 -0.041445925146341323 0.020632343217730525 0.056932776058847848 -0.059531448956598378 0.06137373944792282 -0.048601422272622589 -0.067847745712189114 -0.0070423517157049741 0.11271028210408987 -0.0052792153958427278 -0.093311266824603084 0.059750283565936674 0.08301437756357094 -0.0046477977073553839 0.043359661176800735 -0.03147812463844625 0.0070863313575803962 0.080247593942013654
leaf_weight=20 32 22 21 21 22 25 20 37 30 28 36 34 34 20 38 20 33 24 33 20 26 24 22
leaf_count=20 32 22 21 21 22 25 20 37 30 28 36 34 34 20 38 20 33 24 33 20 26 24 22
internal_value=0.00454024 0.00707713 0.00193762 0.00714121 -0.021587 0.00389205 0.0121891 0.00702831 0.00103329 0.00756906 0.00154293 -0.0350773 0.0294385 0.0449429 0.0223537 -0.0558096 0.0116322 0.000993371 0.0322626 -0.0207426 0.00106004 0.037576 0.054581
internal_weight=642 610 496 455 68 47 387 345 308 278 250 54 114 80 60 41 196 139 57 82 46 57 42
internal_count=642 610 496 455 68 47 387 345 308 278 250 54 114 80 60 41 196 139 57 82 46 57 42
is_linear=0
shrinkage=0.05


Tree=123
num_leaves=27
num_cat=0
split_feature=4 2 2 2 4 2 3 4 1 4 4 1 1 3 2 2 2 2 2 2 2 1 1 4 2 1
split_gain=28.4333 25.308 53.8051 25.3451 28.5417 23.2772 45.4655 25.9634 19.8246 18.2009 24.3281 67.744 19.6575 19.2746 27.9647 20.5753 17.2234 51.3283 25.5197 27.7685 37.2012 10.5582 18.3012 5.92224 2.16215 1.47415
threshold=115.52260359661635 81.578188175571071 72.666811359776844 4.2177885158515291 20.090509126974343 94.508251766134592 1.5000000000000002 87.934726686380444 5.5000000000000009 26.330032386151519 72.305263687084462 8.5000000000000018 2.5000000000000004 4.5000000000000009 14.481551752099142 62.720964277466315 52.700574438877716 62.522243238298167 41.335204950233511 25.47055693714643 14.976782900188764 2.5000000000000004 4.5000000000000009 98.144419052191225 42.672408488226516 6.5000000000000009
decision_type=2 2 2 2 2 2 2 2 2 2 2 2 2 2 2 2 2 2 2 2 2 2 2 2 2 2
left_child=1 2 3 -1 -5 6 -3 -8 -4 -6 12 13 24 14 -12 21 18 -18 19 20 -14 -16 -23 -24 -11 -21
right_child=-2 5 8 4 9 -7 7 -9 -10 10 11 -13 16 -15 15 -17 17 -19 -20 25 -22 22 23 -25 -26 -27
leaf_value=0.056792663907011355 -0.041628335857421921 0.095506427740609204 -0.01908898512344985 -0.046782811587819689 0.053765105903148647 -0.006690233332269333 -0.012557481980184094 0.058991580491974241 -0.08864570319652558 0.033892144838517366 0.064719255450181673 0.078398090199491871 -0.035511662376423676 -0.039283732324838644 -0.036977890871751767 0.045938839036971331 -0.097887642805775013 0.014034421166870743 0.035029900819063188 -0.039335787519812586 0.054502402859824634 0.040220847688615328 -0.037596962200477722 0.00088109858334064486 0.011177210500463844 -0.058303183317184454
leaf_weight=24 32 27 21 26 20 34 32 21 20 22 20 37 24 23 26 20 21 20 29 20 22 20 20 20 20 21
leaf_count=24 32 27 21 26 20 34 32 21 20 22 20 37 24 23 26 20 21 20 29 20 22 20 20 20 20 21
internal_value=0.00431322 0.00672327 0.00184074 0.00678415 0.00399946 0.0279666 0.0426957 0.0157921 -0.0530191 0.00725955 0.00484368 0.0178443 -0.00730765 0.00280745 0.0104908 0.000258975 -0.0154356 -0.0432915 -0.00559002 -0.01913 0.00753854 -0.0103642 0.00116833 -0.0183579 0.0230755 -0.0490508
internal_weight=642 610 496 455 431 114 80 53 41 405 385 186 199 149 126 106 157 41 116 87 46 86 60 40 42 41
internal_count=642 610 496 455 431 114 80 53 41 405 385 186 199 149 126 106 157 41 116 87 46 86 60 40 42 41
is_linear=0
shrinkage=0.05


Tree=124
num_leaves=26
num_cat=0
split_feature=4 2 2 2 4 2 4 4 1 4 4 1 1 3 2 4 3 2 2 2 2 2 2 2 1
split_gain=25.661 22.8404 48.5591 22.8739 25.7589 21.0077 42.481 25.2594 17.8917 16.4264 21.9561 61.139 17.7409 17.3953 25.2381 20.111 36.9224 16.5314 15.5441 46.3238 23.0315 25.061 33.5741 1.95134 1.33042
threshold=115.52260359661635 81.578188175571071 72.666811359776844 4.2177885158515291 20.090509126974343 94.508251766134592 97.405748601613269 58.623216636687125 5.5000000000000009 26.330032386151519 72.305263687084462 8.5000000000000018 2.5000000000000004 4.5000000000000009 14.481551752099142 85.636937955698428 1.0000000180025095e-35 44.730705003889057 52.700574438877716 62.522243238298167 41.335204950233511 25.47055693714643 14.976782900188764 42.672408488226516 6.5000000000000009
decision_type=2 2 2 2 2 2 2 2 2 2 2 2 2 2 2 2 2 2 2 2 2 2 2 2 2
left_child=1 2 3 -1 -5 6 7 -3 -4 -6 12 13 23 14 -12 -16 -17 -18 20 -20 21 22 -14 -11 -23
right_child=-2 5 8 4 9 -7 -8 -9 -10 10 11 -13 18 -15 15 16 17 -19 19 -21 -22 24 -24 -25 -26
leaf_value=0.053953032071391738 -0.03954692033585161 0.049871557083679366 -0.018134533108345102 -0.044443671921124833 0.051076849587261677 -0.006355722862131455 0.10366875290870668 -0.015156802641493933 -0.084213420748710632 0.032197537408633667 0.061483293399214746 0.074478187570600096 -0.033736080241700016 -0.037319544848540553 0.034910147469490768 0.044878716804087164 -0.012411708516233109 -0.068036454611203889 -0.092993261594147919 0.013332700225291774 0.033278405974651204 -0.037368998005986219 0.051777281061830854 0.010618351912125946 -0.055388021043368756
leaf_weight=24 32 32 21 26 20 34 20 28 20 22 20 37 24 23 30 20 34 22 21 20 29 20 22 20 21
leaf_count=24 32 32 21 26 20 34 20 28 20 22 20 37 24 23 30 20 34 22 21 20 29 20 22 20 21
internal_value=0.00409756 0.00638711 0.0017487 0.00644495 0.00379948 0.0265682 0.0405609 0.019525 -0.0503681 0.00689658 0.0046015 0.0169521 -0.00694227 0.00266708 0.00996623 0.000246025 -0.0134372 -0.0342643 -0.0146639 -0.0411269 -0.00531052 -0.0181735 0.00716161 0.0219217 -0.0465983
internal_weight=642 610 496 455 431 114 80 60 41 405 385 186 199 149 126 106 76 56 157 41 116 87 46 42 41
internal_count=642 610 496 455 431 114 80 60 41 405 385 186 199 149 126 106 76 56 157 41 116 87 46 42 41
is_linear=0
shrinkage=0.05


Tree=125
num_leaves=24
num_cat=0
split_feature=4 0 4 2 4 4 3 4 3 4 4 2 2 2 4 4 4 2 2 2 2 4 4
split_gain=19.6609 28.9646 122.521 50.1066 48.2778 39.2349 34.0812 29.1948 33.9764 18.7889 31.5036 29.4092 17.7892 16.0421 16.1603 29.6431 22.7515 31.2862 22.5226 25.2396 15.8694 12.4617 21.6991
threshold=20.090509126974343 1.0000000180025095e-35 59.965509685479887 54.759375183430166 39.061425469253095 48.055974890801885 1.5000000000000002 46.612720368224004 1.5000000000000002 60.218586278905846 78.094312841466149 70.330877905019619 5.8654948456381986 12.594375796224558 88.871315571240615 80.595597755206413 66.392214876304635 35.508412870294862 28.163372335161363 37.261597666921837 24.279553230470551 112.30158163022804 102.35035222783536
decision_type=2 2 2 2 2 2 2 2 2 2 2 2 2 2 2 2 2 2 2 2 2 2 2
left_child=-1 3 -3 7 6 -6 -5 8 -2 -7 -11 -12 -9 -14 15 16 17 -15 -16 -20 -10 22 -13
right_child=1 2 -4 4 5 9 -8 12 20 10 11 21 13 14 18 -17 -18 -19 19 -21 -22 -23 -24
leaf_value=-0.038434208483405174 0.091389459219168537 0.12206815987980615 -0.027379244126495908 -0.10865805257450452 0.057604142810617182 -0.053943794650527149 -0.024821747218569123 -0.039337163689461628 0.053015116602182388 0.03141406129457449 -0.059256776060376853 0.0094905158039182425 0.041169454349625496 -0.060115557909011845 -0.013134220859834126 -0.065620741217280745 0.036176059431126041 0.016475263833999634 0.079584788633986714 0.010014872686588206 -0.0031144977711579382 0.027853718201037159 -0.055015616660768346
leaf_weight=31 22 24 32 22 21 26 27 22 20 38 35 32 31 24 35 20 31 30 22 32 34 22 22
leaf_count=31 22 24 32 22 21 26 27 22 20 38 35 32 31 24 35 20 31 30 22 32 34 22 22
internal_value=0.000431129 0.00236194 0.0366696 -0.00102051 -0.018072 -0.00697434 -0.0624625 0.0119133 0.0390129 -0.0147238 -0.00787999 -0.021332 0.00357493 0.00777077 0.00243387 -0.0108521 0.00203462 -0.0175651 0.0181084 0.0383582 0.0176742 -0.00386665 -0.0167898
internal_weight=655 624 56 568 245 196 49 323 76 175 149 111 247 225 194 105 85 54 89 54 54 76 54
internal_count=655 624 56 568 245 196 49 323 76 175 149 111 247 225 194 105 85 54 89 54 54 76 54
is_linear=0
shrinkage=0.05


Tree=126
num_leaves=25
num_cat=0
split_feature=4 0 4 2 4 4 3 2 4 3 3 3 4 1 2 2 4 4 2 4 4 4 2 4
split_gain=17.744 26.1406 110.575 45.2212 43.5707 35.4095 30.7583 26.6625 27.2624 29.4391 19.4948 17.2527 27.0284 18.0764 30.2097 22.2311 16.957 28.432 26.5418 15.707 11.2467 19.5834 9.70887 0.949935
threshold=20.090509126974343 1.0000000180025095e-35 59.965509685479887 54.759375183430166 39.061425469253095 48.055974890801885 1.5000000000000002 51.090419883160017 46.612720368224004 1.5000000000000002 3.5000000000000004 1.5000000000000002 97.405748601613269 4.5000000000000009 30.521992950090006 31.834308673614835 60.218586278905846 78.094312841466149 70.330877905019619 76.275483566703699 112.30158163022804 102.35035222783536 19.786111279129202 87.934726686380444
decision_type=2 2 2 2 2 2 2 2 2 2 2 2 2 2 2 2 2 2 2 2 2 2 2 2
left_child=-1 3 -3 7 6 -6 -5 8 9 -2 -11 12 19 15 22 23 -7 -18 -19 -10 21 -20 -15 -13
right_child=1 2 -4 4 5 16 -8 -9 11 10 -12 13 -14 14 -16 -17 17 18 20 -21 -22 -23 -24 -25
leaf_value=-0.036512497316805587 0.084203889362868822 0.11596475409945317 -0.026010280690388757 -0.10322515300729058 0.054723935538814189 -0.051246605784847188 -0.02358065953616191 0.065794601047500262 -0.01339600749991157 -0.023084630409166928 0.039727549279729525 0.05820651387884504 0.02937178132789476 -0.011951598546334676 0.035968428131725107 -0.0096372833320250116 0.029843357734774291 -0.05629393689866577 0.0090159895829856392 -0.064818539332460484 0.026461033091287722 -0.052264834804968401 -0.055621943091973658 0.043167401211602348
leaf_weight=31 21 24 32 22 21 26 27 21 33 21 30 21 21 35 28 24 38 35 32 27 22 22 20 21
leaf_count=31 21 24 32 22 21 26 27 21 33 21 30 21 21 35 28 24 38 35 32 27 22 22 20 21
internal_value=0.000409572 0.00224384 0.0348362 -0.000969485 -0.0171684 -0.00662562 -0.0593394 0.0113176 0.00752946 0.0343796 0.0138637 -0.000875795 -0.0194489 0.009221 -0.00630878 0.0287509 -0.0139876 -0.00748599 -0.0202654 -0.0365361 -0.00367332 -0.0159503 -0.0278317 0.050687
internal_weight=655 624 56 568 245 196 49 323 302 72 51 230 81 149 83 66 175 149 111 60 76 54 55 42
internal_count=655 624 56 568 245 196 49 323 302 72 51 230 81 149 83 66 175 149 111 60 76 54 55 42
is_linear=0
shrinkage=0.05


Tree=127
num_leaves=26
num_cat=0
split_feature=4 0 4 2 4 4 3 2 4 3 3 2 2 4 4 2 2 3 4 1 2 2 4 2 4
split_gain=16.0139 23.5919 99.794 40.8122 39.3226 31.9571 27.7593 24.0629 24.6043 26.5688 17.594 16.0521 23.5217 28.2799 25.8028 16.0763 21.2602 15.5705 24.3932 16.3139 27.2642 20.0635 14.1756 8.76225 0.857316
threshold=20.090509126974343 1.0000000180025095e-35 59.965509685479887 54.759375183430166 39.061425469253095 48.055974890801885 1.5000000000000002 51.090419883160017 46.612720368224004 1.5000000000000002 3.5000000000000004 93.178418583777116 66.951760903569067 91.020320093776277 63.092506070434204 86.559313637931183 78.648194560560214 1.5000000000000002 97.405748601613269 4.5000000000000009 30.521992950090006 31.834308673614835 76.275483566703699 19.786111279129202 87.934726686380444
decision_type=2 2 2 2 2 2 2 2 2 2 2 2 2 2 2 2 2 2 2 2 2 2 2 2 2
left_child=-1 3 -3 7 6 -6 -5 8 9 -2 -11 12 13 -7 -14 16 -16 18 22 21 23 24 -10 -21 -19
right_child=1 2 -4 4 5 11 -8 -9 17 10 -12 -13 14 -15 15 -17 -18 19 -20 20 -22 -23 -24 -25 -26
leaf_value=-0.03468687243519291 0.079993696501922049 0.11016651649648945 -0.024709767336025836 -0.098063893616199493 0.051987740220058531 0.054084379542618993 -0.022401627108316731 0.062504870089746659 -0.012726205880894806 -0.021930398543675744 0.037741171816984817 0.018723597435746343 -0.08422908982262016 -0.028991763719490599 -0.03208088511190213 -0.055304931600888577 0.029383413400501015 0.05529618830907912 0.027903193944976448 -0.011354019790887834 0.034170005803129504 -0.0091554174354920789 -0.06157761243154744 -0.052840844327583916 0.041009030881382171
leaf_weight=31 21 24 32 22 21 20 27 21 33 21 30 32 20 21 34 24 24 21 21 35 28 24 27 20 21
leaf_count=31 21 24 32 22 21 20 27 21 33 21 30 32 20 21 34 24 24 21 21 35 28 24 27 20 21
internal_value=0.000389094 0.00213165 0.0330944 -0.000921011 -0.01631 -0.00629434 -0.0563724 0.0107517 0.00715299 0.0326606 0.0131705 -0.0132882 -0.0204517 0.0115332 -0.0333083 -0.0208886 -0.00664738 -0.000832005 -0.0184765 0.00875995 -0.00599334 0.0273133 -0.0347093 -0.0264401 0.0481526
internal_weight=655 624 56 568 245 196 49 323 302 72 51 175 143 41 102 82 58 230 81 149 83 66 60 55 42
internal_count=655 624 56 568 245 196 49 323 302 72 51 175 143 41 102 82 58 230 81 149 83 66 60 55 42
is_linear=0
shrinkage=0.05


Tree=128
num_leaves=27
num_cat=0
split_feature=4 0 4 2 4 4 3 2 1 4 2 1 2 2 3 2 2 2 4 4 2 4 4 2 3 2
split_gain=14.4526 21.2916 90.0641 36.833 35.4886 28.8413 25.0528 21.7168 22.9253 26.6691 25.8284 22.0205 17.8392 24.4524 21.4639 14.51 14.487 21.2283 25.5226 23.287 14.5089 19.8769 11.4598 9.76503 6.90737 6.47526
threshold=20.090509126974343 1.0000000180025095e-35 59.965509685479887 54.759375183430166 39.061425469253095 48.055974890801885 1.5000000000000002 51.090419883160017 1.0000000180025095e-35 46.612720368224004 16.897834731185728 1.5000000000000002 8.8258383922702865 23.49653186157267 1.5000000000000002 30.858805868457843 93.178418583777116 66.951760903569067 91.020320093776277 63.092506070434204 86.559313637931183 107.84884565209977 80.595597755206413 41.734779388672344 3.5000000000000004 38.854903527318207
decision_type=2 2 2 2 2 2 2 2 2 2 2 2 2 2 2 2 2 2 2 2 2 2 2 2 2 2
left_child=-1 3 -3 7 6 -6 -5 8 -2 10 -10 -11 -13 22 25 -16 17 18 -7 -19 21 -21 -14 -17 -12 -15
right_child=1 2 -4 4 5 16 -8 -9 9 11 24 12 13 14 15 23 -18 19 -20 20 -22 -23 -24 -25 -26 -27
leaf_value=-0.032952528651202878 0.058524274677038191 0.10465818990487606 -0.023474277916830034 -0.093160701068964874 0.049388355229582105 0.051380161326378584 -0.021281545043543536 0.0593796268815086 0.076279144769623164 -0.05190253989851993 -0.0062551327116255251 -0.0361691955348541 0.056531181600358749 -0.053901979631998324 -0.023734968490898609 0.053216099701821812 0.017787418169609739 -0.080017635715194046 -0.027542175210657573 -0.028366561541082087 -0.052539685120185226 0.032537713096964925 0.011265317324934335 0.0043987578579357698 0.031679481267929077 -0.015085894463672526
leaf_weight=31 20 24 32 22 21 20 27 21 21 23 28 29 27 22 20 20 32 20 21 37 24 21 29 21 21 21
leaf_count=31 20 24 32 22 21 20 27 21 21 23 28 29 27 22 20 20 32 20 21 37 24 21 29 21 21 21
internal_value=0.00036964 0.00202507 0.0314396 -0.00087496 -0.0154945 -0.00597962 -0.0535538 0.0102141 0.00679534 0.00312662 0.0298855 -0.00570887 -8.74146e-05 0.00645241 -0.00789087 0.0111803 -0.0126238 -0.0194291 0.0109565 -0.0316429 -0.0198442 -0.00631501 0.0330899 0.0282121 0.0100026 -0.0349453
internal_weight=655 624 56 568 245 196 49 323 302 282 70 212 189 160 104 61 175 143 41 102 82 58 56 41 49 43
internal_count=655 624 56 568 245 196 49 323 302 282 70 212 189 160 104 61 175 143 41 102 82 58 56 41 49 43
is_linear=0
shrinkage=0.05


Tree=129
num_leaves=26
num_cat=0
split_feature=4 0 4 2 4 4 3 4 3 2 2 4 2 2 4 1 4 2 2 2 4 4 3 1 2
split_gain=13.0434 19.2157 81.2828 33.2418 32.0285 26.0293 22.6102 19.6559 25.7564 15.0591 14.8081 13.7175 17.9354 26.1481 17.4068 20.7191 32.7888 13.4683 13.0745 19.1586 23.0342 21.0165 13.4145 9.14075 9.11264
threshold=20.090509126974343 1.0000000180025095e-35 59.965509685479887 54.759375183430166 39.061425469253095 48.055974890801885 1.5000000000000002 46.612720368224004 1.5000000000000002 5.8654948456381986 12.594375796224558 88.637352774771131 28.163372335161363 37.261597666921837 80.269785847446443 4.5000000000000009 64.353449915299549 24.279553230470551 93.178418583777116 66.951760903569067 91.020320093776277 63.092506070434204 2.5000000000000004 5.5000000000000009 80.454208666473235
decision_type=2 2 2 2 2 2 2 2 2 2 2 2 2 2 2 2 2 2 2 2 2 2 2 2 2
left_child=-1 3 -3 7 6 -6 -5 8 -2 -9 -11 14 -13 -14 15 -12 -17 -10 19 20 -7 -21 23 -23 -24
right_child=1 2 -4 4 5 18 -8 9 17 10 11 12 13 -15 -16 16 -18 -19 -20 21 -22 22 24 -25 -26
leaf_value=-0.03130490217478045 0.077542236832563172 0.099425279085213938 -0.022300565789919347 -0.088502663509412258 0.046918935009411411 0.048811153508722782 -0.020217468672328529 -0.036620617793364958 0.045918198525905611 0.038810516461249327 -0.026385801942087714 -0.012093383531485286 0.075915919464420195 0.0055434423301256065 -0.051440808602741785 -0.017104980867841971 0.07043132916092873 -0.0057910861118751419 0.016898049734300005 -0.0760167550481856 -0.026165066801366356 -0.023580456022173166 -0.063439617063850165 0.023124101080677726 -0.015709541738033295
leaf_weight=31 22 24 32 22 21 20 27 22 20 31 40 35 22 33 21 23 20 34 32 20 21 20 20 22 20
leaf_count=31 22 24 32 22 21 20 27 22 20 31 40 35 22 33 21 23 20 34 32 20 21 20 20 22 20
internal_value=0.000351157 0.00192381 0.0298677 -0.000831212 -0.0147197 -0.00568064 -0.0508761 0.00970343 0.0319394 0.00286158 0.00672206 0.00159453 0.0158868 0.0336924 -0.0107738 -0.000484579 0.0236096 0.0133605 -0.0119926 -0.0184576 0.0104087 -0.0300608 -0.018852 0.000883836 -0.0395746
internal_weight=655 624 56 568 245 196 49 323 76 247 225 194 90 55 104 83 43 54 175 143 41 102 82 42 40
internal_count=655 624 56 568 245 196 49 323 76 247 225 194 90 55 104 83 43 54 175 143 41 102 82 42 40
is_linear=0
shrinkage=0.05


Tree=130
num_leaves=27
num_cat=0
split_feature=2 4 4 4 2 4 4 2 2 2 2 4 4 2 4 3 4 4 4 4 1 1 1 2 2 4
split_gain=34.4978 88.3141 54.3995 32.6692 54.4435 27.3701 30.0455 29.1574 30.0925 23.4409 19.607 27.3501 73.8524 25.831 18.4942 14.9945 16.5243 18.6753 15.3877 19.3741 11.9219 10.9363 9.88703 8.02155 5.94014 3.68063
threshold=38.854903527318207 20.569464943661039 23.271265977514471 30.626621042796064 32.98922090328805 111.57236621888126 36.895817868125022 70.976092386706355 83.944693235193313 95.311636850023575 60.72037319259703 72.305263687084462 57.926355046149283 51.090419883160017 87.655267353665138 4.5000000000000009 106.63340548375518 44.289523338559484 55.224570756319338 85.636937955698428 5.5000000000000009 4.5000000000000009 5.5000000000000009 72.614489218616811 77.322825721987002 94.478628721586404
decision_type=2 2 2 2 2 2 2 2 2 2 2 2 2 2 2 2 2 2 2 2 2 2 2 2 2 2
left_child=2 -2 -1 -4 15 6 21 10 24 14 11 12 -8 -13 -10 16 17 -5 -19 22 -12 -3 -20 -7 -9 -21
right_child=1 5 3 4 -6 23 7 8 9 -11 20 13 -14 -15 -16 -17 -18 18 19 25 -22 -23 -24 -25 -26 -27
leaf_value=-0.091988752931356443 0.10802003494040534 -0.0047219988675071649 0.053401683270931248 0.042779632247984416 -0.073334908172968893 -0.010968810878694057 0.038756245861370719 0.047349231452681127 -0.024990363348501202 0.062212438657879836 -0.0028115992744763693 0.0045548483442801697 -0.07949466556310654 0.075736664682626728 0.032694560879220562 -0.035821543261408809 0.046356291025877003 -0.046206036793149038 0.034781231290167747 -0.042990030664950607 -0.055081186704337592 -0.052621169252829114 -0.005340566645775523 -0.055214041653310966 0.084244793156782793 -0.013019246111313502
leaf_weight=20 22 26 21 20 31 20 31 20 33 20 24 26 23 25 24 28 20 23 34 20 20 22 28 21 24 21
leaf_count=20 22 26 21 20 31 20 31 20 33 20 24 26 23 25 24 28 20 23 34 20 20 22 28 21 24 21
internal_value=0.00113 0.010777 -0.0126877 -0.00624044 -0.011807 0.00481781 0.00977505 0.0162552 0.0344884 0.0156394 0.00144837 0.0131896 -0.0116099 0.0394479 -0.000701974 -0.00197527 0.00373374 -0.00210497 -0.00922951 -0.00097261 -0.0265705 -0.0266758 0.0166617 -0.033631 0.0674741 -0.0276391
internal_weight=647 381 266 246 225 359 318 270 121 77 149 105 54 51 57 194 166 146 126 103 44 48 62 41 44 41
internal_count=647 381 266 246 225 359 318 270 121 77 149 105 54 51 57 194 166 146 126 103 44 48 62 41 44 41
is_linear=0
shrinkage=0.05


Tree=131
num_leaves=26
num_cat=0
split_feature=2 4 4 4 2 4 4 3 3 4 1 1 3 4 3 4 4 2 2 4 4 1 2 2 4
split_gain=31.1343 79.7035 49.0955 29.4839 49.1353 24.7016 27.1161 27.0291 30.074 28.1593 18.36 24.2028 20.9527 14.1004 13.5326 14.9132 16.9668 14.073 19.1258 31.1679 16.0342 9.87002 9.12123 7.23945 4.46411
threshold=38.854903527318207 20.569464943661039 23.271265977514471 30.626621042796064 32.98922090328805 111.57236621888126 36.895817868125022 1.0000000180025095e-35 1.5000000000000002 48.055974890801885 8.5000000000000018 3.5000000000000004 3.5000000000000004 64.918370485553154 4.5000000000000009 106.63340548375518 46.612720368224004 24.849901475591537 12.594375796224558 76.207937804395542 80.595597755206413 4.5000000000000009 57.118920768949501 72.614489218616811 96.271423542087916
decision_type=2 2 2 2 2 2 2 2 2 2 2 2 2 2 2 2 2 2 2 2 2 2 2 2 2
left_child=2 -2 -1 -4 14 6 21 22 -9 -10 11 12 -11 -13 15 16 -5 18 19 -18 -20 -3 -8 -7 -15
right_child=1 5 3 4 -6 23 7 8 9 10 -12 13 -14 24 -16 -17 17 -19 20 -21 -22 -23 -24 -25 -26
leaf_value=-0.087389313355088247 0.10261903421275996 -0.0044858998260818997 0.050731599685691658 0.035498994722962383 -0.069668163142858008 -0.010420371182262897 0.022390999254726231 -0.034748726252998623 0.064034586356809517 0.047714391712927157 0.047145256578922275 0.014916738737374544 -0.009955534817917007 -0.022165629294301784 -0.034030463546514511 0.044038478285074234 -0.034587325714528563 0.019950849649806819 -0.0093447254970669743 0.048039915306227553 -0.069408786069601769 -0.049990110912106256 0.065069383166490066 -0.052453340217471126 -0.053094487488269809
leaf_weight=20 22 26 21 25 31 20 21 35 26 36 25 20 28 28 28 20 25 30 20 21 25 22 31 21 20
leaf_count=20 22 26 21 25 31 20 21 35 26 36 25 20 28 28 28 20 25 30 20 21 25 22 31 21 20
internal_value=0.0010735 0.0102381 -0.0120533 -0.00592842 -0.0112167 0.00457692 0.00928629 0.0154424 0.00771604 0.0158377 0.00785606 0.000414928 0.0224838 -0.0203558 -0.00187651 0.00354705 -0.00199972 -0.00974739 -0.019538 0.00313381 -0.0427136 -0.025342 0.0478339 -0.0319495 -0.0350527
internal_weight=647 381 266 246 225 359 318 270 218 183 157 132 64 68 194 166 146 121 91 46 45 48 52 41 48
internal_count=647 381 266 246 225 359 318 270 218 183 157 132 64 68 194 166 146 121 91 46 45 48 52 41 48
is_linear=0
shrinkage=0.05


Tree=132
num_leaves=25
num_cat=0
split_feature=4 2 4 4 2 2 3 3 2 4 2 2 4 2 2 1 1 4 1 2 2 2 4 4
split_gain=28.5687 34.4707 64.5495 46.5705 25.5385 40.6349 34.9582 53.6793 26.0654 24.6714 32.1037 24.199 25.5373 29.6148 22.0791 20.5647 15.422 25.4565 21.6587 15.304 12.307 12.0034 21.6211 0.0363698
threshold=111.57236621888126 38.229199388759362 20.569464943661039 23.271265977514471 74.952212857361573 83.944693235193313 1.0000000180025095e-35 1.5000000000000002 95.311636850023575 30.626621042796064 32.98922090328805 44.730705003889057 72.305263687084462 55.683659238934645 90.485854190374511 6.5000000000000009 8.5000000000000018 103.37828229658808 1.5000000000000002 26.985689383203972 60.177957561396774 11.789816386179437 53.10096903003442 68.05359673300056
decision_type=2 2 2 2 2 2 2 2 2 2 2 2 2 2 2 2 2 2 2 2 2 2 2 2
left_child=1 3 -3 -1 6 -6 23 -8 14 -5 16 -9 13 -13 -7 -2 17 18 -11 21 -14 -20 -23 -4
right_child=15 2 4 9 5 8 7 11 -10 10 -12 12 20 -15 -16 -17 -18 -19 19 -21 -22 22 -24 -25
leaf_value=-0.083019848167896274 -0.054910926802738291 0.097488083148544485 0.037823054436594256 0.048195020925431029 0.071430033424662226 0.018264258673062195 -0.077164072474395787 0.044544205859303479 0.055505008724602789 -0.043552250959552258 -0.059517911835401151 -0.080795441514679378 0.045424432754516603 -0.0038937522038336725 -0.040004100432169849 0.0061332943933931272 -0.033736519503096744 0.056579941724027909 -0.0061765434051101863 -0.031646728422492741 -0.0048832751810550697 -0.0071606934443116197 0.060415342167533685 0.040838422402739528
leaf_weight=20 37 22 20 21 36 37 27 25 22 26 27 21 20 31 29 22 30 21 33 20 31 20 29 20
leaf_count=20 37 22 20 21 36 37 27 25 22 26 27 21 20 31 29 22 30 21 33 20 31 20 29 20
internal_value=0.00101983 0.00434796 0.0146513 -0.00987648 0.00893841 0.0266794 -0.00234307 -0.0130976 0.00837237 -0.00343213 -0.00869509 0.000416419 -0.0102942 -0.0349502 -0.00733851 -0.0321487 -0.00102908 0.00555631 -0.00281475 0.00756932 0.0148452 0.0171342 0.0328333 0.0393307
internal_weight=647 588 341 247 319 124 195 155 88 227 206 128 103 52 66 59 179 149 128 102 51 82 49 40
internal_count=647 588 341 247 319 124 195 155 88 227 206 128 103 52 66 59 179 149 128 102 51 82 49 40
is_linear=0
shrinkage=0.05


Tree=133
num_leaves=26
num_cat=0
split_feature=4 2 4 4 4 2 4 4 2 1 2 4 4 2 2 2 4 1 4 4 4 4 3 1 1
split_gain=25.7833 31.1098 58.2559 42.0299 24.4475 23.4009 30.211 22.266 28.9736 18.5596 17.4407 22.4229 68.4707 22.199 15.2269 28.2465 35.3185 13.9184 22.9745 19.9691 50.1124 15.6977 19.9248 11.235 8.83004
threshold=111.57236621888126 38.229199388759362 20.569464943661039 23.271265977514471 36.895817868125022 70.976092386706355 102.35035222783536 30.626621042796064 32.98922090328805 6.5000000000000009 60.72037319259703 72.305263687084462 57.926355046149283 51.090419883160017 93.787216909145727 80.612471591314474 76.275483566703699 8.5000000000000018 103.37828229658808 86.913750580069703 72.305263687084462 56.261954944522266 1.5000000000000002 5.5000000000000009 4.5000000000000009
decision_type=2 2 2 2 2 2 2 2 2 2 2 2 2 2 2 2 2 2 2 2 2 2 2 2 2
left_child=1 3 -3 -1 24 10 14 -5 17 -2 11 12 -6 -13 15 -7 -17 18 19 20 21 22 -9 -12 -4
right_child=9 2 4 7 5 6 -8 8 -10 -11 23 13 -14 -15 -16 16 -18 -19 -20 -21 -22 -23 -24 -25 -26
leaf_value=-0.078868854939937602 -0.052165379355082642 0.092613676867701791 -0.0046711489056738527 0.045785267118896758 0.037257285288069396 0.071722807390270413 -0.025468448400497435 -0.033493230598313467 -0.056542014420308456 0.0058266289532184603 -0.002277615270577371 0.0036394943984655232 -0.075843320463014688 0.069627584517002114 0.075642962753772747 -0.027220756766097299 0.059147719740867612 -0.032049692720174792 0.053750944634278625 -0.039996061234601907 0.064534507638641769 -0.046307684227824213 0.03198845240359123 -0.05301905719563365 -0.047711325064301494
leaf_weight=20 37 22 26 21 32 27 20 21 27 22 24 26 23 25 25 29 20 30 21 28 28 25 26 20 22
leaf_count=20 37 22 26 21 32 27 20 21 27 22 24 26 23 25 25 29 20 30 21 28 28 25 26 20 22
internal_value=0.000968834 0.00413056 0.0139187 -0.00938265 0.00849148 0.0143169 0.0306758 -0.00326052 -0.00826034 -0.0305412 0.00112073 0.0121052 -0.0100393 0.0359866 0.0417935 0.0306588 0.00803168 -0.000977624 0.0052785 -0.00267401 0.00777616 -0.0142965 0.00273068 -0.0253419 -0.0243979
internal_weight=647 588 341 247 319 271 121 227 206 59 150 106 55 51 101 76 49 179 149 128 100 72 47 44 48
internal_count=647 588 341 247 319 271 121 227 206 59 150 106 55 51 101 76 49 179 149 128 100 72 47 44 48
is_linear=0
shrinkage=0.05


Tree=134
num_leaves=24
num_cat=0
split_feature=4 2 4 2 4 4 2 0 4 4 4 4 4 4 4 3 3 4 4 2 1 3 4
split_gain=23.2694 28.4054 59.7034 48.8047 29.7237 26.1133 26.0245 23.977 40.1812 17.5702 16.8984 27.4457 15.8232 12.9196 36.8666 18.6139 22.8112 29.6282 37.208 22.3649 19.077 16.0467 15.2973
threshold=111.57236621888126 24.849901475591537 22.072600602720666 13.808065108256802 35.881489737053279 79.925771667704566 4.0438129516109766 1.0000000180025095e-35 36.895817868125022 114.5905168931025 76.207937804395542 47.618285055359927 30.021423801676985 97.486208209961475 104.85960509900009 1.5000000000000002 3.5000000000000004 76.952205787060493 57.926355046149283 78.001616482965645 8.5000000000000018 1.0000000180025095e-35 57.926355046149283
decision_type=2 2 2 2 2 2 2 2 2 2 2 2 2 2 2 2 2 2 2 2 2 2 2
left_child=1 3 -3 6 -5 -6 -1 8 12 -2 11 -8 -4 15 -15 20 17 18 -17 22 21 -10 -18
right_child=9 2 7 4 5 -7 10 -9 13 -11 -12 -13 -14 14 -16 16 19 -19 -20 -21 -22 -23 -24
leaf_value=-0.036729949074132101 -0.065718238978158858 0.08129518550953696 -0.016236606438554103 -0.095416910201311114 0.012268964831645673 -0.056192657227317491 0.051509581655263904 0.042982001593097667 0.033013955109259661 -0.0087303521601777342 0.061768886058226884 -0.028577535729045457 -0.072448539450055069 -0.057202867590464085 0.020487912019362321 0.055658856953959918 0.013685192702257116 0.081340598265330008 -0.025751680612564089 0.04374854746072189 -0.039826362524871477 -0.021061099968526675 -0.042293778549020111
leaf_weight=21 21 28 31 20 26 30 20 39 34 38 23 23 21 26 37 32 23 30 25 23 27 23 26
leaf_count=21 21 28 31 20 26 30 20 39 34 38 23 23 21 26 37 32 23 30 25 23 27 23 26
internal_value=0.000920393 0.00392403 0.0107299 -0.0138212 -0.0430937 -0.0244069 0.0117502 0.00575296 0.00169729 -0.0290142 0.0271756 0.00867229 -0.0389376 0.00860256 -0.0115749 0.0138338 0.0238921 0.0411208 0.0199525 0.00307414 -0.00520527 0.0111942 -0.0160179
internal_weight=647 588 425 163 76 56 87 397 358 59 66 43 52 306 63 243 159 87 57 72 84 57 49
internal_count=647 588 425 163 76 56 87 397 358 59 66 43 52 306 63 243 159 87 57 72 84 57 49
is_linear=0
shrinkage=0.05


Tree=135
num_leaves=25
num_cat=0
split_feature=3 4 2 4 2 4 2 4 2 2 1 4 4 4 4 4 1 4 1 4 4 1 4 4
split_gain=30.1523 32.5855 55.2155 26.0641 26.1379 27.26 24.3334 22.3893 38.2396 25.7265 52.7586 35.9663 28.7274 30.3315 32.7217 42.8823 21.4065 18.5727 13.9985 12.3734 12.1782 11.0486 8.7603 0.00158434
threshold=1.0000000180025095e-35 23.271265977514471 61.800379505435046 39.061425469253095 43.054364808807684 78.094312841466149 8.1658582949169247 34.776710398481455 58.842005972692995 31.834308673614835 9.5000000000000018 114.5905168931025 107.26472121154058 80.269785847446443 64.353449915299549 56.442463843956567 8.5000000000000018 88.153546076476431 2.5000000000000004 100.10384186276035 55.224570756319338 4.5000000000000009 45.720545543866074 78.873172367243555
decision_type=2 2 2 2 2 2 2 2 2 2 2 2 2 2 2 2 2 2 2 2 2 2 2 2
left_child=3 2 -2 -1 -5 -6 23 8 -8 16 11 12 13 14 15 22 19 -15 -19 20 -9 -22 -11 -3
right_child=1 6 -4 4 5 -7 7 9 -10 10 -12 -13 -14 17 -16 -17 -18 18 -20 -21 21 -23 -24 -25
leaf_value=0.075089308172464383 -0.097277445221940678 -0.038166773132979871 0.015210566092282536 -0.021384204457151806 0.069848729559668796 0.0025547056513674123 -0.0047266300337818956 -0.014953020932152866 0.087234384734183545 -0.004367492441087961 -0.077547219123404773 0.059910404274151445 -0.065705348849296574 0.059781661362427733 -0.055850190898546807 0.051882223122649722 0.060584753255049389 0.037698302027725041 -0.014838525094091892 -0.027273154295980928 0.055242890336861222 0.0061875984411348004 -0.040002802610397341 -0.038796126171946527
leaf_weight=20 24 20 20 36 27 34 26 20 20 34 26 21 20 23 39 27 24 21 32 20 24 22 35 20
leaf_count=20 24 20 20 36 27 34 26 20 20 34 26 21 20 23 39 27 24 21 32 20 24 22 35 20
internal_value=0.000192049 -0.00498606 -0.0461465 0.0231174 0.0124015 0.0323406 -0.00116526 0.00227402 0.0352564 -0.00163626 -0.00973502 -0.00273853 -0.00843389 -0.00300531 -0.0172291 -0.0015393 0.0188315 0.0222607 0.00597795 0.00717945 0.0176196 0.0317817 -0.0224434 -0.0384814
internal_weight=635 518 44 117 97 61 474 434 46 388 278 252 231 211 135 96 110 76 53 86 66 46 69 40
internal_count=635 518 44 117 97 61 474 434 46 388 278 252 231 211 135 96 110 76 53 86 66 46 69 40
is_linear=0
shrinkage=0.05


Tree=136
num_leaves=23
num_cat=0
split_feature=3 4 2 4 4 4 2 0 4 4 4 4 4 1 2 1 2 4 2 2 2 2
split_gain=27.2124 29.4084 49.832 23.5228 25.2095 22.0937 36.8126 25.0131 21.61 29.657 14.4443 59.6573 53.0951 33.5982 36.5433 27.4913 29.9531 15.7829 9.86418 18.5423 22.3614 9.61538
threshold=1.0000000180025095e-35 23.271265977514471 61.800379505435046 39.061425469253095 63.86752382744546 34.776710398481455 58.842005972692995 1.0000000180025095e-35 85.095604044889214 99.657987394735073 76.952205787060493 82.601101732715662 69.774496367143371 9.5000000000000018 78.823363010840197 4.5000000000000009 29.938722125023769 51.814593121707048 17.259531184192323 31.834308673614835 51.090419883160017 71.373695203672426
decision_type=2 2 2 2 2 2 2 2 2 2 2 2 2 2 2 2 2 2 2 2 2 2
left_child=3 2 -2 -1 -5 6 -3 10 -6 -10 12 -12 15 14 18 17 -17 -7 -13 -20 -21 -18
right_child=1 5 -4 4 8 7 -8 -9 9 -11 11 13 -14 -15 -16 16 21 -19 19 20 -22 -23
leaf_value=0.071334839910268788 -0.092413572904964297 -0.0047017816329995793 0.014450037535279989 -0.030340563677824464 0.06580849082674832 -0.044102648621062855 0.08287266358733178 -0.045300577570285119 -0.038653227956965568 0.041678241557545133 0.080511594653129584 -0.034107440737662496 -0.064746718289884361 -0.061406764068773816 0.050054272015889495 0.063625331089964932 -0.016333455570480406 0.0027168326390286288 0.039024512826100644 -0.046923884696194101 0.01229993884728567 0.026697952513183867
leaf_weight=20 24 30 20 26 24 36 20 35 20 27 25 27 37 21 36 28 34 36 23 28 37 21
leaf_count=20 24 30 20 26 24 36 20 35 20 27 25 27 37 21 36 28 34 36 23 28 37 21
internal_value=0.000182445 -0.00473676 -0.0438392 0.0219615 0.0117814 -0.001107 0.030328 -0.00481395 0.0272064 0.00749464 -0.0011712 0.00834058 -0.0109307 -0.0021494 0.00609169 0.00191574 0.0215281 -0.0206929 -0.00767051 0.000440827 -0.0132119 9.67184e-05
internal_weight=635 518 44 117 97 474 50 424 71 47 389 197 192 172 151 155 83 72 115 88 65 55
internal_count=635 518 44 117 97 474 50 424 71 47 389 197 192 172 151 155 83 72 115 88 65 55
is_linear=0
shrinkage=0.05


Tree=137
num_leaves=25
num_cat=0
split_feature=3 4 2 2 4 4 2 4 2 2 1 4 4 4 4 4 1 4 1 4 4 1 4 4
split_gain=24.5592 26.5411 44.9734 21.44 21.2293 23.2538 43.628 18.0914 31.1384 21.7219 45.1285 31.7107 26.0426 25.051 28.6708 38.0257 18.6873 15.6792 12.8969 11.3192 10.805 10.4591 8.03486 0.0065331
threshold=1.0000000180025095e-35 23.271265977514471 61.800379505435046 8.1658582949169247 39.061425469253095 97.405748601613269 43.054364808807684 34.776710398481455 58.842005972692995 31.834308673614835 9.5000000000000018 114.5905168931025 107.26472121154058 80.269785847446443 64.353449915299549 56.442463843956567 8.5000000000000018 88.153546076476431 2.5000000000000004 100.10384186276035 55.224570756319338 4.5000000000000009 45.720545543866074 78.873172367243555
decision_type=2 2 2 2 2 2 2 2 2 2 2 2 2 2 2 2 2 2 2 2 2 2 2 2
left_child=4 2 -2 23 -1 6 -6 8 -5 16 11 12 13 14 15 22 19 -15 -19 20 -9 -22 -11 -3
right_child=1 3 -4 7 5 -7 -8 9 -10 10 -12 -13 -14 17 -16 -17 -18 18 -20 -21 21 -23 -24 -25
leaf_value=0.067768097817897804 -0.087792892691989755 -0.035440042354166507 0.01372753530740738 -0.0042552113389739627 -0.051503615967672445 0.046913240152981976 0.030404101966603383 -0.014113586423918606 0.078729029819369314 -0.0031018681221586819 -0.071497325885754373 0.056516703111784798 -0.062186646843329078 0.054947770403131195 -0.051566389394112122 0.049577161007457314 0.056480409577488899 0.035959167884928839 -0.014468179061077537 -0.02637009982019663 0.052734293074657525 0.0050056110051545227 -0.037229817669306484 -0.036718038469552995
leaf_weight=20 24 20 20 26 29 31 37 20 20 34 26 21 20 23 39 27 24 21 32 20 24 22 35 20
leaf_count=20 24 20 20 26 29 31 37 20 20 34 26 21 20 23 39 27 24 21 32 20 24 22 35 20
internal_value=0.000173324 -0.00449992 -0.0416472 -0.00105165 0.0208634 0.0111923 -0.00558565 0.00217669 0.0318249 -0.00133831 -0.00878009 -0.00230927 -0.00765708 -0.00248841 -0.0154149 -0.000728373 0.0174691 0.0204732 0.00551247 0.00658224 0.0165678 0.0299075 -0.0204131 -0.036079
internal_weight=635 518 44 474 117 97 66 434 46 388 278 252 231 211 135 96 110 76 53 86 66 46 69 40
internal_count=635 518 44 474 117 97 66 434 46 388 278 252 231 211 135 96 110 76 53 86 66 46 69 40
is_linear=0
shrinkage=0.05


Tree=138
num_leaves=25
num_cat=0
split_feature=2 2 3 4 4 2 2 2 4 4 2 2 1 4 4 2 2 4 2 4 1 3 4 4
split_gain=23.8441 59.955 38.4719 37.2976 28.7172 45.8642 21.0407 23.0906 19.2376 24.3058 17.6595 36.5487 28.7612 13.2071 24.8303 24.7886 22.3845 16.0266 24.5123 16.9933 11.7578 9.40905 9.00388 4.92676
threshold=94.508251766134592 91.050528397830831 1.0000000180025095e-35 42.127309092208996 97.405748601613269 43.054364808807684 8.1658582949169247 11.886109979114524 23.271265977514471 34.776710398481455 31.834308673614835 16.897834731185728 9.5000000000000018 80.269785847446443 57.926355046149283 57.456815201508498 61.800379505435046 93.821421412777184 49.910715001880916 106.09999061207638 7.5000000000000009 2.5000000000000004 71.930075268508816 27.926193574873341
decision_type=2 2 2 2 2 2 2 2 2 2 2 2 2 2 2 2 2 2 2 2 2 2 2 2
left_child=1 2 3 -1 5 -5 21 -8 -9 23 11 -11 13 14 16 -16 -12 -15 -19 -20 22 -4 -13 -10
right_child=-2 -3 6 4 -6 -7 7 8 9 10 12 20 -14 17 15 -17 -18 18 19 -21 -22 -23 -24 -25
leaf_value=0.088581427633762366 -0.037711365329913607 0.087748301960527908 -0.015104948055176509 -0.05315933681226203 0.05508337971512918 0.036555891355563856 0.049461524244397884 -0.040464881559213003 0.017086503021419047 -0.038694441318511963 0.030065665068104864 -0.00776885873859837 -0.067012195224347329 0.036364084353734706 -0.089726835191249854 -0.016844373675329344 -0.028198408538146931 -0.045323065090579567 -0.019413967654109004 0.042420447394251826 0.060086682828588658 -0.061395864901335341 0.037061872798949479 0.052181951552629474
leaf_weight=20 39 20 21 28 27 29 20 36 20 26 32 21 23 29 20 28 34 27 20 25 23 23 24 20
leaf_count=20 39 20 21 28 27 29 20 36 20 26 32 21 23 29 20 28 34 27 20 25 23 23 24 20
internal_value=0.000164657 0.00264312 -0.000311919 0.0272167 0.0126061 -0.00751475 -0.00637755 -0.00299275 -0.00556403 -0.00218653 -0.00662277 0.0117264 -0.0138699 -0.00818491 -0.0198493 -0.0472121 5.08393e-05 0.00498087 -0.0076596 0.0149385 0.0310049 -0.0393025 0.0161409 0.0346342
internal_weight=635 596 576 104 84 57 472 428 408 372 332 94 238 215 114 48 66 101 72 45 68 44 45 40
internal_count=635 596 576 104 84 57 472 428 408 372 332 94 238 215 114 48 66 101 72 45 68 44 45 40
is_linear=0
shrinkage=0.05


Tree=139
num_leaves=25
num_cat=0
split_feature=2 2 3 4 4 2 2 2 4 4 2 2 2 1 2 4 4 2 1 2 3 4 4 4
split_gain=21.5193 54.1094 34.7209 33.6611 25.9173 41.3924 18.9892 20.8393 17.362 21.936 16.9854 14.0676 28.1658 10.6114 9.4291 27.0431 25.4906 20.1237 14.2916 12.9964 8.49167 8.126 7.61638 4.4464
threshold=94.508251766134592 91.050528397830831 1.0000000180025095e-35 42.127309092208996 97.405748601613269 43.054364808807684 8.1658582949169247 11.886109979114524 23.271265977514471 34.776710398481455 79.558101596629939 16.897834731185728 31.834308673614835 7.5000000000000009 51.090419883160017 72.305263687084462 82.601101732715662 66.951760903569067 4.5000000000000009 38.229199388759362 2.5000000000000004 71.930075268508816 83.815425989491317 27.926193574873341
decision_type=2 2 2 2 2 2 2 2 2 2 2 2 2 2 2 2 2 2 2 2 2 2 2 2
left_child=1 2 3 -1 5 -5 20 -8 -9 23 11 -11 13 21 16 18 19 -17 -16 -14 -4 -13 -12 -10
right_child=-2 -3 6 4 -6 -7 7 8 9 10 22 12 14 -15 15 17 -18 -19 -20 -21 -22 -23 -24 -25
leaf_value=0.084152358919382109 -0.035825795852220975 0.083360888361930854 -0.014349701574870519 -0.050501369919428343 0.052329209847030815 0.034728096056215726 0.046988450620556253 -0.038441637489530778 0.016232178919017317 -0.036759720054956584 -0.053844746574759489 -0.0073804147896312546 -0.026688136089415778 0.057082348478877026 0.0064508893806487326 0.051452760421670976 -0.052368233378769627 -0.0077683085145858616 -0.048888891216899669 0.025346355512738228 -0.058326073055681972 0.035208779666572813 -0.013580128097015878 0.049572854191064837
leaf_weight=20 39 20 21 28 27 29 20 36 20 26 24 21 21 23 20 32 36 26 28 28 23 24 23 20
leaf_count=20 39 20 21 28 27 29 20 36 20 26 24 21 21 23 20 32 36 26 28 28 23 24 23 20
internal_value=0.000156425 0.00251097 -0.000296323 0.0258559 0.0119758 -0.00713901 -0.00605867 -0.00284311 -0.00528583 -0.00207721 -0.00629163 -0.00169896 0.00182065 0.0294546 -0.00801763 0.00193058 -0.0204236 0.0249054 -0.0258306 0.00304586 -0.0373374 0.0153338 -0.0341408 0.0329025
internal_weight=635 596 576 104 84 57 472 428 408 372 332 285 259 68 191 106 85 58 48 49 44 45 47 40
internal_count=635 596 576 104 84 57 472 428 408 372 332 285 259 68 191 106 85 58 48 49 44 45 47 40
is_linear=0
shrinkage=0.05


Tree=140
num_leaves=22
num_cat=0
split_feature=1 4 4 2 4 3 0 2 2 2 4 4 2 1 2 2 4 1 2 2 1
split_gain=21.5029 27.3014 26.8354 26.0806 25.6563 36.7759 22.1196 36.2766 30.6131 33.2736 54.708 17.4869 20.5176 17.4998 12.5829 25.8105 11.599 9.16553 19.4248 18.0447 8.5677
threshold=1.5000000000000002 99.383009477500806 40.884261455029382 94.508251766134592 107.51179479911654 2.5000000000000004 1.0000000180025095e-35 45.989287760552045 8.3376014351759462 17.817019194220727 48.749967001345006 22.355326372538716 36.994294263742198 6.5000000000000009 42.079462039131833 49.910715001880916 36.895817868125022 9.5000000000000018 84.127229550054906 63.206649586084403 1.0000000180025095e-35
decision_type=2 2 2 2 2 2 2 2 2 2 2 2 2 2 2 2 2 2 2 2 2
left_child=1 2 -1 4 6 -6 8 -8 -2 10 -10 -11 13 -13 -14 -16 -17 18 19 -18 -4
right_child=3 -3 20 -5 5 -7 7 -9 9 11 -12 12 14 -15 15 16 17 -19 -20 -21 -22
leaf_value=-0.046817148341373967 0.047825797702161936 -0.054765075438752253 0.034977534582669084 -0.034285942850013573 0.084786889316706832 0.0051585574473800334 -0.005202212007272812 0.084783629588006684 -0.091221272076169646 0.052756238430738449 0.010832383252423385 0.052631393740219738 -0.039458095824176614 0.0039305819914891172 0.043856492612896293 -0.037997644967757739 -0.0066224971177455579 -0.030049822835818581 -0.026475052338312655 0.043137549506010196 -0.00078622317489455734
leaf_weight=22 39 29 33 30 29 29 21 24 24 20 29 35 22 39 29 26 35 23 34 38 34
leaf_count=22 39 29 33 30 29 29 21 24 24 20 29 35 22 39 29 26 35 23 34 38 34
internal_value=0.00665726 -0.0126325 0.00109607 0.0109846 0.0137228 0.0449727 0.00958465 0.0427902 0.00578248 0.00115059 -0.0353806 0.00758299 0.00436781 0.0269647 -0.00371032 0.000540764 -0.00751152 -0.00141429 0.00474101 0.01928 0.0168288
internal_weight=644 118 89 526 496 58 438 45 393 354 53 301 281 74 207 185 156 130 107 73 67
internal_count=644 118 89 526 496 58 438 45 393 354 53 301 281 74 207 185 156 130 107 73 67
is_linear=0
shrinkage=0.05


Tree=141
num_leaves=22
num_cat=0
split_feature=1 4 4 2 4 1 0 2 2 2 4 4 2 1 4 3 4 1 2 2 1
split_gain=19.4064 24.6396 24.219 23.5377 23.1548 33.4291 19.9629 32.7396 27.6284 30.0294 49.3739 16.2149 16.2389 27.1007 25.1367 19.8056 14.1546 8.2719 17.5309 16.2854 7.73235
threshold=1.5000000000000002 99.383009477500806 40.884261455029382 94.508251766134592 107.51179479911654 7.5000000000000009 1.0000000180025095e-35 45.989287760552045 8.3376014351759462 17.817019194220727 48.749967001345006 26.330032386151519 49.910715001880916 6.5000000000000009 82.601101732715662 1.5000000000000002 36.895817868125022 9.5000000000000018 84.127229550054906 63.206649586084403 1.0000000180025095e-35
decision_type=2 2 2 2 2 2 2 2 2 2 2 2 2 2 2 2 2 2 2 2 2
left_child=1 2 -1 4 6 -6 8 -8 -2 10 -10 -11 13 15 -15 -13 -14 18 19 -18 -4
right_child=3 -3 20 -5 5 -7 7 -9 9 11 -12 12 16 14 -16 -17 17 -19 -20 -21 -22
leaf_value=-0.044476291063157002 0.045434507858963351 -0.052026823169455449 0.033228658427568995 -0.032571645056207979 0.015185519611757054 0.095047367801889784 -0.0049420991646392009 0.080544447107240569 -0.086660208863516663 0.040275323661890905 0.010290762422413662 0.011144372395106725 -0.044710440628907902 0.016932885917393784 -0.05231897722929716 0.069615072533488281 -0.0062913728319108492 -0.028547331561212953 -0.025151298118426521 0.040980671974830331 -0.00074691307895323814
leaf_weight=22 39 29 33 30 38 20 21 24 24 33 29 28 22 38 20 30 35 23 34 38 34
leaf_count=22 39 29 33 30 38 20 21 24 24 33 29 28 22 38 20 30 35 23 34 38 34
internal_value=0.0063244 -0.0120009 0.00104126 0.0104354 0.0130366 0.0427241 0.00910541 0.0406507 0.00549335 0.00109306 -0.0336116 0.00720384 0.0031316 0.0172204 -0.00694707 0.0413878 -0.00762036 -0.00134358 0.00450396 0.018316 0.0159873
internal_weight=644 118 89 526 496 58 438 45 393 354 53 301 268 116 58 58 152 130 107 73 67
internal_count=644 118 89 526 496 58 438 45 393 354 53 301 268 116 58 58 152 130 107 73 67
is_linear=0
shrinkage=0.05


Tree=142
num_leaves=23
num_cat=0
split_feature=1 4 4 2 4 3 0 2 2 2 4 4 2 2 2 2 2 2 3 4 1 2
split_gain=17.5142 22.2372 21.8576 21.2428 20.8972 32.7087 18.0165 29.5475 24.9346 27.1016 44.56 15.6016 15.9148 28.6496 21.7503 29.513 24.2543 23.737 43.9258 9.80348 6.97845 0.636084
threshold=1.5000000000000002 99.383009477500806 40.884261455029382 94.508251766134592 107.51179479911654 2.5000000000000004 1.0000000180025095e-35 45.989287760552045 8.3376014351759462 17.817019194220727 48.749967001345006 101.5244439448801 35.774590945155317 41.335204950233511 49.910715001880916 57.118920768949501 66.951760903569067 80.073810937348512 1.5000000000000002 68.685121800734052 1.0000000180025095e-35 28.163372335161363
decision_type=2 2 2 2 2 2 2 2 2 2 2 2 2 2 2 2 2 2 2 2 2 2
left_child=1 2 -1 4 6 -6 8 -8 -2 10 -10 12 19 -14 -15 -16 -17 -18 -19 21 -4 -11
right_child=3 -3 20 -5 5 -7 7 -9 9 11 -12 -13 13 14 15 16 17 18 -20 -21 -22 -23
leaf_value=-0.042252475531263788 0.043162780761336672 -0.049425481760810165 0.031567225204674865 -0.030943065558870636 0.078135956592600919 0.0030398115901083783 -0.004694996224272819 0.076517226174473763 -0.082327201217412951 0.040435787414511044 0.0097762256346899893 -0.032732179611111467 -0.053663757480680946 0.046836481044010725 -0.045959848331080549 0.044477816136219567 -0.034952033188726223 0.072588625888932834 -0.018083297768059902 0.0081327265394585471 -0.00070956623291268069 0.052895110696554185
leaf_weight=22 39 29 33 30 29 29 21 24 24 21 29 23 20 32 27 39 35 22 34 28 34 20
leaf_count=22 39 29 33 30 29 29 21 24 24 21 29 23 20 32 27 39 35 22 34 28 34 20
internal_value=0.00600818 -0.0114008 0.000989199 0.00991363 0.0123848 0.0405879 0.00865014 0.0386182 0.00521869 0.0010384 -0.031931 0.00684365 0.0101179 0.00324406 0.00926605 0.00160838 0.0114879 -0.00265059 0.0175378 0.0309387 0.015188 0.0465135
internal_weight=644 118 89 526 496 58 438 45 393 354 53 301 278 209 189 157 130 91 56 69 67 41
internal_count=644 118 89 526 496 58 438 45 393 354 53 301 278 209 189 157 130 91 56 69 67 41
is_linear=0
shrinkage=0.05


Tree=143
num_leaves=25
num_cat=0
split_feature=1 0 2 4 2 0 2 4 3 4 2 2 2 2 2 2 4 4 4 2 2 2 1 4
split_gain=15.9583 54.4256 38.1345 30.4752 31.5523 23.4682 26.5739 37.4857 22.8979 26.7783 50.2679 22.2752 18.7772 18.6351 18.6232 18.4658 17.9499 34.5569 25.413 14.7034 22.6703 14.1626 13.7512 5.70847
threshold=2.5000000000000004 1.0000000180025095e-35 11.886109979114524 39.061425469253095 72.96145656756191 1.0000000180025095e-35 87.027262753816288 106.96554130718035 2.5000000000000004 76.503004436418067 19.786111279129202 93.787216909145727 40.423354097979463 54.759375183430166 36.994294263742198 58.842005972692995 74.961164413367655 93.821421412777184 63.457343312560276 28.581317514284816 63.206649586084403 36.994294263742198 6.5000000000000009 92.317058420721182
decision_type=2 2 2 2 2 2 2 2 2 2 2 2 2 2 2 2 2 2 2 2 2 2 2 2
left_child=1 2 -1 -4 12 6 7 8 9 10 -2 -8 -5 -7 -12 -16 18 -18 19 -10 -21 -11 -9 -14
right_child=5 -3 3 4 -6 13 11 22 16 21 14 -13 23 -15 15 -17 17 -19 -20 20 -22 -23 -24 -25
leaf_value=0.06735101424157619 -0.045611711416174386 -0.082878469711258299 -0.056385834187269217 -0.010385076344634097 -0.034684472553657766 0.016385937080933496 -0.058140180673864152 0.026768924792607625 0.054059311601778737 -0.011681869700551033 0.057857627247770632 0.0055102402876530381 0.06435684515628963 0.080582684129476556 -0.021263695439254798 0.033436866248181714 0.091438119892369621 0.0083360131316143893 -0.042670233547687536 -0.021360962273132417 0.045004777347838337 -0.062100232242105105 0.080871749102421439 0.027832268332333671
leaf_weight=20 34 21 25 24 33 26 27 24 23 30 30 28 20 20 27 36 22 29 20 31 22 26 23 23
leaf_count=20 34 21 25 24 33 26 27 24 23 30 30 28 20 20 27 36 22 29 20 31 22 26 23 23
internal_value=0.00570777 -0.00764834 0.00324706 -0.00700957 0.0053345 0.0103461 0.00673088 0.0114675 0.00551737 -0.00628702 0.00641369 -0.0257363 0.0250453 0.0442976 0.0254337 0.00999377 0.0202126 0.044184 0.00747786 0.0206747 0.00618708 -0.0350904 0.0532448 0.0448204
internal_weight=644 166 145 125 100 478 432 377 330 183 127 55 67 46 93 63 147 51 96 76 53 56 47 43
internal_count=644 166 145 125 100 478 432 377 330 183 127 55 67 46 93 63 147 51 96 76 53 56 47 43
is_linear=0
shrinkage=0.05


Tree=144
num_leaves=24
num_cat=0
split_feature=2 2 2 2 4 4 1 2 3 0 4 4 2 2 4 2 2 4 4 2 2 4 1
split_gain=15.1063 49.3681 25.8525 19.1056 43.5293 18.8812 22.3663 21.9083 18.7266 14.9768 29.5315 23.7914 29.6451 32.405 26.4921 21.0166 15.1444 14.7943 13.6232 21.3629 18.421 12.1706 9.99377
threshold=17.259531184192323 12.594375796224558 8.8258383922702865 36.994294263742198 21.294763267712899 55.942479991292863 7.5000000000000009 24.849901475591537 1.5000000000000002 1.0000000180025095e-35 38.455605377963344 56.930287477101864 42.672408488226516 72.96145656756191 72.835507781346379 91.050528397830831 74.952212857361573 54.765970400539324 83.389187439940727 65.331960151077951 54.759375183430166 45.525263754065911 6.5000000000000009
decision_type=2 2 2 2 2 2 2 2 2 2 2 2 2 2 2 2 2 2 2 2 2 2 2
left_child=1 2 17 5 -5 7 8 -2 -7 10 16 21 -13 14 -14 22 -6 -1 -16 20 -20 -12 -15
right_child=3 -3 -4 4 9 6 -8 -9 -10 -11 11 12 13 15 18 -17 -18 -19 19 -21 -22 -23 -24
leaf_value=0.026877084587301526 -0.038580966014415026 -0.057714181305154377 0.053560281187295916 0.07384876573369617 -0.056753464165542812 0.020712041594088078 0.0019005735069513323 0.031628481626510621 0.081685715568635409 0.029213149005021807 0.0027138342814786096 -0.062148623652756224 -0.027057859053214391 -0.056757175248554531 0.068469589706510306 0.0087306661984404999 -0.0038130429150028664 -0.025176559579678071 0.029681132755313928 0.060947898159856385 -0.03414585545659065 0.051126405662473506 -0.012887239881924221
leaf_weight=21 20 38 25 21 35 20 25 25 34 39 21 20 24 34 20 37 22 39 26 23 20 34 21
leaf_count=21 20 38 25 21 35 20 25 25 34 39 21 20 24 34 20 37 22 39 26 23 20 34 21
internal_value=0.00542238 -0.0103382 0.0108416 0.00914321 0.00379207 0.0262755 0.0410009 0.000424283 0.0591029 -0.000120675 -0.00351539 0.00316276 -0.00404319 0.00162564 0.0195628 -0.0204059 -0.0363203 -0.00695778 0.0321347 0.0216028 0.00193027 0.0326416 -0.0400068
internal_weight=644 123 85 521 397 124 79 45 54 376 337 280 225 205 113 92 57 60 89 69 46 55 55
internal_count=644 123 85 521 397 124 79 45 54 376 337 280 225 205 113 92 57 60 89 69 46 55 55
is_linear=0
shrinkage=0.05


Tree=145
num_leaves=27
num_cat=0
split_feature=2 2 4 2 4 3 2 2 2 4 4 3 4 3 4 3 2 4 4 4 3 4 2 2 4 2
split_gain=14.3188 17.7906 16.0436 44.1448 41.9126 25.33 27.7698 19.4869 15.2096 37.7461 47.6041 27.0346 25.5085 26.0761 41.1666 25.7613 23.1475 18.0923 17.582 42.709 14.1936 14.156 20.2517 31.2456 3.46909 1.98805
threshold=7.0265015453638568 4.1708076751228509 40.884261455029382 35.321258690858343 34.776710398481455 3.5000000000000004 70.330877905019619 95.173485436394415 42.226105389515794 80.269785847446443 69.774496367143371 1.5000000000000002 89.178422713582236 1.5000000000000002 56.442463843956567 3.5000000000000004 28.163372335161363 57.926355046149283 115.92804458803582 110.37166264723588 2.5000000000000004 100.58943773434827 79.073513410515659 60.177957561396774 25.289168620688478 23.971837230114474
decision_type=2 2 2 2 2 2 2 2 2 2 2 2 2 2 2 2 2 2 2 2 2 2 2 2 2 2
left_child=1 -1 3 24 5 6 -5 8 12 10 11 -10 13 25 -15 -16 20 -13 19 21 -14 22 23 -11 -2 -4
right_child=2 -3 7 4 -6 -7 -8 -9 9 18 -12 17 16 14 15 -17 -18 -19 -20 -21 -22 -23 -24 -25 -26 -27
leaf_value=-0.00045973764998572214 -0.042613065838813781 0.064623701749812995 0.0096447585895657537 0.088748521054036578 -0.049449973993003375 -0.014407651289366186 0.0073428647220134735 0.053339154379708431 0.032443202698025211 0.045435225573324023 -0.080890099807032226 -0.0035347158389706767 -0.0042726599103347822 0.0014344856556918887 0.12155701226554812 0.042266475444748292 0.0244602506631054 -0.063642187061763944 -0.029132408152023954 0.085251937522774657 -0.062471586950123316 -0.018820305094122886 0.061018864810466769 -0.038920971735016158 -0.07206257253885269 -0.012649017199873925
leaf_weight=21 20 21 20 22 25 24 20 21 29 21 29 31 22 27 20 21 32 21 21 21 20 35 21 23 20 20
leaf_count=21 20 21 20 22 25 24 20 21 29 21 29 31 22 27 20 21 32 21 21 21 20 35 21 23 20 20
internal_value=0.00388082 0.032082 0.00185958 -0.0135589 0.00568453 0.0265688 0.0499839 0.00629875 0.00402261 -0.00393202 -0.0259184 -0.00623715 0.0150367 0.0305313 0.0493745 0.0809448 -0.00757706 -0.0278089 0.0130997 0.0204292 -0.0319864 0.00681643 0.0206208 0.00133994 -0.0573378 -0.00150213
internal_weight=628 42 586 131 91 66 42 455 434 252 110 81 182 108 68 41 74 52 142 121 42 100 65 44 40 40
internal_count=628 42 586 131 91 66 42 455 434 252 110 81 182 108 68 41 74 52 142 121 42 100 65 44 40 40
is_linear=0
shrinkage=0.05


Tree=146
num_leaves=26
num_cat=0
split_feature=2 2 4 2 4 3 2 2 2 2 3 1 1 4 4 4 4 4 1 4 4 1 1 4 3
split_gain=12.9227 16.056 14.4794 39.8406 37.8261 22.8603 25.0622 17.5869 14.0248 39.4962 18.4356 30.4123 70.506 23.1143 49.0375 33.39 20.2491 19.3028 31.6537 34.0382 15.3107 13.949 12.5038 3.13086 3.06352
threshold=7.0265015453638568 4.1708076751228509 40.884261455029382 35.321258690858343 34.776710398481455 3.5000000000000004 70.330877905019619 95.173485436394415 17.817019194220727 14.976782900188764 2.5000000000000004 1.0000000180025095e-35 3.5000000000000004 78.873172367243555 107.97898822907503 56.930287477101864 80.269785847446443 106.63340548375518 9.5000000000000018 89.619590541383459 63.86752382744546 7.5000000000000009 4.5000000000000009 25.289168620688478 1.5000000000000002
decision_type=2 2 2 2 2 2 2 2 2 2 2 2 2 2 2 2 2 2 2 2 2 2 2 2 2
left_child=1 -1 3 23 5 6 -5 8 9 24 17 -12 16 15 21 -14 -13 18 19 20 -10 -15 -22 -2 -4
right_child=2 -3 7 4 -6 -7 -8 -9 10 -11 11 12 13 14 -16 -17 -18 -19 -20 -21 22 -23 -24 -25 -26
leaf_value=-0.00043675296363376436 -0.04048241391777993 0.06139251710403533 -0.016328266449272634 0.084311094761572114 -0.046977476529777053 -0.013687269327541194 0.0069757221639156347 0.050672198477245516 0.0075060216734479926 0.08163888019820055 -0.067407904033149987 0.014244670855502288 -0.012151722369655487 0.053643691993278009 -0.064682526767931209 -0.088984818068834459 0.078542311415076269 0.046229675208980386 -0.052900755245770731 -0.025818995374107836 0.022695549933070488 -0.0027192379569723497 0.074379893988370901 -0.068459443449974053 0.010428632147934127
leaf_weight=21 20 21 20 22 25 24 20 21 38 21 21 24 31 23 22 26 25 33 21 38 22 21 25 20 23
leaf_count=21 20 21 20 22 25 24 20 21 38 21 21 24 31 23 22 26 25 33 21 38 22 21 25 20 23
internal_value=0.00368678 0.0304779 0.0017666 -0.012881 0.0054003 0.0252404 0.0474847 0.00598382 0.00382147 0.025433 8.32715e-05 -0.010605 -0.00366973 -0.023875 -0.00373204 -0.0471984 0.0470496 0.0117377 0.00383327 0.0135196 0.0311062 0.0267432 0.0501872 -0.0544709 -0.00201644
internal_weight=628 42 586 131 91 66 42 455 434 64 370 193 172 123 66 57 49 177 144 123 85 44 47 40 43
internal_count=628 42 586 131 91 66 42 455 434 64 370 193 172 123 66 57 49 177 144 123 85 44 47 40 43
is_linear=0
shrinkage=0.05


Tree=147
num_leaves=26
num_cat=0
split_feature=2 2 4 2 4 3 2 2 2 2 3 2 2 4 2 3 4 1 4 2 2 2 2 4 4
split_gain=11.6627 14.4905 13.0676 35.9562 34.1381 20.6314 22.6187 16.1597 14.917 38.0717 40.4493 37.5868 18.0508 22.7432 29.6625 22.4019 27.4002 22.0471 20.09 16.6509 10.4849 6.10739 5.27997 2.8256 2.29554
threshold=7.0265015453638568 4.1708076751228509 40.884261455029382 35.321258690858343 34.776710398481455 3.5000000000000004 70.330877905019619 93.787216909145727 72.96145656756191 80.073810937348512 1.5000000000000002 69.294368333715354 42.226105389515794 94.849637973099092 19.131485476827034 1.5000000000000002 56.442463843956567 5.5000000000000009 70.37534102925234 53.061031974728749 22.050649888805001 48.701840648338283 59.844547564602131 25.289168620688478 87.655267353665138
decision_type=2 2 2 2 2 2 2 2 2 2 2 2 2 2 2 2 2 2 2 2 2 2 2 2 2
left_child=1 -1 3 23 5 6 -5 8 11 -10 -11 12 13 15 -15 20 -17 21 -18 -19 -4 -14 -23 -2 -12
right_child=2 -3 7 4 -6 -7 -8 -9 9 10 24 -13 17 14 -16 16 18 19 -20 -21 -22 22 -24 -25 -26
leaf_value=-0.00041491453136716571 -0.038458291739225388 0.058322892879091565 0.021791030142618264 0.08009553947909312 -0.044628601629287008 -0.013002906704787166 0.0066269375383853912 0.040532993837710356 -0.07227982065894388 0.062672284655272956 -0.036393220275640487 0.070946624841202385 -0.015271943658590317 -0.0579456274482337 0.0161454403506858 0.00094565406993583402 0.10078899917148409 -0.062576880234365292 0.037450027970537064 -0.010649000740082366 -0.025951271536557571 0.033297520732650389 0.0020066934396579333 -0.065036471560597428 -0.012437300868332387
leaf_weight=21 20 21 23 22 25 24 20 31 22 20 20 22 20 22 35 27 21 26 31 38 23 26 28 20 20
leaf_count=21 20 21 23 22 25 24 20 31 22 20 20 22 20 22 35 27 21 26 31 38 23 26 28 20 20
internal_value=0.00350244 0.028954 0.00167827 -0.0122369 0.00513028 0.0239783 0.0451105 0.00568463 0.00313675 -0.0160161 0.00461392 0.00772895 0.00338274 0.0137234 -0.0124511 0.0256589 0.0418108 -0.0102549 0.0630292 -0.0317447 -0.00208012 0.00833087 0.0170726 -0.0517474 -0.0244153
internal_weight=628 42 586 131 91 66 42 455 424 82 60 342 320 182 57 125 79 138 52 64 46 74 54 40 40
internal_count=628 42 586 131 91 66 42 455 424 82 60 342 320 182 57 125 79 138 52 64 46 74 54 40 40
is_linear=0
shrinkage=0.05


Tree=148
num_leaves=27
num_cat=0
split_feature=2 2 4 2 4 3 2 1 2 0 2 2 4 2 4 2 4 4 1 3 4 2 2 4 4 4
split_gain=10.5256 13.0777 11.7935 32.4505 30.8096 18.6199 20.4133 14.6212 32.3947 29.3937 35.4984 31.4745 30.4991 29.4873 27.7714 24.0736 22.7161 17.9302 28.1411 29.3791 18.8598 26.3057 18.3786 2.5501 0.238436 0.0396149
threshold=7.0265015453638568 4.1708076751228509 40.884261455029382 35.321258690858343 34.776710398481455 3.5000000000000004 70.330877905019619 9.5000000000000018 93.787216909145727 1.0000000180025095e-35 84.127229550054906 63.582533916049464 104.85960509900009 17.700403039495519 77.63766859057931 14.148934151853693 78.873172367243555 75.897526228912525 5.5000000000000009 3.5000000000000004 56.442463843956567 42.570817823469646 41.734779388672344 25.289168620688478 74.018030522459512 87.278050829008478
decision_type=2 2 2 2 2 2 2 2 2 2 2 2 2 2 2 2 2 2 2 2 2 2 2 2 2 2
left_child=1 -1 3 23 5 6 -5 8 9 10 11 13 24 15 -11 -4 -9 20 19 -19 -15 -22 -20 -2 -13 -12
right_child=2 -3 7 4 -6 -7 -8 16 -10 14 25 12 -14 17 -16 -17 -18 18 22 -21 21 -23 -24 -25 -26 -27
leaf_value=-0.00039416863804771793 -0.03653538048267365 0.055406748859760616 0.014170262644834378 0.076090762831948031 -0.042397170990705495 -0.01235276150594776 0.0062955886125564582 -0.058126304180107335 0.062690709932492331 0.0071915044635534296 -0.035865846648812295 0.017686628340743481 0.094840933416377421 -0.01252108891353463 -0.075134327759345379 0.083302902653813363 0.0074655912929412101 -0.022361558459233495 -0.013433618453286944 0.050383830232464746 0.077758859594662999 -0.00047738271003419706 -0.078827839449513715 -0.061784647628664972 0.025407312810420992 -0.032718827426433561
leaf_weight=21 20 21 34 22 25 24 20 22 26 20 20 20 22 33 21 20 33 35 21 23 21 22 22 20 20 20
leaf_count=21 20 21 34 22 25 24 20 22 26 20 20 20 22 33 21 20 33 35 21 23 21 22 22 20 20 20
internal_value=0.00332732 0.0275063 0.00159435 -0.0116251 0.00487377 0.0227794 0.042855 0.00540039 0.00872398 0.00497229 0.00989077 0.0159226 0.0475545 0.00743264 -0.0349754 0.0397749 -0.0187712 -0.0024345 -0.0162391 0.00648575 0.015911 0.037731 -0.0468911 -0.04916 0.021547 -0.0342923
internal_weight=628 42 586 131 91 66 42 455 400 374 333 293 62 231 41 54 55 177 101 58 76 43 43 40 40 40
internal_count=628 42 586 131 91 66 42 455 400 374 333 293 62 231 41 54 55 177 101 58 76 43 43 40 40 40
is_linear=0
shrinkage=0.05


Tree=149
num_leaves=26
num_cat=0
split_feature=2 2 4 2 4 3 2 1 2 0 2 2 2 2 4 2 4 2 4 1 1 2 3 4 4
split_gain=9.49935 11.8026 10.6437 29.2865 27.8057 16.8044 18.423 13.1956 29.2362 26.5278 32.0373 28.4057 28.3471 26.6122 25.0637 21.7264 20.5013 17.5063 23.1054 28.8702 19.8107 26.4958 26.1175 2.30147 0.0357524
threshold=7.0265015453638568 4.1708076751228509 40.884261455029382 35.321258690858343 34.776710398481455 3.5000000000000004 70.330877905019619 9.5000000000000018 93.787216909145727 1.0000000180025095e-35 84.127229550054906 63.582533916049464 72.96145656756191 17.700403039495519 77.63766859057931 14.148934151853693 78.873172367243555 22.403044631525468 67.413379462440972 4.5000000000000009 4.5000000000000009 41.734779388672344 2.5000000000000004 25.289168620688478 87.278050829008478
decision_type=2 2 2 2 2 2 2 2 2 2 2 2 2 2 2 2 2 2 2 2 2 2 2 2 2
left_child=1 -1 3 23 5 6 -5 8 9 10 11 13 -13 15 -11 -4 -9 -15 19 -19 22 -22 -20 -2 -12
right_child=2 -3 7 4 -6 -7 -8 16 -10 14 24 12 -14 17 -16 -17 -18 18 20 -21 21 -23 -24 -25 -26
leaf_value=-0.0003744627748216902 -0.034708609133958818 0.052636408983241949 0.013461749387138032 0.072286224636164575 -0.040277314051985744 -0.011735121915990021 0.005980808287858963 -0.055219986357472162 0.05955617364782554 0.0068319282308220864 -0.034072553440928459 0.075857668278930604 0.0079214187072856098 -0.04300174832991932 -0.071377612437520707 0.079137755781412134 0.0070923102850263767 -0.0011226152469004905 -0.022681261568019789 0.076431371236131307 0.010577297024428845 -0.058467905652342424 0.051082869401822488 -0.058695414140820502 -0.031082885861396792
leaf_weight=21 20 21 34 22 25 24 20 22 26 20 20 34 28 23 21 20 33 28 24 21 24 33 24 20 20
leaf_count=21 20 21 34 22 25 24 20 22 26 20 20 34 28 23 21 20 33 28 24 21 24 33 24 20 20
internal_value=0.00316095 0.026131 0.00151464 -0.0110438 0.00463008 0.0216405 0.0407122 0.00513037 0.00828778 0.00472367 0.00939623 0.0151265 0.0451768 0.00706101 -0.0332266 0.0377862 -0.0178326 -0.00231278 0.00376415 0.0321148 -0.00946616 -0.0293962 0.0142008 -0.046702 -0.0325777
internal_weight=628 42 586 131 91 66 42 455 400 374 333 293 62 231 41 54 55 177 154 49 105 57 48 40 40
internal_count=628 42 586 131 91 66 42 455 400 374 333 293 62 231 41 54 55 177 154 49 105 57 48 40 40
is_linear=0
shrinkage=0.05


Tree=150
num_leaves=24
num_cat=0
split_feature=2 0 1 2 1 4 2 1 4 1 4 3 3 2 4 4 4 2 2 3 4 1 4
split_gain=21.1373 35.2192 47.2113 34.1987 33.6817 52.446 54.2263 25.7263 21.9073 33.0298 20.5273 16.7914 15.5324 15.2562 13.6778 16.1831 8.70846 7.73953 15.6984 25.669 5.7227 13.6708 8.23409
threshold=71.373695203672426 1.0000000180025095e-35 5.5000000000000009 8.3376014351759462 1.5000000000000002 32.147340601149665 29.802327110352447 8.5000000000000018 64.353449915299549 5.5000000000000009 70.118697039837016 3.5000000000000004 1.0000000180025095e-35 31.834308673614835 48.5398534776646 41.513441828852066 59.561721949384754 22.900590886048903 35.508412870294862 2.5000000000000004 87.655267353665138 2.5000000000000004 55.626991966446191
decision_type=2 2 2 2 2 2 2 2 2 2 2 2 2 2 2 2 2 2 2 2 2 2 2
left_child=1 3 -3 10 16 6 -6 12 11 13 -1 14 -2 -10 15 -7 -5 -11 -19 -20 21 -14 -23
right_child=7 2 -4 4 5 8 -8 -9 9 17 -12 -13 20 -15 -16 -17 -18 18 19 -21 -22 22 -24
leaf_value=0.072674995940178636 -0.030041475896723568 -0.10206855431846951 0.0016236110812141782 0.040430032996641052 -0.128679393902421 0.0053374253213405616 -0.020883618880595482 0.047931848549180561 0.039676826576823782 -0.015352216114600501 0.0068304950820988631 0.035075308333494162 -0.023368650887277909 -0.011917586320717086 0.020860242790409499 -0.05680665127933026 0.004926101228174491 -0.085646010003983974 -0.070014652508931852 0.0023784151226282123 0.025541223847382777 0.038510979771614079 -0.0045316876098513608
leaf_weight=20 32 23 21 31 20 22 28 36 23 24 29 38 32 38 28 20 39 20 24 25 37 25 20
leaf_count=20 32 23 21 31 20 22 28 36 23 24 29 38 32 38 28 20 39 20 24 25 37 25 20
internal_value=-0.00440537 -0.00997696 -0.0525791 -0.00560751 -0.0106769 -0.0177505 -0.0657985 0.0100747 -0.00894781 -0.0210556 0.0337058 0.00831703 0.000740013 0.00753604 -0.0062089 -0.024255 0.0206493 -0.0398093 -0.0483161 -0.0330794 0.00938043 0.00161486 0.0193809
internal_weight=655 473 44 429 380 310 48 182 262 154 49 108 146 61 70 42 70 93 69 49 114 77 45
internal_count=655 473 44 429 380 310 48 182 262 154 49 108 146 61 70 42 70 93 69 49 114 77 45
is_linear=0
shrinkage=0.05


Tree=151
num_leaves=25
num_cat=0
split_feature=4 2 0 3 4 2 2 2 4 2 2 4 4 2 1 4 2 2 4 4 4 2 2 2
split_gain=19.3303 13.1391 35.0506 35.3933 24.1443 46.2369 28.9785 23.4727 46.813 36.1552 18.5572 31.533 22.0531 27.5865 21.2541 17.5582 16.2378 30.9519 15.9806 46.1022 13.006 12.7948 5.20284 4.25891
threshold=20.569464943661039 62.522243238298167 1.0000000180025095e-35 2.5000000000000004 97.774354398360401 19.131485476827034 37.460452919560929 94.042644413200421 104.85960509900009 79.073513410515659 21.404719712790371 40.312710883019399 76.207937804395542 8.8258383922702865 6.5000000000000009 49.458954613497916 72.666811359776844 82.192777460708427 76.952205787060493 51.814593121707048 59.561721949384754 41.335204950233511 46.862462576298498 90.485854190374511
decision_type=2 2 2 2 2 2 2 2 2 2 2 2 2 2 2 2 2 2 2 2 2 2 2 2
left_child=-1 4 3 7 10 -6 -7 8 9 -3 11 -2 13 -13 15 21 -5 -18 19 -16 -17 -12 -22 -19
right_child=1 2 -4 16 5 6 -8 -9 -10 -11 14 12 -14 -15 18 20 17 23 -20 -21 22 -23 -24 -25
leaf_value=-0.038796511517935679 0.065626570520301672 -0.063850251573603606 0.070738693326711663 0.058101869890323059 -0.090268439877157422 0.035606365456529288 -0.038990667412678398 -0.061014123470522465 0.06214195474982262 0.0078593880511247192 0.0092716856300830847 -0.064389081370262877 0.029881432025056137 0.010330265158166489 -0.0092013578974839416 0.052498785965144637 -0.03374790297821164 0.053473150588217236 0.0010563115209892946 -0.10396922418758983 0.018375440206258527 -0.043492377963331011 -0.013417888043278998 0.021233764067292216
leaf_weight=38 24 32 20 26 24 23 30 24 20 39 20 21 38 30 33 20 24 21 27 21 31 27 22 20
leaf_count=38 24 32 20 26 24 23 30 24 20 39 20 21 38 30 33 20 24 21 27 21 31 27 22 20
internal_value=-0.0041851 -0.00205344 0.00754377 0.00140834 -0.00760068 -0.0326911 -0.00661837 -0.0170278 -0.00542695 -0.0244604 -0.00144792 0.0147634 0.00104755 -0.0204365 -0.0105618 0.00279634 0.0247067 0.0113486 -0.0303516 -0.0460555 0.0181428 -0.0210396 0.00517821 0.0377466
internal_weight=655 617 226 206 391 77 53 115 91 71 314 113 89 51 201 120 91 65 81 54 73 47 53 41
internal_count=655 617 226 206 391 77 53 115 91 71 314 113 89 51 201 120 91 65 81 54 73 47 53 41
is_linear=0
shrinkage=0.05


Tree=152
num_leaves=25
num_cat=0
split_feature=2 0 1 2 1 4 2 1 4 4 1 4 4 2 2 2 2 3 4 4 4 4 1 2
split_gain=17.5898 32.0215 42.8245 31.2468 29.4071 46.1836 50.5152 22.8116 19.8977 18.6125 15.7866 25.2734 24.4995 21.226 17.1232 16.8439 24.7703 13.4054 12.0616 8.0245 5.21735 12.244 10.0455 4.32166
threshold=71.373695203672426 1.0000000180025095e-35 5.5000000000000009 8.3376014351759462 1.5000000000000002 32.147340601149665 29.802327110352447 8.5000000000000018 38.015461787583661 70.118697039837016 5.5000000000000009 51.025843074080676 80.595597755206413 31.410114847833103 45.296783039095665 26.796746325749208 41.335204950233511 1.0000000180025095e-35 101.5244439448801 59.561721949384754 39.166651993359821 59.257783666774237 2.5000000000000004 88.629948771691019
decision_type=2 2 2 2 2 2 2 2 2 2 2 2 2 2 2 2 2 2 2 2 2 2 2 2
left_child=1 3 -3 9 19 6 -6 17 -7 -1 11 -10 15 -13 -15 -12 -17 -2 -14 -5 -19 -22 -23 -24
right_child=7 2 -4 4 5 8 -8 -9 10 -11 12 13 18 14 -16 16 -18 20 -20 -21 21 22 23 -25
leaf_value=0.069793483354151253 -0.028153084340738134 -0.096814646377511651 0.0019425405632881893 0.038521317344519405 -0.12212646298110486 0.039843834787607196 -0.018084743991494179 0.044881472322675919 -0.047102906573563814 0.0070951237760741139 0.030900336491564914 0.047281030379235749 -0.06608191392767955 -0.040625856332480913 0.019948537235281297 -0.063595590293407445 0.0065302395426175179 0.029746845915265708 -0.022584548592567446 0.004440120965815508 -0.029387784071943979 0.037983561907178512 0.014100776782090013 -0.017610116373924983
leaf_weight=20 32 23 21 31 20 20 28 36 20 29 24 32 34 20 28 20 34 23 30 39 22 26 22 21
leaf_count=20 32 23 21 31 20 20 28 36 20 29 24 32 34 20 28 20 34 23 30 39 22 26 22 21
internal_value=-0.00397584 -0.00905843 -0.0496805 -0.00489206 -0.00973768 -0.0163472 -0.0614355 0.00923328 -0.00808681 0.0326863 -0.012048 0.00316977 -0.0227648 0.0157379 -0.00529079 -0.00395225 -0.0194423 0.00044332 -0.0456925 0.0195332 0.00847038 0.00309281 0.0134489 -0.00138594
internal_weight=655 473 44 429 380 310 48 182 262 49 242 100 142 80 48 78 54 146 64 70 114 91 69 43
internal_count=655 473 44 429 380 310 48 182 262 49 242 100 142 80 48 78 54 146 64 70 114 91 69 43
is_linear=0
shrinkage=0.05


Tree=153
num_leaves=25
num_cat=0
split_feature=2 4 4 4 2 2 3 3 2 4 1 1 4 4 1 2 4 4 1 4 4 3 2 2
split_gain=17.9847 50.9718 26.054 21.4042 19.1603 42.9653 44.4226 42.326 86.8 32.4917 28.9769 23.4554 23.6046 25.1642 22.8837 25.3348 16.3542 14.6757 14.206 10.9727 6.71601 6.71106 4.86884 3.62794
threshold=19.131485476827034 102.07621963915736 112.69468015694169 108.16608686411148 78.823363010840197 90.485854190374511 1.5000000000000002 1.5000000000000002 49.586843411163876 53.663131056139981 4.5000000000000009 9.5000000000000018 35.315481953670691 56.930287477101864 6.5000000000000009 50.337242211244487 49.458954613497916 33.153889474437186 5.5000000000000009 68.146337857824321 63.457343312560276 3.5000000000000004 32.98922090328805 63.582533916049464
decision_type=2 2 2 2 2 2 2 2 2 2 2 2 2 2 2 2 2 2 2 2 2 2 2 2
left_child=1 17 3 4 7 6 -6 8 16 -7 -10 12 -9 21 15 -15 -2 -1 19 -19 -8 -14 -18 -4
right_child=2 -3 23 -5 5 9 20 11 10 -11 -12 -13 13 14 -16 -17 22 18 -20 -21 -22 -23 -24 -25
leaf_value=-0.041248366177082066 0.043021427449725924 -0.093652782700955881 0.024189478866755963 -0.049819587754166644 0.09635616478323937 -0.061341150291264059 0.031541592964813826 -0.036475322858707325 -0.040186266846616164 0.017093512974679471 -0.11815469538649688 0.046289619857505446 0.016045779358595611 0.04314113552531889 -0.041026340729810977 -0.017767790097155071 0.0064173268526792537 -0.007313538467860781 -0.022001641102739285 0.037718564704541241 -0.0089432889223098749 0.051122270474831269 -0.028053373612818268 0.054305662065744401
leaf_weight=25 21 20 20 23 25 23 21 37 22 31 26 31 25 31 33 38 20 24 37 31 20 30 21 20
leaf_count=25 21 20 20 23 25 23 21 37 22 31 26 31 25 31 33 38 20 24 37 31 20 30 21 20
internal_value=-0.00377705 -0.0198874 0.000483795 -0.00276004 -0.000381201 0.0167622 0.0438244 -0.00652212 -0.0319404 -0.0163138 -0.0824192 0.00590459 -0.000548683 0.00791811 -0.00678108 0.00959709 0.00713993 -0.00727794 0.00195315 0.0180682 0.0117929 0.0351784 -0.0112384 0.0392476
internal_weight=655 137 518 478 455 120 66 335 110 54 48 225 194 157 102 69 62 117 92 55 41 55 41 40
internal_count=655 137 518 478 455 120 66 335 110 54 48 225 194 157 102 69 62 117 92 55 41 55 41 40
is_linear=0
shrinkage=0.05


Tree=154
num_leaves=25
num_cat=0
split_feature=2 4 4 4 2 2 3 3 2 4 1 1 4 4 1 2 4 2 4 4 4 3 2 2
split_gain=16.2312 46.002 23.5137 19.3173 17.2922 38.7762 40.0914 38.1992 78.337 29.3237 26.1517 21.1685 21.3032 22.7107 20.6525 22.8647 14.7596 13.89 40.8408 20.2145 6.0612 6.05673 4.39413 3.27421
threshold=19.131485476827034 102.07621963915736 112.69468015694169 108.16608686411148 78.823363010840197 90.485854190374511 1.5000000000000002 1.5000000000000002 49.586843411163876 53.663131056139981 4.5000000000000009 9.5000000000000018 35.315481953670691 56.930287477101864 6.5000000000000009 50.337242211244487 49.458954613497916 8.3376014351759462 51.025843074080676 60.541566849767456 63.457343312560276 3.5000000000000004 32.98922090328805 63.582533916049464
decision_type=2 2 2 2 2 2 2 2 2 2 2 2 2 2 2 2 2 2 2 2 2 2 2 2
left_child=1 17 3 4 7 6 -6 8 16 -7 -10 12 -9 21 15 -15 -2 19 -19 -1 -8 -14 -18 -4
right_child=2 -3 23 -5 5 9 20 11 10 -11 -12 -13 13 14 -16 -17 22 18 -20 -21 -22 -23 -24 -25
leaf_value=0.052051938660442831 0.040870355566342671 -0.088970143124461179 0.022980005256831647 -0.047328607543655067 0.091538355421274906 -0.05827409281678822 0.029964513500176728 -0.034651556651334507 -0.038176952048458834 0.016238836150976918 -0.11224695742130281 0.043975140414230771 0.015243488680571319 0.040984079770503508 -0.038975024358792743 -0.016879400101147201 0.0060964606702327735 -0.060287457622710955 0.017210944018819754 -0.013288991178931862 -0.0084961234033107767 0.048566157196958865 -0.026650704851462727 0.051590382158756255
leaf_weight=20 21 20 20 23 25 23 21 37 22 31 26 31 25 31 33 38 20 34 34 29 20 30 21 20
leaf_count=20 21 20 20 23 25 23 21 37 22 31 26 31 25 31 33 38 20 34 34 29 20 30 21 20
internal_value=-0.0035882 -0.018893 0.000459606 -0.00262203 -0.00036214 0.0159241 0.0416332 -0.00619601 -0.0303434 -0.0154982 -0.0782982 0.00560937 -0.000521248 0.0075222 -0.00644202 0.00911724 0.00678293 -0.00691405 -0.0215383 0.0133808 0.0112032 0.0334195 -0.0106765 0.0372852
internal_weight=655 137 518 478 455 120 66 335 110 54 48 225 194 157 102 69 62 117 68 49 41 55 41 40
internal_count=655 137 518 478 455 120 66 335 110 54 48 225 194 157 102 69 62 117 68 49 41 55 41 40
is_linear=0
shrinkage=0.05


Tree=155
num_leaves=25
num_cat=0
split_feature=4 1 4 4 1 3 4 3 4 2 4 2 1 1 1 3 2 2 3 2 1 2 1 4
split_gain=22.5129 15.9151 20.4365 43.1395 8.55378 33.1093 35.9342 27.627 23.9422 23.6439 20.413 17.5457 34.5596 16.5007 15.6881 15.7759 15.0187 23.9687 14.0284 24.6973 12.015 10.4197 8.27175 3.30775
threshold=115.92804458803582 9.5000000000000018 85.095604044889214 54.765970400539324 7.5000000000000009 1.5000000000000002 34.776710398481455 1.5000000000000002 110.15304053794937 17.259531184192323 76.503004436418067 52.700574438877716 3.5000000000000004 3.5000000000000004 3.5000000000000004 2.5000000000000004 40.423354097979463 72.666811359776844 3.5000000000000004 35.508412870294862 8.5000000000000018 78.823363010840197 5.5000000000000009 63.86752382744546
decision_type=2 2 2 2 2 2 2 2 2 2 2 2 2 2 2 2 2 2 2 2 2 2 2 2
left_child=1 4 3 -3 5 6 -1 -6 14 -8 20 13 -13 -11 15 -7 -17 23 19 -16 -9 -21 -20 -18
right_child=-2 2 -4 -5 7 8 9 10 -10 11 -12 12 -14 -15 18 16 17 -19 22 21 -22 -23 -24 -25
leaf_value=0.031611364620641388 -0.042770722985733305 0.053177512469499012 0.062634575096043685 -0.042649311339482666 0.02194878702813929 0.035662136149817496 -0.078581581974313378 -0.042325481062843687 -0.042034130915999418 -0.026118638512811494 -0.072134754185200392 -0.0038364125622643366 -0.088259087735787042 0.030380015882352993 -0.027035081876441838 -0.034576298572210361 0.016542316023260357 -0.026180298997496722 0.025204443395137791 0.059506899321621114 0.0089762090519070626 0.010267633980228789 0.064146539121866228 0.044637673661451452
leaf_weight=29 32 23 22 24 33 29 21 21 20 28 23 27 22 24 25 32 20 32 25 22 25 21 30 22
leaf_count=29 32 23 22 24 33 29 21 21 20 28 23 27 22 24 25 32 20 32 25 22 25 21 30 22
internal_value=-0.00190792 0.00027143 0.0228617 0.00424467 -0.00266403 0.000430344 -0.018417 -0.0156786 0.0106676 -0.030309 -0.0336743 -0.0202721 -0.0417405 -4.23365e-05 0.014753 0.00298419 -0.005956 0.00642035 0.0276699 0.0124838 -0.0144441 0.0354598 0.0464456 0.0312589
internal_weight=632 600 69 47 531 429 151 102 278 122 69 101 49 52 258 135 106 74 123 68 46 43 55 42
internal_count=632 600 69 47 531 429 151 102 278 122 69 101 49 52 258 135 106 74 123 68 46 43 55 42
is_linear=0
shrinkage=0.05


Tree=156
num_leaves=23
num_cat=0
split_feature=4 1 4 4 4 4 1 3 4 4 2 2 4 2 1 4 2 2 2 3 3 2
split_gain=20.3179 14.3634 18.444 38.9334 8.48374 24.9704 15.258 36.5127 34.7382 29.4931 24.3325 21.8114 16.2491 22.1654 19.8887 24.7742 15.8555 18.0442 13.1348 23.8158 11.1547 23.5796
threshold=115.92804458803582 9.5000000000000018 85.095604044889214 54.765970400539324 112.69468015694169 107.84884565209977 6.5000000000000009 1.5000000000000002 34.776710398481455 35.315481953670691 52.700574438877716 30.669305870822438 79.925771667704566 50.337242211244487 3.5000000000000004 48.055974890801885 34.68321172039493 17.700403039495519 81.578188175571071 2.5000000000000004 4.5000000000000009 49.910715001880916
decision_type=2 2 2 2 2 2 2 2 2 2 2 2 2 2 2 2 2 2 2 2 2 2
left_child=1 4 3 -3 5 6 7 8 -1 -8 11 -10 14 -14 20 -16 17 -11 19 -18 21 -9
right_child=-2 2 -4 -5 -6 -7 9 12 10 16 -12 -13 13 -15 15 -17 18 -19 -20 -21 -22 -23
leaf_value=0.032002958848274185 -0.040632186713628476 0.050518636081529705 0.059502842954613944 -0.040516846716248743 0.027868487347256055 -0.048096581970651947 -0.066618896178577261 -0.05405176388858645 -0.040706813064488499 0.0025127894499085168 -0.066052230368509435 0.018729463258180128 0.067736396240070468 0.010161131386246001 0.060956527286719887 -0.001760365953668952 0.058901253202930097 -0.06228370425247011 -0.026091780662536625 -0.0065589394646160537 0.022362665493379941 0.0085348715183927726
leaf_weight=28 32 23 22 24 22 30 23 27 33 22 33 29 32 35 31 32 24 21 20 33 22 34
leaf_count=28 32 23 22 24 22 30 23 27 33 22 33 29 32 35 31 32 24 21 20 33 22 34
internal_value=-0.00181252 0.000257858 0.0217187 0.00403243 -0.00253083 -0.00384475 -0.00107324 0.00474845 -0.0169416 -0.0147522 -0.0313673 -0.012906 0.0172737 0.0376598 0.00791841 0.0291003 -0.00481106 -0.029132 0.00877077 0.0210032 -0.00815944 -0.0191674
internal_weight=632 600 69 47 531 509 479 336 123 143 95 62 213 67 146 63 120 43 77 57 83 61
internal_count=632 600 69 47 531 509 479 336 123 143 95 62 213 67 146 63 120 43 77 57 83 61
is_linear=0
shrinkage=0.05


Tree=157
num_leaves=25
num_cat=0
split_feature=4 1 4 4 4 4 3 1 4 2 2 2 1 2 4 3 2 2 2 2 4 1 4 4
split_gain=18.3369 12.963 16.6457 35.1374 7.65657 22.5358 13.8998 40.4789 18.0838 25.0782 17.6252 29.3086 31.3231 29.8079 16.1615 12.8438 17.7827 18.5411 13.8516 7.473 6.76378 4.17567 3.13539 0.43028
threshold=115.92804458803582 9.5000000000000018 85.095604044889214 54.765970400539324 112.69468015694169 107.84884565209977 1.5000000000000002 7.5000000000000009 79.925771667704566 50.337242211244487 17.259531184192323 54.759375183430166 4.5000000000000009 78.823363010840197 73.275562701618142 4.5000000000000009 49.910715001880916 27.816567812221415 71.936959959001442 79.073513410515659 48.396126324933377 3.5000000000000004 51.180770608278614 63.092506070434204
decision_type=2 2 2 2 2 2 2 2 2 2 2 2 2 2 2 2 2 2 2 2 2 2 2 2
left_child=1 4 3 -3 5 6 10 8 15 -10 -1 12 23 -13 20 16 17 -8 -18 -11 -9 -20 -17 -12
right_child=-2 2 -4 -5 -6 -7 7 14 9 19 11 13 -14 -15 -16 22 18 -19 21 -21 -22 -23 -24 -25
leaf_value=-0.046024972246959811 -0.038600577320903544 0.047992705262225606 0.056527701900763949 -0.038491004080666857 0.026475064253265207 -0.045691751490036653 0.0011407846952543447 -0.031173338676276415 0.06493326402786706 -0.014130378628615291 -0.0051695886112394784 -0.066778162738372546 0.057332387194037437 0.0017694740210260664 -0.066194221678943871 0.044097690805792816 0.043404664720098185 -0.05365525806465974 -0.019099744530394674 0.028575225387300764 0.0085842633247375493 0.013209984153509142 0.016100406646728516 -0.015291225856968335
leaf_weight=32 32 23 22 24 22 30 38 23 36 20 21 29 29 35 21 20 27 26 20 21 20 20 20 21
leaf_count=32 32 23 22 24 22 30 38 23 36 20 21 29 29 35 21 20 27 26 20 21 20 20 20 21
internal_value=-0.0017219 0.000244966 0.0206327 0.00383081 -0.00240429 -0.00365251 -0.00101958 0.00521184 0.0143608 0.0344814 -0.0126615 -0.00475313 0.0173657 -0.0292912 -0.0302403 0.00530062 -0.00227142 -0.0211201 0.0157333 0.00774322 -0.0126814 -0.00294488 0.030099 -0.0102304
internal_weight=632 600 69 47 531 509 479 312 248 77 167 135 71 64 64 171 131 64 67 41 43 40 40 42
internal_count=632 600 69 47 531 509 479 312 248 77 167 135 71 64 64 171 131 64 67 41 43 40 40 42
is_linear=0
shrinkage=0.05


Tree=158
num_leaves=23
num_cat=0
split_feature=4 2 2 2 2 2 2 1 2 4 4 3 0 4 4 2 4 1 1 3 4 4
split_gain=16.5491 11.7079 20.8528 23.0108 26.6392 28.8609 22.8114 22.756 57.8221 17.1814 16.8326 29.1379 28.8754 28.0383 23.7856 21.9773 21.2049 45.8655 22.2749 21.9038 9.48295 4.55621
threshold=115.92804458803582 94.042644413200421 80.857895725743703 72.96145656756191 65.331960151077951 61.177774893426431 57.118920768949501 3.5000000000000004 87.027262753816288 80.269785847446443 36.457190489605374 2.5000000000000004 1.0000000180025095e-35 76.952205787060493 82.601101732715662 32.619737960274342 69.774496367143371 4.5000000000000009 8.5000000000000018 1.5000000000000002 101.5244439448801 98.47611694412295
decision_type=2 2 2 2 2 2 2 2 2 2 2 2 2 2 2 2 2 2 2 2 2 2
left_child=1 2 3 4 5 6 10 -4 -9 -6 11 -1 13 16 -15 20 17 19 -19 -12 -16 -17
right_child=-2 -3 7 -5 9 -7 -8 8 -10 -11 12 -13 -14 14 15 21 -18 18 -20 -21 -22 -23
leaf_value=0.054106025639339354 -0.036670548981055616 -0.02701234191253379 0.055929581629378458 -0.040323701185277769 0.010040733921859 -0.051951468097312117 0.046815618671476843 0.061892835441089811 -0.052861643744551615 0.070342303586325469 -0.082670227907921959 -0.01509138502437493 -0.061445671449536866 0.060524774275042798 0.0043119327990072112 -0.0090709783459225531 -0.064369592612439949 0.04488160299027668 -0.015948920765960658 -0.013665130313323892 0.042287028821245319 -0.040814049262553456
leaf_weight=32 32 37 35 36 27 28 25 21 23 21 23 29 23 22 35 26 22 34 27 23 31 20
leaf_count=32 32 37 35 36 27 28 25 21 23 21 23 29 23 22 35 26 22 34 27 23 31 20
internal_value=-0.0016358 0.000232717 0.00202325 -0.00186442 0.00122606 -0.00299754 0.000687167 0.0258414 0.00190754 0.0364227 -0.00263621 0.0212089 -0.00772205 -0.00302379 0.0129943 0.00365794 -0.0196627 -0.0104707 0.0179566 -0.0481677 0.0221487 -0.0228723
internal_weight=632 600 563 484 448 400 372 79 44 48 347 61 286 263 134 112 129 107 61 46 66 46
internal_count=632 600 563 484 448 400 372 79 44 48 347 61 286 263 134 112 129 107 61 46 66 46
is_linear=0
shrinkage=0.05


Tree=159
num_leaves=25
num_cat=0
split_feature=4 1 4 4 4 4 1 4 2 4 4 4 2 2 2 3 1 2 1 3 2 1 3 2
split_gain=14.9355 11.5639 15.2316 31.4692 7.033 22.6253 19.5772 16.156 13.2172 18.6447 16.3257 18.1654 12.2773 12.1149 24.1614 13.5749 11.8497 10.6337 10.1053 36.8063 7.48761 7.24757 6.03476 2.52327
threshold=115.92804458803582 9.5000000000000018 85.095604044889214 54.765970400539324 24.492850020957547 34.776710398481455 5.5000000000000009 39.061425469253095 30.669305870822438 55.224570756319338 57.926355046149283 49.458954613497916 43.476576154726231 75.18798329894544 64.778549173587678 2.5000000000000004 4.5000000000000009 12.594375796224558 3.5000000000000004 2.5000000000000004 19.131485476827034 3.5000000000000004 2.5000000000000004 6.6119816172065251
decision_type=2 2 2 2 2 2 2 2 2 2 2 2 2 2 2 2 2 2 2 2 2 2 2 2
left_child=1 4 3 -3 6 12 -1 -7 9 -9 11 16 -6 14 18 21 -10 23 22 -20 -19 -15 -12 -11
right_child=-2 2 -4 -5 5 7 -8 8 10 17 13 -13 -14 15 -16 -17 -18 20 19 -21 -22 -23 -24 -25
leaf_value=0.0097752671274873946 -0.034837020817212759 0.045198004142097806 0.053813737766309225 -0.036647024003711219 0.063315527979284525 -0.045425423014570365 -0.05162844437360764 -0.051526877477213184 -0.020403954257135808 0.0012114210426807405 -0.041686666332481602 0.054846834614872934 0.0079140308499336242 -0.015650950446724893 0.04517355405034558 0.0057919480372220283 0.031545031283582957 -0.035051980265416206 0.046025064948105043 -0.033060512957828386 -0.00084761555772274735 -0.057238617505539546 -0.0050571625161430107 0.025494689097547013
leaf_weight=27 32 23 22 24 20 22 25 27 23 20 22 30 20 20 31 32 21 32 31 28 32 22 23 23
leaf_count=27 32 23 22 24 20 22 25 27 23 20 22 30 20 20 31 32 21 32 31 28 32 22 23 23
internal_value=-0.00155401 0.000221082 0.0194772 0.0034048 -0.00228113 -0.000385177 -0.0197457 -0.00366536 -0.00146219 -0.0143986 0.00466316 0.0248454 0.0356148 -0.0024827 0.00642994 -0.0187422 0.00438988 -0.00502973 -0.00511864 0.00849293 -0.0179498 -0.037435 -0.0229649 0.0142001
internal_weight=632 600 69 47 531 479 52 439 417 134 283 74 40 209 135 74 44 107 104 59 64 42 45 43
internal_count=632 600 69 47 531 479 52 439 417 134 283 74 40 209 135 74 44 107 104 59 64 42 45 43
is_linear=0
shrinkage=0.05


Tree=160
num_leaves=24
num_cat=0
split_feature=2 2 2 3 4 1 4 4 2 4 3 4 2 4 4 2 2 2 1 2 1 4 4
split_gain=14.0882 27.5807 23.4522 21.4507 28.0064 35.0804 22.5058 30.7904 21.3402 16.3141 13.7231 17.0086 13.4344 16.2533 12.2117 9.48535 26.6309 10.6659 18.0415 12.9785 14.7722 11.5748 5.50903
threshold=60.72037319259703 63.206649586084403 57.118920768949501 2.5000000000000004 64.682918988897953 3.5000000000000004 73.275562701618142 102.35035222783536 49.910715001880916 34.776710398481455 1.0000000180025095e-35 72.305263687084462 5.5189014301631714 24.492850020957547 105.70301366438535 44.730705003889057 38.854903527318207 9.2285953859775525 2.5000000000000004 19.131485476827034 5.5000000000000009 71.930075268508816 71.647964778116645
decision_type=2 2 2 2 2 2 2 2 2 2 2 2 2 2 2 2 2 2 2 2 2 2 2
left_child=2 -2 8 6 5 -5 9 -8 10 -3 11 -1 -12 -14 -6 16 17 -15 -19 20 -20 -21 -10
right_child=1 3 -4 4 14 -7 7 -9 22 -11 12 -13 13 15 -16 -17 -18 18 19 21 -22 -23 -24
leaf_value=0.010530390893971479 -0.060257983331102882 -0.0016840505329045385 0.060426826710286353 -0.0056129377157915208 -0.028918595189849534 0.078646249920129779 0.045774679178638117 -0.029059223471968262 -0.042402000217275193 -0.056335630102290049 -0.023799177721656604 0.069755989888852288 0.055384153351187709 0.035279056972459609 0.020794695724422732 -0.024534014016389848 0.054944385911027599 -0.035133104615153808 0.020100665017962455 0.0020037849744160971 -0.037056483672215389 0.044551762848371465 -0.0061438312660902737
leaf_weight=27 20 22 23 21 30 30 28 27 22 36 29 22 20 23 21 20 30 31 20 33 26 31 20
leaf_count=27 20 22 23 21 30 30 28 27 22 36 29 22 20 23 21 20 30 31 20 33 26 31 20
internal_value=0.00551261 -0.00409597 0.0115021 0.0011284 0.0177514 0.0439513 -0.0138765 0.00903804 0.00832332 -0.0356057 0.0128275 0.0371215 0.00830123 0.0122795 -0.00844842 0.00825102 0.0116309 0.00370772 -0.00144221 0.00805249 -0.0122055 0.022613 -0.0251362
internal_weight=612 235 377 215 102 51 113 55 354 58 312 49 263 234 51 214 194 164 141 110 46 64 42
internal_count=612 235 377 215 102 51 113 55 354 58 312 49 263 234 51 214 194 164 141 110 46 64 42
is_linear=0
shrinkage=0.05


Tree=161
num_leaves=23
num_cat=0
split_feature=2 2 2 3 4 1 4 4 2 4 3 4 4 4 2 3 2 2 1 3 4 4
split_gain=12.7146 24.8916 21.1656 19.3592 25.2758 31.6601 20.3114 27.7884 19.2595 14.7235 12.3851 15.3503 12.9031 31.0142 28.9151 23.5278 26.0383 22.2573 11.3742 11.6153 11.021 4.9719
threshold=60.72037319259703 63.206649586084403 57.118920768949501 2.5000000000000004 64.682918988897953 3.5000000000000004 73.275562701618142 102.35035222783536 49.910715001880916 34.776710398481455 1.0000000180025095e-35 72.305263687084462 86.913750580069703 73.275562701618142 12.053335014544595 2.5000000000000004 26.419546490722844 25.012730853472672 6.5000000000000009 3.5000000000000004 105.70301366438535 71.647964778116645
decision_type=2 2 2 2 2 2 2 2 2 2 2 2 2 2 2 2 2 2 2 2 2 2
left_child=2 -2 8 6 5 -5 9 -8 10 -3 11 -1 13 14 -12 16 -16 -17 19 -14 -6 -10
right_child=1 3 -4 4 20 -7 7 -9 21 -11 12 -13 18 -15 15 17 -18 -19 -20 -21 -22 -23
leaf_value=0.010003871194742345 -0.057245085295289759 -0.0015998479994860561 0.057405483819868257 -0.0053322926518462955 -0.027472666477163635 0.07471393827659388 0.043485945250306815 -0.027606262790936011 -0.040281898325139828 -0.053518848410911035 -0.033762975026454249 0.066268190030347215 -0.045577694489448158 0.060947980923998751 -0.0031738884747028353 0.039304741322994233 0.068724364217589887 -0.025571399205961288 0.014592013779717188 0.0022283499439557392 0.019754959456622603 -0.0058366408105939632
leaf_weight=27 20 22 23 21 30 30 28 27 22 36 35 22 27 31 20 20 34 39 33 24 21 20
leaf_count=27 20 22 23 21 30 30 28 27 22 36 35 22 27 31 20 20 34 39 33 24 21 20
internal_value=0.00523698 -0.00389117 0.0109269 0.00107198 0.0168639 0.0417537 -0.0131826 0.00858613 0.00790716 -0.0338254 0.0121861 0.0352654 0.00788617 0.0154729 0.00594768 0.0182474 0.0420954 -0.00357949 -0.00828072 -0.0230807 -0.008026 -0.0238794
internal_weight=612 235 377 215 102 51 113 55 354 58 312 49 263 179 148 113 54 59 84 51 51 42
internal_count=612 235 377 215 102 51 113 55 354 58 312 49 263 179 148 113 54 59 84 51 51 42
is_linear=0
shrinkage=0.05


Tree=162
num_leaves=24
num_cat=0
split_feature=2 2 2 3 4 1 2 4 2 3 4 4 4 2 3 2 2 1 2 4 1 4 4
split_gain=11.475 22.4646 19.102 17.4717 22.8114 28.5732 19.3106 35.4175 17.3817 11.1776 13.8536 11.6451 27.9903 26.0959 21.2339 23.4995 20.0872 10.2652 11.1201 9.94649 8.99731 8.98649 4.48714
threshold=60.72037319259703 63.206649586084403 57.118920768949501 2.5000000000000004 64.682918988897953 3.5000000000000004 94.508251766134592 73.275562701618142 49.910715001880916 1.0000000180025095e-35 72.305263687084462 86.913750580069703 73.275562701618142 12.053335014544595 2.5000000000000004 26.419546490722844 25.012730853472672 6.5000000000000009 19.595475947031947 105.70301366438535 5.5000000000000009 35.881489737053279 71.647964778116645
decision_type=2 2 2 2 2 2 2 2 2 2 2 2 2 2 2 2 2 2 2 2 2 2 2
left_child=2 -2 8 6 5 -5 7 21 9 10 -1 12 13 -11 15 -15 -16 18 -13 -6 -9 -3 -10
right_child=1 3 -4 4 19 -7 -8 20 22 11 -12 17 -14 14 16 -17 -18 -19 -20 -21 -22 -23 -24
leaf_value=0.0095036771838311815 -0.054382831156253822 -0.0067525470256805421 0.054535209727676018 -0.0050656776697862718 -0.026099031654496993 0.070978241320699451 -0.055786103152093439 0.0091142193724711735 -0.038267804749987346 -0.032074825508253912 0.062954781746322463 -0.045736526012420654 0.057900583780100268 -0.0030151939392089842 0.037339504063129428 0.065288144788321331 -0.024292829479926673 0.013862413125620646 0.00096737091931012971 0.018767210903267065 0.054522199090570211 -0.050635073440415526 -0.0055448078922927385
leaf_weight=27 20 20 23 21 30 30 21 24 22 35 22 25 31 20 20 34 39 33 26 21 20 28 20
leaf_count=27 20 20 23 21 30 30 21 24 22 35 22 25 31 20 20 34 39 33 26 21 20 28 20
internal_value=0.00497513 -0.00369661 0.0103806 0.00101838 0.0160207 0.039666 -0.0125235 -0.00264835 0.0075118 0.0115768 0.0335021 0.00749186 0.0146992 0.0056503 0.0173351 0.0399906 -0.00340051 -0.00786669 -0.0219267 -0.0076247 0.0297542 -0.0323507 -0.0226854
internal_weight=612 235 377 215 102 51 113 92 354 312 49 263 179 148 113 54 59 84 51 51 44 48 42
internal_count=612 235 377 215 102 51 113 92 354 312 49 263 179 148 113 54 59 84 51 51 44 48 42
is_linear=0
shrinkage=0.05


Tree=163
num_leaves=25
num_cat=0
split_feature=2 2 2 3 4 1 2 4 2 3 4 2 4 2 2 4 2 2 3 4 1 1 4 3
split_gain=10.3562 20.2743 17.2395 15.7682 20.5873 25.7873 17.4278 31.9643 15.687 10.0877 12.5029 10.7686 14.1391 10.2189 28.4181 9.33618 12.882 24.9364 31.6185 8.97671 8.15926 8.12008 8.11031 4.05578
threshold=60.72037319259703 63.206649586084403 57.118920768949501 2.5000000000000004 64.682918988897953 3.5000000000000004 94.508251766134592 73.275562701618142 49.910715001880916 1.0000000180025095e-35 72.305263687084462 5.5189014301631714 30.626621042796064 38.854903527318207 43.697138466324944 107.51179479911654 12.053335014544595 21.404719712790371 2.5000000000000004 105.70301366438535 5.5000000000000009 5.5000000000000009 35.881489737053279 2.5000000000000004
decision_type=2 2 2 2 2 2 2 2 2 2 2 2 2 2 2 2 2 2 2 2 2 2 2 2
left_child=2 -2 8 6 5 -5 7 22 9 10 -1 -11 -13 15 -15 16 -14 20 -19 -6 -18 -9 -3 -10
right_child=1 3 -4 4 19 -7 -8 21 23 11 -12 12 13 14 -16 -17 17 18 -20 -21 -22 -23 -24 -25
leaf_value=0.0090284932542730265 -0.051663689054548746 -0.0064149200171232231 0.051808449723150421 -0.0048123936922777263 -0.02479408139983813 0.067429329976439481 -0.052996797504879178 0.0086585086459914848 -0.03708869847690776 -0.02162232231348753 0.059807042049413374 0.041558736236765981 -0.034972367512768714 0.064123660199887439 -0.014550005373629658 0.028366645611822606 0.054439627325960575 0.020152769366215018 -0.05193001187872142 0.017828848656444324 0.010363774782135375 0.051796087957918652 -0.048103319321359909 -0.0060136096285922196
leaf_weight=27 20 20 23 21 30 30 21 24 21 29 22 32 29 24 22 24 21 29 32 21 21 20 28 21
leaf_count=27 20 20 23 21 30 30 21 24 21 29 22 32 29 24 22 24 21 29 32 21 21 20 28 21
internal_value=0.00472638 -0.00351178 0.00986157 0.000967465 0.0152196 0.0376827 -0.0118973 -0.00251593 0.00713621 0.010998 0.031827 0.00711727 0.010679 0.00578718 0.0264971 -0.000319601 -0.00553528 0.00275283 -0.0176611 -0.00724346 0.0324017 0.0282665 -0.0307332 -0.0215512
internal_weight=612 235 377 215 102 51 113 92 354 312 49 263 234 202 46 156 132 103 61 51 42 44 48 42
internal_count=612 235 377 215 102 51 113 92 354 312 49 263 234 202 46 156 132 103 61 51 42 44 48 42
is_linear=0
shrinkage=0.05


Tree=164
num_leaves=24
num_cat=0
split_feature=2 2 2 3 4 1 2 4 2 3 4 4 4 2 3 2 2 2 2 4 1 4 4
split_gain=9.34643 18.2976 15.5587 14.2308 18.58 23.2731 15.7286 28.8478 14.1575 9.10419 11.2839 10.686 25.7019 21.7734 17.8447 21.429 17.6289 10.0584 17.9784 8.10148 7.32837 7.31955 4.04964
threshold=60.72037319259703 63.206649586084403 57.118920768949501 2.5000000000000004 64.682918988897953 3.5000000000000004 94.508251766134592 73.275562701618142 49.910715001880916 1.0000000180025095e-35 72.305263687084462 86.913750580069703 73.275562701618142 12.053335014544595 2.5000000000000004 26.419546490722844 25.012730853472672 31.834308673614835 19.131485476827034 105.70301366438535 5.5000000000000009 35.881489737053279 71.647964778116645
decision_type=2 2 2 2 2 2 2 2 2 2 2 2 2 2 2 2 2 2 2 2 2 2 2
left_child=2 -2 8 6 5 -5 7 21 9 10 -1 12 13 -11 15 -15 -16 18 -13 -6 -9 -3 -10
right_child=1 3 -4 4 19 -7 -8 20 22 11 -12 17 -14 14 16 -17 -18 -19 -20 -21 -22 -23 -24
leaf_value=0.0085770703024334368 -0.049080506246536974 -0.0060941746085882188 0.049218027836278731 -0.0045717742116678324 -0.02355437659348051 0.064057862286766368 -0.050346958140532173 0.0082255829746524494 -0.035276856696741153 -0.029464930780231952 0.056816689801317724 -0.017833572393359837 0.055063299954898892 -0.0046308876201510436 0.03482456974685192 0.060594050673877492 -0.022913360719879469 -0.035307879606261854 0.038962494209408761 0.01693740792217709 0.049206285253167156 -0.045698153440441404 -0.0041900102607905871
leaf_weight=27 20 20 23 21 30 30 21 24 22 35 22 38 31 20 20 34 39 24 22 21 20 28 20
leaf_count=27 20 20 23 21 30 30 21 24 22 35 22 38 31 20 20 34 39 24 22 21 20 28 20
internal_value=0.00449006 -0.00333619 0.00936849 0.000919091 0.0144587 0.0357986 -0.0113025 -0.00239013 0.0067794 0.0104481 0.0302357 0.00676141 0.0136656 0.00499444 0.0156677 0.0364367 -0.00334118 -0.00795107 0.00299165 -0.00688129 0.0268532 -0.0291965 -0.0204736
internal_weight=612 235 377 215 102 51 113 92 354 312 49 263 179 148 113 54 59 84 60 51 44 48 42
internal_count=612 235 377 215 102 51 113 92 354 312 49 263 179 148 113 54 59 84 60 51 44 48 42
is_linear=0
shrinkage=0.05


Tree=165
num_leaves=26
num_cat=0
split_feature=2 1 3 4 2 2 3 2 2 4 4 1 3 4 4 4 1 2 3 2 2 3 2 1 4
split_gain=29.5158 21.226 23.7672 15.6086 26.8926 38.3516 22.164 18.7654 32.5272 49.7167 26.4288 14.3759 19.4376 15.9516 45.0181 26.9845 24.2968 13.6474 11.6242 11.4654 10.8296 14.2717 9.56386 7.77044 4.38825
threshold=94.042644413200421 1.0000000180025095e-35 3.5000000000000004 42.373607841107464 74.952212857361573 49.586843411163876 1.5000000000000002 88.074774253848375 72.96145656756191 76.503004436418067 107.51179479911654 8.5000000000000018 1.5000000000000002 86.26432337282067 71.930075268508816 93.893694165866336 5.5000000000000009 32.26227240055411 3.5000000000000004 28.163372335161363 35.508412870294862 2.5000000000000004 31.410114847833103 3.5000000000000004 73.275562701618142
decision_type=2 2 2 2 2 2 2 2 2 2 2 2 2 2 2 2 2 2 2 2 2 2 2 2 2
left_child=1 2 -1 4 5 6 -3 8 10 -10 11 13 -13 14 20 -15 -17 -16 -8 -12 23 -22 -14 -5 -2
right_child=24 3 -4 7 -6 -7 18 -9 9 -11 19 12 22 15 17 16 -18 -19 -20 -21 21 -23 -24 -25 -26
leaf_value=0.0013383788211892048 -0.022751862704753878 0.070046887919306758 -0.064626120030879974 -0.043296402763752712 0.068528457501759898 -0.029482998585680854 -0.013993525505065919 0.04809702810916034 0.013790624082088471 -0.08496220209277594 0.0084422705428940908 -0.061729229092597961 -0.02735243868082762 -0.060618521818625072 0.085732756419615308 0.040408753503400549 -0.029356127957968665 0.030039989000016993 0.035839724451303484 0.055174382584435605 0.045442098677158357 -0.0090856742672622195 0.01992370230348214 -0.0016494063350061578 -0.055873805284500123
leaf_weight=36 20 26 22 21 26 37 22 22 25 26 21 20 20 21 22 26 24 22 25 35 20 30 23 24 20
leaf_count=36 20 26 22 21 26 37 22 22 25 26 21 20 20 21 22 26 24 22 25 35 20 30 23 24 20
internal_value=0.00226503 0.00505549 -0.0236826 0.00815365 0.0227958 0.0119862 0.0330049 0.0032001 0.000600802 -0.036554 0.00636035 -5.80026e-05 -0.0210062 0.00622645 0.0160753 -0.013055 0.00692161 0.0578864 0.0125135 0.0376498 -0.00328988 0.0127254 -0.0020652 -0.0210847 -0.0393128
internal_weight=636 596 58 538 136 110 73 402 380 51 329 273 63 210 139 71 50 44 47 56 95 50 43 45 40
internal_count=636 596 58 538 136 110 73 402 380 51 329 273 63 210 139 71 50 44 47 56 95 50 43 45 40
is_linear=0
shrinkage=0.05


Tree=166
num_leaves=26
num_cat=0
split_feature=2 1 3 4 1 2 2 4 4 2 3 1 3 4 4 4 1 2 1 2 2 2 1 4 4
split_gain=26.638 19.1565 21.4499 14.3932 24.504 24.3422 21.621 51.4733 24.2582 16.4321 29.0796 13.0502 24.1195 13.5425 41.3661 24.3535 21.9278 12.3168 12.1275 10.3475 9.19851 7.61987 5.47382 3.9604 1.96084
threshold=94.042644413200421 1.0000000180025095e-35 3.5000000000000004 38.169929626434637 8.5000000000000018 88.94904111034613 72.96145656756191 76.503004436418067 107.51179479911654 43.879218583063611 2.5000000000000004 8.5000000000000018 3.5000000000000004 86.26432337282067 71.930075268508816 93.893694165866336 5.5000000000000009 32.26227240055411 2.5000000000000004 28.163372335161363 29.605470158220275 49.586843411163876 4.5000000000000009 73.275562701618142 28.967390611155654
decision_type=2 2 2 2 2 2 2 2 2 2 2 2 2 2 2 2 2 2 2 2 2 2 2 2 2
left_child=1 2 -1 4 9 6 8 -8 11 24 -11 13 20 14 18 -15 -17 -16 -5 -10 -13 22 -20 -2 -3
right_child=23 3 -4 5 -6 -7 7 -9 19 10 -12 12 -14 15 17 16 -18 -19 21 -21 -22 -23 -24 -25 -26
leaf_value=0.0012714614470799765 -0.021614269800484184 0.044537288695573808 -0.06139481551257301 -0.036510948446534928 0.06977513743483503 0.057457106858491903 0.020752770400473051 -0.074290316628998723 0.0080201561252276118 -0.054186884611845024 0.026701305722817783 -0.064612970293965191 0.025531738176054898 -0.057587596312874849 0.081446117094971918 0.038388317638936527 -0.027888321331314123 0.028537989475510339 -0.0033042466491460805 0.052415664153439658 -0.020215794231210435 -0.017139357758256105 0.026666873903610767 -0.053080113977193838 0.02290567271411419
leaf_weight=36 20 22 22 21 23 20 28 29 21 20 25 20 21 21 22 26 24 22 25 35 28 26 39 20 20
leaf_count=36 20 22 22 21 23 20 28 29 21 20 25 20 21 21 22 26 24 22 25 35 28 26 39 20 20
internal_value=0.00215177 0.00480271 -0.0224985 0.00774597 0.0238778 0.00359994 0.000959879 -0.0276025 0.00559821 0.011744 -0.009249 -0.00012881 -0.0191614 0.00568202 0.0139658 -0.0124023 0.00657553 0.0549921 -0.00229686 0.0357673 -0.0387146 0.00568643 0.0149594 -0.0373472 0.0342365
internal_weight=636 596 58 538 110 428 408 57 351 87 45 295 69 226 155 71 50 44 111 56 48 90 64 40 42
internal_count=636 596 58 538 110 428 408 57 351 87 45 295 69 226 155 71 50 44 111 56 48 90 64 40 42
is_linear=0
shrinkage=0.05


Tree=167
num_leaves=25
num_cat=0
split_feature=2 1 4 4 1 2 2 4 4 2 3 2 2 3 2 2 2 3 1 3 2 4 4 4
split_gain=24.0408 17.2887 21.0034 12.9899 22.1148 21.9955 23.2508 44.6913 21.893 14.8299 26.2443 13.3994 24.0682 32.6571 23.6334 29.6063 13.8749 9.56752 8.84944 21.3857 19.7445 12.346 3.57426 1.76965
threshold=94.042644413200421 1.0000000180025095e-35 91.020320093776277 38.169929626434637 8.5000000000000018 88.074774253848375 72.96145656756191 76.503004436418067 107.51179479911654 43.879218583063611 2.5000000000000004 8.8258383922702865 20.89637059634428 2.5000000000000004 29.097902272483307 32.619737960274342 41.335204950233511 2.5000000000000004 5.5000000000000009 3.5000000000000004 55.683659238934645 80.269785847446443 73.275562701618142 28.967390611155654
decision_type=2 2 2 2 2 2 2 2 2 2 2 2 2 2 2 2 2 2 2 2 2 2 2 2
left_child=1 2 -1 4 9 6 8 -8 11 23 -11 -5 13 -13 -14 -16 -17 -10 21 20 -20 -18 -2 -3
right_child=22 3 -4 5 -6 -7 7 -9 17 10 -12 12 14 -15 15 16 18 -19 19 -21 -22 -23 -24 -25
leaf_value=0.0021476916399680904 -0.020533557422459128 0.042310424047437588 -0.059862932918423963 -0.028704850417044427 0.066286382079124448 0.049924995563924317 0.014844429051434552 -0.076999576303821357 0.05464589628390968 -0.051477539613842965 0.025366239752620458 -0.0019660981123646101 -0.049601765364408495 0.075410472065210343 0.059631217904388904 -0.031272131716219807 -0.00010892943563786422 0.01331206655928067 0.0077742567374592736 0.031969670087776403 -0.057990449056029326 0.04967604952864349 -0.050426109284162524 0.021760387942194939
leaf_weight=36 20 22 22 36 23 24 27 26 28 20 25 30 25 25 20 38 33 28 21 22 25 20 20 20
leaf_count=36 20 22 22 36 23 24 27 26 28 20 25 30 25 25 20 38 33 28 21 22 25 20 20 20
internal_value=0.00204419 0.00456258 -0.0213736 0.00735867 0.0226839 0.00341994 0.000657263 -0.0302111 0.0053183 0.0111568 -0.00878655 -0.000122371 0.00385048 0.0332051 -0.00406374 0.00229632 -0.00491562 0.033979 0.00336163 -0.00857602 -0.0279674 0.0186779 -0.0354798 0.0325247
internal_weight=636 596 58 538 110 428 404 53 351 87 45 295 259 55 204 179 159 56 121 68 46 53 40 42
internal_count=636 596 58 538 110 428 404 53 351 87 45 295 259 55 204 179 159 56 121 68 46 53 40 42
is_linear=0
shrinkage=0.05


Tree=168
num_leaves=24
num_cat=0
split_feature=2 1 3 4 2 1 2 4 4 4 1 2 2 3 2 2 2 2 2 1 1 2 4
split_gain=21.6969 15.6031 19.2619 11.7234 20.0174 19.9586 17.7067 42.4315 19.7585 14.7819 24.0417 12.0929 21.7216 29.473 21.4032 19.2206 12.6143 11.9717 20.1957 19.301 33.4816 9.37356 3.22577
threshold=94.042644413200421 1.0000000180025095e-35 3.5000000000000004 38.169929626434637 88.94904111034613 8.5000000000000018 72.96145656756191 76.503004436418067 107.51179479911654 33.153889474437186 5.5000000000000009 8.8258383922702865 20.89637059634428 2.5000000000000004 27.330703878507588 32.619737960274342 64.162078339054545 54.759375183430166 48.080008712675145 7.5000000000000009 4.5000000000000009 28.163372335161363 73.275562701618142
decision_type=2 2 2 2 2 2 2 2 2 2 2 2 2 2 2 2 2 2 2 2 2 2 2
left_child=1 2 -1 5 6 9 8 -8 11 10 -3 -5 13 -13 -14 -16 17 18 19 20 -17 -10 -2
right_child=22 3 -4 4 -6 -7 7 -9 21 -11 -12 12 14 -15 15 16 -18 -19 -20 -21 -22 -23 -24
leaf_value=0.002220140552769105 -0.019506879374384882 0.022255729359427566 -0.057164059714837512 -0.027269604636563194 0.052088005095720293 0.062972060105075015 0.01891026527487806 -0.067382329175698349 0.0058709941804409027 0.043055423863232134 -0.041666381115404272 -0.0018677941585580509 -0.051669646107724732 0.071639949209988119 0.043333906315577528 -0.03909425616941669 0.02394739758343466 -0.038085808840696705 0.032966605627111033 -0.051344709298931639 0.050292154736816891 0.048125456067999561 -0.047904801666736607
leaf_weight=36 20 38 22 36 20 23 28 29 21 25 24 30 21 25 24 22 31 32 28 26 20 35 20
leaf_count=36 20 38 22 36 20 23 28 29 21 25 24 30 21 25 24 22 31 32 28 26 20 35 20
internal_value=0.00194198 0.00433445 -0.0203049 0.00699073 0.00324894 0.0215497 0.000854871 -0.024993 0.00505239 0.010599 -0.00248831 -0.000116252 0.00365796 0.0315448 -0.00386056 0.00162573 -0.00466984 -0.0116006 -0.00277217 -0.0174881 0.0034707 0.03228 -0.0337058
internal_weight=636 596 58 538 428 110 408 57 351 87 62 295 259 55 204 183 159 128 96 68 42 56 40
internal_count=636 596 58 538 428 110 408 57 351 87 62 295 259 55 204 183 159 128 96 68 42 56 40
is_linear=0
shrinkage=0.05


end of trees

feature_importances:
acceptance_rate=1409
time_consistency_std_dev=1367
severity_level=614
time_difference=483
is_vip=109

parameters:
[boosting: gbdt]
[objective: regression]
[metric: rmse]
[tree_learner: serial]
[device_type: cpu]
[data_sample_strategy: bagging]
[data: ]
[valid: ]
[num_iterations: 1000]
[learning_rate: 0.05]
[num_leaves: 31]
[num_threads: 10]
[seed: 42]
[deterministic: 0]
[force_col_wise: 0]
[force_row_wise: 0]
[histogram_pool_size: -1]
[max_depth: -1]
[min_data_in_leaf: 20]
[min_sum_hessian_in_leaf: 0.001]
[bagging_fraction: 0.8]
[pos_bagging_fraction: 1]
[neg_bagging_fraction: 1]
[bagging_freq: 5]
[bagging_seed: 400]
[bagging_by_query: 0]
[feature_fraction: 0.9]
[feature_fraction_bynode: 1]
[feature_fraction_seed: 30056]
[extra_trees: 0]
[extra_seed: 12879]
[early_stopping_round: 0]
[early_stopping_min_delta: 0]
[first_metric_only: 0]
[max_delta_step: 0]
[lambda_l1: 0]
[lambda_l2: 0]
[linear_lambda: 0]
[min_gain_to_split: 0]
[drop_rate: 0.1]
[max_drop: 50]
[skip_drop: 0.5]
[xgboost_dart_mode: 0]
[uniform_drop: 0]
[drop_seed: 17869]
[top_rate: 0.2]
[other_rate: 0.1]
[min_data_per_group: 100]
[max_cat_threshold: 32]
[cat_l2: 10]
[cat_smooth: 10]
[max_cat_to_onehot: 4]
[top_k: 20]
[monotone_constraints: ]
[monotone_constraints_method: basic]
[monotone_penalty: 0]
[feature_contri: ]
[forcedsplits_filename: ]
[refit_decay_rate: 0.9]
[cegb_tradeoff: 1]
[cegb_penalty_split: 0]
[cegb_penalty_feature_lazy: ]
[cegb_penalty_feature_coupled: ]
[path_smooth: 0]
[interaction_constraints: ]
[verbosity: -1]
[saved_feature_importance_type: 0]
[use_quantized_grad: 0]
[num_grad_quant_bins: 4]
[quant_train_renew_leaf: 0]
[stochastic_rounding: 1]
[linear_tree: 0]
[max_bin: 255]
[max_bin_by_feature: ]
[min_data_in_bin: 3]
[bin_construct_sample_cnt: 200000]
[data_random_seed: 175]
[is_enable_sparse: 1]
[enable_bundle: 1]
[use_missing: 1]
[zero_as_missing: 0]
[feature_pre_filter: 1]
[pre_partition: 0]
[two_round: 0]
[header: 0]
[label_column: ]
[weight_column: ]
[group_column: ]
[ignore_column: ]
[categorical_feature: ]
[forcedbins_filename: ]
[precise_float_parser: 0]
[parser_config_file: ]
[objective_seed: 16083]
[num_class: 1]
[is_unbalance: 0]
[scale_pos_weight: 1]
[sigmoid: 1]
[boost_from_average: 1]
[reg_sqrt: 0]
[alpha: 0.9]
[fair_c: 1]
[poisson_max_delta_step: 0.7]
[tweedie_variance_power: 1.5]
[lambdarank_truncation_level: 30]
[lambdarank_norm: 1]
[label_gain: ]
[lambdarank_position_bias_regularization: 0]
[eval_at: ]
[multi_error_top_k: 1]
[auc_mu_weights: ]
[num_machines: 1]
[local_listen_port: 12400]
[time_out: 120]
[machine_list_filename: ]
[machines: ]
[gpu_platform_id: -1]
[gpu_device_id: -1]
[gpu_use_dp: 0]
[num_gpu: 1]

end of parameters

pandas_categorical:[]
